date,revenue,total_orders,year,month,quarter,day,day_of_week,day_of_year,week_of_year,is_weekend,is_month_start,is_month_end,month_sin,month_cos,day_of_week_sin,day_of_week_cos,day_of_year_sin,day_of_year_cos,lag_1,lag_2,lag_3,lag_7,lag_14,lag_21,lag_28,lag_30,lag_60,orders_lag_1,orders_lag_7,orders_lag_14,orders_lag_30,rolling_mean_3,rolling_std_3,rolling_min_3,rolling_max_3,rolling_mean_7,rolling_std_7,rolling_min_7,rolling_max_7,rolling_mean_14,rolling_std_14,rolling_min_14,rolling_max_14,rolling_mean_30,rolling_std_30,rolling_min_30,rolling_max_30,rolling_mean_60,rolling_std_60,rolling_min_60,rolling_max_60,orders_rolling_mean_7,orders_rolling_mean_14,orders_rolling_mean_30,trend,trend_squared,growth_7,growth_30,revenue_vs_avg_7,revenue_vs_avg_30
2024-01-30,258132.0,5.0,2024,1,1,30,1,30,5,0,0,0,0.49999999999999994,0.8660254037844387,0.7818314824680298,0.6234898018587336,0.49377555015997715,0.869589389346611,721913.0,652299.0,949517.0,637037.0,2199497.0,502481.0,1236547.0,127568.0,380269.0,12.0,9.0,12.0,2.0,774576.3333333334,155450.00768521443,652299.0,949517.0,682667.4285714285,264568.08254893345,152720.0,949517.0,671576.7857142857,510212.82994334545,152720.0,2199497.0,790313.6,607330.9729995038,127568.0,2328868.0,790532.75,550242.3533460975,127568.0,2328868.0,11.571428571428571,10.428571428571429,11.8,60,3600,-0.5947927671391143,1.0234855136084284,1.0574885658609756,0.9134513185651874
2024-01-31,652509.0,10.0,2024,1,1,31,2,31,5,0,0,1,0.49999999999999994,0.8660254037844387,0.9749279121818236,-0.22252093395631434,0.5086709438521044,0.8609610158889943,258132.0,721913.0,652299.0,152720.0,738053.0,781036.0,2328868.0,2057207.0,538330.0,5.0,5.0,14.0,46.0,544114.6666666666,250102.16207448687,258132.0,721913.0,628538.1428571428,310272.987039601,152720.0,949517.0,532907.8571428572,270514.0575047271,152720.0,949517.0,794665.7333333333,602869.3947109098,152720.0,2328868.0,788497.1333333333,552008.9318157712,127568.0,2328868.0,11.0,9.928571428571429,11.9,61,3721,3.272583813514929,-0.6828180149105073,0.4106862931605242,0.3248309184255754
2024-02-01,263744.0,7.0,2024,2,1,1,3,32,5,0,1,0,0.8660254037844386,0.5000000000000001,0.43388373911755823,-0.900968867902419,0.5234156073655503,0.8520775211013093,652509.0,258132.0,721913.0,736612.0,340345.0,787934.0,2017929.0,1236547.0,1818819.0,10.0,22.0,9.0,11.0,544184.6666666666,250147.60619348907,258132.0,721913.0,699936.5714285715,229529.7753457837,258132.0,949517.0,526797.5714285715,266459.59781109187,152720.0,949517.0,747842.4666666667,553998.6070892941,152720.0,2328868.0,790400.1166666667,551328.2833385387,127568.0,2328868.0,11.714285714285714,9.642857142857142,10.7,62,3844,-0.6419499003545964,-0.7867092799545832,0.9322401866618117,0.8725219937140059
2024-02-02,1905417.0,55.0,2024,2,1,2,4,33,5,0,0,0,0.8660254037844386,0.5000000000000001,-0.433883739117558,-0.9009688679024191,0.5380051715382996,0.8429415373547828,263744.0,652509.0,258132.0,928574.0,391992.0,587436.0,338158.0,2328868.0,844485.0,7.0,10.0,10.0,15.0,391461.6666666667,226091.03546211793,258132.0,652509.0,632384.0,280796.1685351141,258132.0,949517.0,521326.0714285714,271324.7872272603,152720.0,949517.0,715415.7,552876.2906986517,152720.0,2328868.0,764482.2,538567.2557011971,127568.0,2328868.0,9.571428571428571,9.5,10.566666666666666,63,3969,1.0519818560502447,-0.181826964860181,0.4170630502985528,0.3686583898005034
2024-02-03,597997.0,11.0,2024,2,1,3,5,34,5,1,0,0,0.8660254037844386,0.5000000000000001,-0.9749279121818236,-0.2225209339563146,0.5524353131676196,0.8335557718385699,1905417.0,263744.0,652509.0,949517.0,289441.0,227774.0,402099.0,2017929.0,780644.0,55.0,15.0,7.0,21.0,940556.6666666666,857905.0958214046,263744.0,1905417.0,771933.0,558218.2919441105,258132.0,1905417.0,629427.8571428572,455090.8002051492,152720.0,1905417.0,701300.6666666666,514325.51534562255,152720.0,2199497.0,782164.4,558293.3862686917,127568.0,2328868.0,16.0,12.714285714285714,11.9,64,4096,-0.3702092748207773,-0.7036580573449314,2.468370959655825,2.7169758857589374
2024-02-04,542361.0,11.0,2024,2,1,4,6,35,5,1,0,0,0.8660254037844386,0.5000000000000001,-0.7818314824680299,0.6234898018587334,0.5667017562911176,0.8239230057575542,597997.0,1905417.0,263744.0,652299.0,505013.0,378582.0,914841.0,338158.0,1555317.0,11.0,8.0,8.0,11.0,922386.0,867579.2339740504,263744.0,1905417.0,721715.8571428572,555384.4454893172,258132.0,1905417.0,651467.5714285715,444712.1474597519,152720.0,1905417.0,653969.6,450338.79658530804,152720.0,2199497.0,779120.2833333333,558799.5323627398,127568.0,2328868.0,15.428571428571429,13.0,11.566666666666666,65,4225,-0.16853927416721473,0.6038686057996557,0.8285767786333007,0.9144110062608415
2024-02-05,1029040.0,8.0,2024,2,1,5,0,36,6,0,0,0,0.8660254037844386,0.5000000000000001,0.0,1.0,0.5808002734538009,0.8140460935082178,542361.0,597997.0,1905417.0,721913.0,159062.0,719588.0,899285.0,402099.0,588878.0,11.0,12.0,5.0,9.0,1015258.3333333334,771401.7630297026,542361.0,1905417.0,706010.4285714285,559215.8401231309,258132.0,1905417.0,654135.2857142857,443877.2605748699,152720.0,1905417.0,660776.3666666667,446931.1244596777,152720.0,2199497.0,762237.6833333333,550186.8774823816,127568.0,2328868.0,15.857142857142858,13.214285714285714,11.566666666666666,66,4356,0.42543492082841006,1.5591707514816002,0.7682053664524988,0.8207935806420841
2024-02-06,423716.0,8.0,2024,2,1,6,1,37,6,0,0,0,0.8660254037844386,0.5000000000000001,0.7818314824680298,0.6234898018587336,0.5947266869607634,0.8039279618328213,1029040.0,542361.0,597997.0,258132.0,637037.0,2199497.0,502481.0,914841.0,663917.0,8.0,5.0,9.0,12.0,723132.6666666666,266380.0172016157,542361.0,1029040.0,749885.7142857143,572560.63178663,258132.0,1905417.0,716276.5714285715,429914.63616213156,152720.0,1905417.0,681674.4,449070.98586423486,152720.0,2199497.0,769573.7166666667,550770.3582232427,127568.0,2328868.0,15.285714285714286,13.428571428571429,11.533333333333333,67,4489,0.6414702555281794,-0.5368419211644427,1.3722624399908556,1.5095770062657479
2024-02-07,155182.0,5.0,2024,2,1,7,2,38,6,0,0,0,0.8660254037844386,0.5000000000000001,0.9749279121818236,-0.22252093395631434,0.6084768701151261,0.7935716089521474,423716.0,1029040.0,542361.0,652509.0,152720.0,738053.0,781036.0,899285.0,651224.0,8.0,10.0,5.0,10.0,665039.0,320767.3689872454,423716.0,1029040.0,773540.5714285715,551906.1157433867,263744.0,1905417.0,701039.3571428572,436666.400348157,152720.0,1905417.0,665303.5666666667,449229.7433600734,152720.0,2199497.0,765570.3666666667,552421.846179903,127568.0,2328868.0,15.714285714285714,13.357142857142858,11.4,68,4624,-0.7621764604013125,-0.8274384650027522,0.5477618313122,0.6368761888996336
2024-02-08,279062.0,5.0,2024,2,1,8,3,39,6,0,0,0,0.8660254037844386,0.5000000000000001,0.43388373911755823,-0.900968867902419,0.6220467484408675,0.7829801036770629,155182.0,423716.0,1029040.0,263744.0,736612.0,340345.0,787934.0,502481.0,279877.0,5.0,7.0,22.0,10.0,535979.3333333334,447615.0612404958,155182.0,1029040.0,702493.8571428572,599998.2494239543,155182.0,1905417.0,701215.2142857143,436429.0224677797,155182.0,1905417.0,640500.1333333333,456351.1163242569,152720.0,2199497.0,757303.0,557847.2814761269,127568.0,2328868.0,15.0,13.357142857142858,11.233333333333333,69,4761,0.05807904634797379,-0.444631737319421,0.22090157575348396,0.24228254128908847
2024-02-09,293852.0,7.0,2024,2,1,9,4,40,6,0,0,0,0.8660254037844386,0.5000000000000001,-0.433883739117558,-0.9009688679024191,0.6354323008901774,0.7721565844991642,279062.0,155182.0,423716.0,1905417.0,928574.0,391992.0,587436.0,781036.0,1462309.0,5.0,55.0,10.0,10.0,285986.6666666667,134400.857680792,155182.0,423716.0,704682.1428571428,598156.4700827114,155182.0,1905417.0,668533.0714285715,450480.12684817606,155182.0,1905417.0,633052.8333333334,460485.4363073583,152720.0,2199497.0,757289.4166666666,557859.1134197483,127568.0,2328868.0,14.714285714285714,12.142857142857142,11.066666666666666,70,4900,-0.845780739859044,-0.6237663820873813,0.39601117018311194,0.44081944713935145
2024-02-10,592112.0,9.0,2024,2,1,10,5,41,6,1,0,0,0.8660254037844386,0.5000000000000001,-0.9749279121818236,-0.2225209339563146,0.6486295610349814,0.7611042586607747,293852.0,279062.0,155182.0,597997.0,949517.0,289441.0,227774.0,787934.0,1946802.0,7.0,11.0,15.0,12.0,242698.66666666666,76151.56750410622,155182.0,293852.0,474458.5714285714,289466.1567563396,155182.0,1029040.0,623195.7857142857,454220.25570441235,155182.0,1905417.0,616813.3666666667,463666.2315410533,152720.0,2199497.0,737815.1333333333,553205.8708756353,127568.0,2328868.0,7.857142857142857,11.928571428571429,10.966666666666667,71,5041,-0.009841186494246626,-0.24852589176250803,0.6193417459299472,0.4764034242448594
2024-02-11,250312.0,6.0,2024,2,1,11,6,42,6,1,0,0,0.8660254037844386,0.5000000000000001,-0.7818314824680299,0.6234898018587334,0.6616346182422783,0.7498264012045686,592112.0,293852.0,279062.0,542361.0,652299.0,505013.0,378582.0,587436.0,603976.0,9.0,11.0,8.0,12.0,388342.0,176624.87282373145,279062.0,592112.0,473617.85714285716,289055.8117275559,155182.0,1029040.0,597666.8571428572,444406.69429318217,155182.0,1905417.0,610285.9666666667,462551.1912662494,152720.0,2199497.0,715236.9666666667,530192.8197602462,127568.0,2328868.0,7.571428571428571,11.5,10.866666666666667,72,5184,-0.538477139764843,-0.573890602550746,1.2501893479523123,0.9702205725523537
2024-02-12,442296.0,9.0,2024,2,1,12,0,43,7,0,0,0,0.8660254037844386,0.5000000000000001,0.0,1.0,0.6744436188329455,0.7383263540031065,250312.0,592112.0,293852.0,1029040.0,721913.0,159062.0,719588.0,227774.0,781052.0,6.0,8.0,12.0,6.0,378758.6666666667,186047.48461974066,250312.0,592112.0,431896.5714285714,298405.42894237995,155182.0,1029040.0,568953.5,453498.65223898675,155182.0,1905417.0,599048.5,467197.2649786169,152720.0,2199497.0,709342.5666666667,533406.9061826706,127568.0,2328868.0,6.857142857142857,11.357142857142858,10.666666666666666,73,5329,-0.570185804244733,0.9418195228603792,0.5795646841373397,0.41784930602447046
2024-02-13,422206.0,8.0,2024,2,1,13,1,44,7,0,0,0,0.8660254037844386,0.5000000000000001,0.7818314824680298,0.6234898018587336,0.6870527672236669,0.7266075247685656,442296.0,250312.0,592112.0,423716.0,258132.0,637037.0,2199497.0,378582.0,837141.0,9.0,8.0,5.0,12.0,428240.0,171332.97508652374,250312.0,592112.0,348076.0,146413.48788050018,155182.0,592112.0,548980.8571428572,452399.9406381074,155182.0,1905417.0,606199.2333333333,462941.0422725468,152720.0,2199497.0,703696.6333333333,534426.8553333156,127568.0,2328868.0,7.0,11.142857142857142,10.766666666666667,74,5476,-0.0035637077665228597,0.1152299898040583,1.2706880106643377,0.7296215100239047
2024-02-14,455000.0,7.0,2024,2,1,14,2,45,7,0,0,0,0.8660254037844386,0.5000000000000001,0.9749279121818236,-0.22252093395631434,0.699458327051647,0.7146733860429609,422206.0,442296.0,250312.0,155182.0,652509.0,152720.0,738053.0,719588.0,776950.0,8.0,5.0,10.0,9.0,371604.6666666667,105521.72887767061,250312.0,442296.0,347860.28571428574,146284.5276458569,155182.0,592112.0,560700.4285714285,446370.8454345518,155182.0,1905417.0,607653.3666666667,462269.4512004193,152720.0,2199497.0,696781.05,535354.6554320735,127568.0,2328868.0,7.0,11.357142857142858,10.633333333333333,75,5625,1.9320410872394995,-0.3676937358599643,1.2137229150291045,0.6948138908800033
2024-02-15,418716.0,9.0,2024,2,1,15,3,46,7,0,0,0,0.8660254037844386,0.5000000000000001,0.43388373911755823,-0.900968867902419,0.7116566222817746,0.7025274741691571,455000.0,422206.0,442296.0,279062.0,263744.0,736612.0,340345.0,2199497.0,1476903.0,7.0,5.0,7.0,12.0,439834.0,16535.044360369433,422206.0,455000.0,390691.4285714286,122411.48310358427,250312.0,592112.0,546592.6428571428,446367.17066913744,155182.0,1905417.0,598833.7666666667,462584.13765055675,152720.0,2199497.0,691415.2166666667,536150.3600137284,127568.0,2328868.0,7.285714285714286,11.142857142857142,10.566666666666666,76,5776,0.5004407622678831,-0.809631020183251,1.1646019511196266,0.7598101932907033
2024-02-16,261285.0,8.0,2024,2,1,16,4,47,7,0,0,0,0.8660254037844386,0.5000000000000001,-0.433883739117558,-0.9009688679024191,0.7236440382959124,0.6901733882429719,418716.0,455000.0,422206.0,293852.0,1905417.0,928574.0,391992.0,738053.0,876993.0,9.0,7.0,55.0,14.0,431974.0,20017.305812705516,418716.0,455000.0,410642.0,112134.96135758338,250312.0,592112.0,557662.0714285715,440698.8412827042,155182.0,1905417.0,539474.4,350868.48104643787,152720.0,1905417.0,673778.7666666667,527203.7917952929,127568.0,2328868.0,7.857142857142857,11.285714285714286,10.466666666666667,77,5929,-0.11082789975906239,-0.6459807087024916,1.0196618952761773,0.7761554579790996
2024-02-17,529241.0,8.0,2024,2,1,17,5,48,7,1,0,0,0.8660254037844386,0.5000000000000001,-0.9749279121818236,-0.2225209339563146,0.7354170229639855,0.6776147890466889,261285.0,418716.0,455000.0,592112.0,597997.0,949517.0,289441.0,340345.0,622562.0,8.0,9.0,11.0,9.0,378333.6666666667,102977.78857759878,261285.0,455000.0,405989.5714285714,118294.54133624438,250312.0,592112.0,440224.0714285714,215391.15408715172,155182.0,1029040.0,523582.13333333336,352358.1150723806,152720.0,1905417.0,663516.9666666667,529169.8528615272,127568.0,2328868.0,8.0,7.928571428571429,10.266666666666667,78,6084,-0.10618092523036182,0.5550132953326772,0.6435756442723547,0.4990334531404942
2024-02-18,761574.0,11.0,2024,2,1,18,6,49,7,1,0,0,0.8660254037844386,0.5000000000000001,-0.7818314824680299,0.6234898018587334,0.7469720876965552,0.6648553979642865,529241.0,261285.0,418716.0,250312.0,542361.0,652299.0,505013.0,391992.0,307508.0,8.0,6.0,11.0,10.0,403080.6666666667,134660.50727786773,261285.0,529241.0,397008.0,103236.19109433821,250312.0,529241.0,435312.9285714286,212278.4068896564,155182.0,1029040.0,529878.6666666666,350654.4512982324,152720.0,1905417.0,661961.6166666667,529429.3511963674,127568.0,2328868.0,7.857142857142857,7.714285714285714,10.233333333333333,79,6241,2.0424989612963023,0.9428304659278761,1.3330738927175272,0.9987965798459523
2024-02-19,1915785.0,12.0,2024,2,1,19,0,50,8,0,0,0,0.8660254037844386,0.5000000000000001,0.0,1.0,0.7583058084785624,0.6518989958787126,761574.0,529241.0,261285.0,442296.0,1029040.0,721913.0,159062.0,289441.0,282425.0,11.0,9.0,8.0,7.0,517366.6666666667,250355.78827806804,261285.0,761574.0,470045.4285714286,151654.02348971527,261285.0,761574.0,450971.0,228264.71318860818,155182.0,1029040.0,542198.0666666667,352132.16310003935,152720.0,1905417.0,669529.3833333333,527518.6530815628,127568.0,2328868.0,8.571428571428571,7.714285714285714,10.266666666666667,80,6400,3.331454501058115,5.618913699164942,1.6202136085326706,1.4046047871067044
2024-02-20,414493.0,6.0,2024,2,1,20,1,51,8,0,0,0,0.8660254037844386,0.5000000000000001,0.7818314824680298,0.6234898018587336,0.7694148268839378,0.6387494220515272,1915785.0,761574.0,529241.0,422206.0,423716.0,258132.0,637037.0,505013.0,426140.0,12.0,8.0,8.0,8.0,1068866.6666666667,742595.2149215166,529241.0,1915785.0,680543.8571428572,565275.6577745731,261285.0,1915785.0,514309.9285714286,432587.2911777848,155182.0,1915785.0,596409.5333333333,428735.2363407847,152720.0,1915785.0,696752.05,548914.4707425036,127568.0,2328868.0,9.0,8.0,10.433333333333334,81,6561,-0.018268333467549018,-0.17924291057853955,2.8150794102279963,3.2121971446242252
2024-02-21,665211.0,8.0,2024,2,1,21,2,52,8,0,0,0,0.8660254037844386,0.5000000000000001,0.9749279121818236,-0.22252093395631434,0.7802958510707755,0.6254105729852463,414493.0,1915785.0,761574.0,455000.0,155182.0,652509.0,152720.0,159062.0,374166.0,6.0,7.0,5.0,5.0,1030617.3333333334,785975.606316337,414493.0,1915785.0,679442.0,565870.3513414831,261285.0,1915785.0,513651.14285714284,432742.8639331393,155182.0,1915785.0,593392.2,429718.04522255016,152720.0,1915785.0,696557.9333333333,549013.8416961776,127568.0,2328868.0,8.714285714285714,7.857142857142857,10.366666666666667,82,6724,0.4620021978021978,3.1820862305264614,0.6100491285496039,0.6985144058179397
2024-02-22,1049160.0,20.0,2024,2,1,22,3,53,8,0,0,0,0.8660254037844386,0.5000000000000001,0.43388373911755823,-0.900968867902419,0.7909456567567772,0.6118864012687243,665211.0,414493.0,1915785.0,418716.0,279062.0,263744.0,736612.0,637037.0,395720.0,8.0,9.0,5.0,9.0,998496.3333333334,804225.5606341627,414493.0,1915785.0,709472.1428571428,557490.0852333397,261285.0,1915785.0,550081.7857142857,421567.82475351775,250312.0,1915785.0,610263.8333333334,421943.20627667446,152720.0,1915785.0,701408.6833333333,547400.4822344965,127568.0,2328868.0,8.857142857142858,8.071428571428571,10.466666666666667,83,6889,1.5056601610638236,0.6469373050544944,0.9376139806153669,1.0900383795751727
2024-02-23,670052.0,10.0,2024,2,1,23,4,54,8,0,0,0,0.8660254037844386,0.5000000000000001,-0.433883739117558,-0.9009688679024191,0.8013610881746766,0.5981809144059165,1049160.0,665211.0,414493.0,261285.0,293852.0,1905417.0,928574.0,152720.0,524302.0,20.0,8.0,7.0,5.0,709621.3333333334,319655.68742372334,414493.0,1049160.0,799535.5714285715,553600.3263967781,261285.0,1915785.0,605088.7857142857,433555.8841022923,250312.0,1915785.0,624001.2666666667,429486.3628677571,152720.0,1915785.0,712299.35,547715.7341235222,127568.0,2328868.0,10.428571428571429,9.142857142857142,10.833333333333334,84,7056,1.5644487819813613,3.3874541644840233,1.312211785806367,1.6813427408640942
2024-02-24,270368.0,6.0,2024,2,1,24,5,55,8,1,0,0,0.8660254037844386,0.5000000000000001,-0.9749279121818236,-0.2225209339563146,0.8115390590073611,0.5842981736283684,670052.0,1049160.0,665211.0,529241.0,592112.0,597997.0,949517.0,736612.0,359971.0,10.0,8.0,9.0,22.0,794807.6666666666,220288.88061891188,665211.0,1049160.0,857930.8571428572,506955.3202191258,414493.0,1915785.0,631960.2142857143,424342.2069071108,250312.0,1915785.0,641245.6666666666,420196.63289451174,155182.0,1915785.0,714728.5166666667,547190.7730246418,127568.0,2328868.0,10.714285714285714,9.357142857142858,11.0,85,7225,-0.48914010819267595,-0.6329573778325631,0.7810093254268242,1.04492246081455
2024-02-25,1566631.0,32.0,2024,2,1,25,6,56,8,1,0,0,0.8660254037844386,0.5000000000000001,-0.7818314824680299,0.6234898018587334,0.8214765533024142,0.5702422926917871,270368.0,670052.0,1049160.0,761574.0,250312.0,542361.0,652299.0,928574.0,1659680.0,6.0,11.0,6.0,10.0,663193.3333333334,389441.2995527478,270368.0,1049160.0,820949.0,543084.0427275815,270368.0,1915785.0,608978.5,435238.9999392471,250312.0,1915785.0,625704.2,425140.970092915,155182.0,1915785.0,713235.1333333333,548296.5352649435,127568.0,2328868.0,10.428571428571429,9.142857142857142,10.466666666666667,86,7396,1.057096224398417,0.6871364048530327,0.3293359270795141,0.43210194209979735
2024-02-26,573136.0,10.0,2024,2,1,26,0,57,9,0,0,0,0.8660254037844386,0.5000000000000001,0.0,1.0,0.8311706263658079,0.5560174366570446,1566631.0,270368.0,670052.0,1915785.0,442296.0,1029040.0,721913.0,949517.0,331306.0,32.0,12.0,9.0,15.0,835683.6666666666,663814.6036690767,270368.0,1566631.0,935957.1428571428,609585.8989000727,270368.0,1915785.0,703001.2857142857,490472.41788291483,261285.0,1915785.0,646972.7666666667,455678.4656803586,155182.0,1915785.0,711684.3166666667,545699.6544957954,127568.0,2328868.0,13.428571428571429,11.0,11.2,87,7569,-0.7008349057957965,-0.3963920603843849,1.6738277088389273,2.4214790493757516
2024-02-27,2997437.0,12.0,2024,2,1,27,1,58,9,0,0,0,0.8660254037844386,0.5000000000000001,0.7818314824680298,0.6234898018587336,0.8406184056344782,0.5416278206559814,573136.0,1566631.0,270368.0,414493.0,422206.0,423716.0,258132.0,652299.0,1258669.0,10.0,6.0,8.0,8.0,803378.3333333334,678109.9397120893,270368.0,1566631.0,744150.1428571428,436580.8218712884,270368.0,1566631.0,712347.0,486351.9189868119,261285.0,1915785.0,634426.7333333333,452229.7182839357,155182.0,1915785.0,715714.8166666667,543732.1115473865,127568.0,2328868.0,13.142857142857142,11.071428571428571,11.033333333333333,88,7744,6.2315744777354505,3.5951887094721897,0.7701886581644142,0.9033919440763374
2024-02-28,782033.0,9.0,2024,2,1,28,2,59,9,0,0,0,0.8660254037844386,0.5000000000000001,0.9749279121818236,-0.22252093395631434,0.8498170915275278,0.5270777086423722,2997437.0,573136.0,1566631.0,665211.0,455000.0,155182.0,652509.0,721913.0,316222.0,12.0,8.0,7.0,12.0,1712401.3333333333,1218706.5180798592,573136.0,2997437.0,1113142.142857143,927286.2773026514,270368.0,2997437.0,896292.0714285715,771549.3860411874,261285.0,2997437.0,712598.0,625079.7333792844,155182.0,2997437.0,744694.2833333333,614845.9948549083,127568.0,2997437.0,14.0,11.357142857142858,11.166666666666666,89,7921,0.17561645853721602,0.08327873303292779,2.69277110675764,4.206350565115255
2024-02-29,613957.0,10.0,2024,2,1,29,3,60,9,0,0,1,0.8660254037844386,0.5000000000000001,0.43388373911755823,-0.900968867902419,0.8587639582758029,0.5123714121284237,782033.0,2997437.0,573136.0,1049160.0,418716.0,279062.0,263744.0,258132.0,127568.0,9.0,20.0,9.0,5.0,1450868.6666666667,1343433.9196269885,573136.0,2997437.0,1129831.0,918894.2966518693,270368.0,2997437.0,919651.5714285715,762053.250311866,261285.0,2997437.0,714602.0,625206.9861084076,155182.0,2997437.0,752457.8,612279.5638843421,127568.0,2997437.0,14.142857142857142,11.5,11.066666666666666,90,8100,-0.4148108963361165,1.37846140734198,0.6921681207189394,1.0943616166761359
2024-03-01,286377.0,10.0,2024,3,1,1,4,61,9,0,1,0,1.0,6.123233995736766e-17,-0.433883739117558,-0.9009688679024191,0.8674563547295969,0.49751328890718066,613957.0,782033.0,2997437.0,670052.0,261285.0,293852.0,1905417.0,652509.0,2057207.0,10.0,10.0,8.0,10.0,1464475.6666666667,1330240.6634009255,613957.0,2997437.0,1067659.142857143,939748.2965673006,270368.0,2997437.0,933597.3571428572,753923.9385820143,261285.0,2997437.0,726462.8333333334,619598.6927867426,155182.0,2997437.0,760564.2833333333,607063.533684039,152720.0,2997437.0,12.714285714285714,11.571428571428571,11.233333333333333,91,8281,-0.5726048127608007,-0.5611140995756381,0.5750496346212153,0.8451320175361116
2024-03-02,117952.0,3.0,2024,3,1,2,5,62,9,1,0,0,1.0,6.123233995736766e-17,-0.9749279121818236,-0.2225209339563146,0.8758917051442429,0.48250774176121847,286377.0,613957.0,782033.0,270368.0,529241.0,592112.0,597997.0,263744.0,1236547.0,10.0,6.0,8.0,7.0,560789.0,252069.12693148202,286377.0,782033.0,1012848.4285714285,977244.5967531801,270368.0,2997437.0,935389.6428571428,752230.6459034008,270368.0,2997437.0,714258.4333333333,624690.5885935512,155182.0,2997437.0,731050.45,585623.659527679,152720.0,2997437.0,12.714285714285714,11.714285714285714,11.233333333333333,92,8464,-0.5637353532962481,-0.5527784518320796,0.2827441815789953,0.40094311335397603
2024-03-03,2019339.0,51.0,2024,3,1,3,6,63,9,1,0,0,1.0,6.123233995736766e-17,-0.7818314824680299,0.6234898018587334,0.8840675099433636,0.4673592171580022,117952.0,286377.0,613957.0,1566631.0,761574.0,250312.0,542361.0,1905417.0,2328868.0,3.0,32.0,11.0,55.0,339428.6666666667,252222.3215901652,117952.0,613957.0,991074.7142857143,998021.858471499,117952.0,2997437.0,906011.8571428572,776938.1274260428,117952.0,2997437.0,709398.7,628869.2975983741,117952.0,2997437.0,712407.2,587061.8866463508,117952.0,2997437.0,12.285714285714286,11.357142857142858,11.1,93,8649,0.28896913185044854,0.05978848724452443,0.11901423606091108,0.16627039209403682
2024-03-04,2184049.0,16.0,2024,3,1,4,0,64,10,0,0,0,1.0,6.123233995736766e-17,0.0,1.0,0.8919813464595485,0.45207220393230435,2019339.0,117952.0,286377.0,573136.0,1915785.0,442296.0,1029040.0,597997.0,2017929.0,51.0,10.0,12.0,11.0,807889.3333333334,1052520.5301115667,117952.0,2019339.0,1055747.2857142857,1054598.6908697726,117952.0,2997437.0,995852.2142857143,829868.5751218665,117952.0,2997437.0,713196.1,636636.4311517832,117952.0,2997437.0,707248.3833333333,573827.2679770187,117952.0,2997437.0,15.0,14.214285714285714,10.966666666666667,94,8836,2.8106993802518074,2.652274175288505,1.912710576976552,2.8313937779525156
2024-03-05,696014.0,9.0,2024,3,1,5,1,65,10,0,0,0,1.0,6.123233995736766e-17,0.7818314824680298,0.6234898018587336,0.8996308696522433,0.43665123195606403,2184049.0,2019339.0,117952.0,2997437.0,414493.0,422206.0,423716.0,542361.0,338158.0,16.0,12.0,6.0,11.0,1440446.6666666667,1148271.0714575779,117952.0,2184049.0,1285877.7142857143,1106232.4498785227,117952.0,2997437.0,1015013.9285714285,855446.754576494,117952.0,2997437.0,766064.5,690331.2000687261,117952.0,2997437.0,710017.05,580618.9381145509,117952.0,2997437.0,15.857142857142858,14.5,11.133333333333333,95,9025,-0.7677969545314881,0.28330392487660433,1.6984888809689078,2.850998838870617
2024-03-06,961647.0,11.0,2024,3,1,6,2,66,10,0,0,0,1.0,6.123233995736766e-17,0.9749279121818236,-0.22252093395631434,0.9070138128026359,0.4211008707960896,696014.0,2184049.0,2019339.0,782033.0,665211.0,455000.0,155182.0,1029040.0,402099.0,9.0,9.0,8.0,8.0,1633134.0,815737.56001854,696014.0,2184049.0,957103.0,816941.0140503821,117952.0,2184049.0,1035122.5714285715,843469.6434477074,117952.0,2997437.0,771186.2666666667,689183.2910118015,117952.0,2997437.0,715981.3166666667,578568.7382842365,117952.0,2997437.0,15.428571428571429,14.714285714285714,11.066666666666666,96,9216,0.2296757297965687,-0.06549113737075332,0.7272090882590484,0.902523851998056
2024-03-07,455780.0,8.0,2024,3,1,7,3,67,10,0,0,0,1.0,6.123233995736766e-17,0.43388373911755823,-0.900968867902419,0.9141279881853337,0.40542572835999735,961647.0,696014.0,2184049.0,613957.0,1049160.0,418716.0,279062.0,423716.0,914841.0,11.0,10.0,20.0,8.0,1280570.0,793628.3451673087,696014.0,2184049.0,982762.1428571428,813338.6056226168,117952.0,2184049.0,1056296.5714285714,837166.5060689234,117952.0,2997437.0,768939.8333333334,688423.2358716589,117952.0,2997437.0,725307.1166666667,577932.8533630081,117952.0,2997437.0,15.714285714285714,14.928571428571429,11.166666666666666,97,9409,-0.25763530670714724,0.07567332836144965,0.9785144930432956,1.2506141030973597
2024-03-08,792168.0,14.0,2024,3,1,8,4,68,10,0,0,0,1.0,6.123233995736766e-17,-0.433883739117558,-0.9009688679024191,0.9209712877166346,0.38963044953078796,455780.0,961647.0,696014.0,286377.0,670052.0,261285.0,293852.0,155182.0,899285.0,8.0,10.0,10.0,5.0,704480.3333333334,253039.7488979424,455780.0,961647.0,960165.4285714285,827369.0016546138,117952.0,2184049.0,1013912.2857142857,852437.2343210002,117952.0,2997437.0,770008.6333333333,687893.468974139,117952.0,2997437.0,717656.1,578419.6190601464,117952.0,2997437.0,15.428571428571429,14.071428571428571,11.166666666666666,98,9604,1.7661718643606155,4.104767305486461,0.4746890342408258,0.5919154412944029
2024-03-09,438375.0,10.0,2024,3,1,9,5,69,10,1,0,0,1.0,6.123233995736766e-17,-0.9749279121818236,-0.2225209339563146,0.9275416835791966,0.37371971479046906,792168.0,455780.0,961647.0,117952.0,270368.0,529241.0,592112.0,279062.0,502481.0,14.0,3.0,6.0,5.0,736531.6666666666,257481.85686050533,455780.0,961647.0,1032421.2857142857,779414.6004837465,117952.0,2184049.0,1022634.8571428572,849266.90407133,117952.0,2997437.0,791241.5,678021.4502946333,117952.0,2997437.0,715870.8166666667,578014.6883776586,117952.0,2997437.0,16.0,14.357142857142858,11.466666666666667,99,9801,2.71655419153554,0.5708874730346661,0.767291425468756,1.0011709446483785
2024-03-10,607684.0,8.0,2024,3,1,10,6,70,10,1,0,0,1.0,6.123233995736766e-17,-0.7818314824680299,0.6234898018587334,0.9338372288229252,0.35769823883312546,438375.0,792168.0,455780.0,2019339.0,1566631.0,761574.0,250312.0,293852.0,781036.0,10.0,51.0,32.0,7.0,562107.6666666666,199428.0603032925,438375.0,792168.0,1078196.0,724211.3366119957,438375.0,2184049.0,1034635.3571428572,838943.6377360438,117952.0,2997437.0,796551.9333333333,674486.2778253424,117952.0,2997437.0,714802.3833333333,578474.880287025,117952.0,2997437.0,17.0,14.642857142857142,11.633333333333333,100,10000,-0.6990678632958607,1.0679934116494016,0.40658192017035866,0.5503407645569709
2024-03-11,2430213.0,17.0,2024,3,1,11,0,71,11,0,0,0,1.0,6.123233995736766e-17,0.0,1.0,0.9398560579418954,0.3415707691678556,607684.0,438375.0,792168.0,2184049.0,573136.0,1915785.0,442296.0,592112.0,787934.0,8.0,16.0,10.0,9.0,612742.3333333334,176950.73259055385,438375.0,792168.0,876531.0,605233.0612505126,438375.0,2184049.0,966139.1428571428,831279.2464730175,117952.0,2997437.0,807013.0,668830.7163292645,117952.0,2997437.0,711913.1833333333,578571.3651209167,117952.0,2997437.0,10.857142857142858,12.928571428571429,11.666666666666666,101,10201,0.11270992546412649,3.1043130353716863,0.6932829529132455,0.7530039788702289
2024-03-12,1834926.0,22.0,2024,3,1,12,1,72,11,0,0,0,1.0,6.123233995736766e-17,0.7818314824680298,0.6234898018587336,0.9455963874271426,0.3253420847119801,2430213.0,607684.0,438375.0,696014.0,2997437.0,414493.0,422206.0,250312.0,587436.0,17.0,9.0,12.0,6.0,1158757.3333333333,1104362.2678244372,438375.0,2430213.0,911697.2857142857,694443.4358807814,438375.0,2430213.0,1098787.5,908339.5666630703,117952.0,2997437.0,868283.0333333333,729871.8965709682,117952.0,2997437.0,739284.5,619619.4622858508,117952.0,2997437.0,11.0,13.428571428571429,11.933333333333334,102,10404,1.6363349013094564,6.3305554667774615,2.6655920096285093,2.798871919298511
2024-03-13,528689.0,9.0,2024,3,1,13,2,73,11,0,0,0,1.0,6.123233995736766e-17,0.9749279121818236,-0.22252093395631434,0.9510565162951535,0.30901699437494745,1834926.0,2430213.0,607684.0,961647.0,782033.0,665211.0,455000.0,442296.0,227774.0,22.0,11.0,9.0,9.0,1624274.3333333333,929345.7819683341,607684.0,2430213.0,1074399.0,765292.880553147,438375.0,2430213.0,1015751.0,762916.9282045573,117952.0,2430213.0,921103.5,740863.5909792053,117952.0,2997437.0,760076.0,635172.5182144198,117952.0,2997437.0,12.857142857142858,14.142857142857142,12.466666666666667,103,10609,-0.45022549854572413,0.19532846781341,1.707862721391215,1.9920953508481947
2024-03-14,829153.0,14.0,2024,3,1,14,3,74,11,0,0,0,1.0,6.123233995736766e-17,0.43388373911755823,-0.900968867902419,0.9562348265919056,0.29260033563334836,528689.0,1834926.0,2430213.0,455780.0,613957.0,1049160.0,418716.0,422206.0,378582.0,9.0,8.0,10.0,8.0,1597942.6666666667,972660.8894431473,528689.0,2430213.0,1012547.8571428572,792921.4548783986,438375.0,2430213.0,997655.0,771839.4555431055,117952.0,2430213.0,923983.2666666667,739104.0867109469,117952.0,2997437.0,765091.25,632078.7457165156,117952.0,2997437.0,12.571428571428571,14.142857142857142,12.466666666666667,104,10816,0.8191956645750142,0.9638588745778127,0.5221372958033024,0.5721846044975273
2024-03-15,564572.0,11.0,2024,3,1,15,4,75,11,0,0,0,1.0,6.123233995736766e-17,-0.433883739117558,-0.9009688679024191,0.9611297838723007,0.27609697309746883,829153.0,528689.0,1834926.0,792168.0,286377.0,670052.0,261285.0,455000.0,719588.0,14.0,14.0,10.0,7.0,1064256.0,684119.0250965111,528689.0,1834926.0,1065886.857142857,761147.651693465,438375.0,2430213.0,1013026.1428571428,765728.9562176244,117952.0,2430213.0,937548.1666666666,733288.8323438069,117952.0,2997437.0,772600.7666666667,630082.3169715065,117952.0,2997437.0,13.428571428571429,14.428571428571429,12.666666666666666,105,11025,-0.2873077428020319,0.24081758241758242,0.7778996376994182,0.8843844289600055
2024-03-16,559503.0,10.0,2024,3,1,16,5,76,11,1,0,0,1.0,6.123233995736766e-17,-0.9749279121818236,-0.2225209339563146,0.9657399376548549,0.2595117970697999,564572.0,829153.0,528689.0,438375.0,117952.0,270368.0,529241.0,418716.0,2199497.0,11.0,10.0,3.0,9.0,640804.6666666666,164098.19750482898,528689.0,829153.0,1033373.1428571428,779430.2478938123,438375.0,2430213.0,1032897.2142857143,748845.005827506,117952.0,2430213.0,941200.5666666667,731071.9839207157,117952.0,2997437.0,770017.1666666666,630620.9605665167,117952.0,2997437.0,13.0,14.5,12.8,106,11236,0.27631137724550897,0.336235061473648,0.5463389521030434,0.599842392785073
2024-03-17,1154235.0,9.0,2024,3,1,17,6,77,11,1,0,0,1.0,6.123233995736766e-17,-0.7818314824680299,0.6234898018587334,0.9700639218515071,0.2428497220959356,559503.0,564572.0,829153.0,607684.0,2019339.0,1566631.0,761574.0,261285.0,738053.0,10.0,8.0,51.0,8.0,651076.0,154240.03091610337,559503.0,829153.0,1050677.142857143,765234.516490082,528689.0,2430213.0,1064436.5714285714,715920.3897552724,438375.0,2430213.0,945893.4666666667,728048.0122293343,117952.0,2997437.0,742683.9333333333,602528.039156794,117952.0,2997437.0,13.0,15.0,12.833333333333334,107,11449,0.8994000171141581,3.4175325793673577,0.532516581143589,0.5915074157047425
2024-03-18,567931.0,8.0,2024,3,1,18,0,78,12,0,0,0,1.0,6.123233995736766e-17,0.0,1.0,0.9741004551724205,0.22611568550828828,1154235.0,559503.0,564572.0,2430213.0,2184049.0,573136.0,1915785.0,529241.0,340345.0,9.0,17.0,16.0,8.0,759436.6666666666,341914.7798682209,559503.0,1154235.0,1128755.857142857,739967.3976098382,528689.0,2430213.0,1002643.4285714285,662501.8823020828,438375.0,2430213.0,975658.4666666667,717267.3747694588,117952.0,2997437.0,749620.3,604864.8579167534,117952.0,2997437.0,13.142857142857142,12.0,12.866666666666667,108,11664,-0.7663040235567828,0.0731046914354708,1.0225727669060665,1.1830318081935365
2024-03-19,443480.0,9.0,2024,3,1,19,1,79,12,0,0,0,1.0,6.123233995736766e-17,0.7818314824680298,0.6234898018587336,0.9778483415056568,0.20931464596304847,567931.0,1154235.0,559503.0,1834926.0,696014.0,2997437.0,414493.0,761574.0,391992.0,8.0,22.0,9.0,11.0,760556.3333333334,340961.76799948403,559503.0,1154235.0,862715.5714285715,484871.5100394664,528689.0,1834926.0,887206.4285714285,575961.3789459682,438375.0,2430213.0,976948.1333333333,716471.3666025265,117952.0,2997437.0,753413.4,602965.4086587867,117952.0,2997437.0,11.857142857142858,11.428571428571429,12.866666666666667,109,11881,-0.7583117793306106,-0.41767970019984924,0.6583061889790195,0.5813317827449318
2024-03-20,1541964.0,10.0,2024,3,1,20,2,80,12,0,0,0,1.0,6.123233995736766e-17,0.9749279121818236,-0.22252093395631434,0.9813064702716093,0.19245158197082998,443480.0,567931.0,1154235.0,528689.0,961647.0,782033.0,665211.0,1915785.0,289441.0,9.0,9.0,11.0,12.0,721882.0,379564.0266239684,443480.0,1154235.0,663937.5714285715,246501.78546605364,443480.0,1154235.0,869168.2857142857,586271.9889126591,438375.0,2430213.0,966345.0,722100.2603649803,117952.0,2997437.0,754271.5333333333,602478.7619689255,117952.0,2997437.0,10.0,11.428571428571429,12.8,110,12100,1.9165804471059544,-0.19512680180709213,0.6679543666218187,0.4589251250847265
2024-03-21,368132.0,5.0,2024,3,1,21,3,81,12,0,0,0,1.0,6.123233995736766e-17,0.43388373911755823,-0.900968867902419,0.9844738167520922,0.1755314904214282,1541964.0,443480.0,567931.0,829153.0,455780.0,613957.0,1049160.0,414493.0,505013.0,10.0,14.0,8.0,6.0,851125.0,601511.3513401062,443480.0,1541964.0,808691.1428571428,402190.2202388933,443480.0,1541964.0,910619.5,613209.708202009,438375.0,2430213.0,953884.3,708244.0073089533,117952.0,2997437.0,775146.9166666666,607775.9394008226,117952.0,2997437.0,10.142857142857142,11.357142857142858,12.733333333333333,111,12321,-0.5560143905889504,-0.11184989855075961,1.906740309473615,1.6165105139061413
2024-03-22,821042.0,12.0,2024,3,1,22,4,82,12,0,0,0,1.0,6.123233995736766e-17,-0.433883739117558,-0.9009688679024191,0.9873494423939864,0.15855938510313475,368132.0,1541964.0,443480.0,564572.0,792168.0,286377.0,670052.0,665211.0,159062.0,5.0,11.0,14.0,8.0,784525.3333333334,657042.1071722375,368132.0,1541964.0,742831.0,434713.0473795328,368132.0,1541964.0,904358.9285714285,618634.0344390856,368132.0,2430213.0,952338.9333333333,709510.972442624,117952.0,2997437.0,772865.5666666667,609062.6375951144,117952.0,2997437.0,8.857142857142858,11.142857142857142,12.7,112,12544,0.4542733256342858,0.23425800234812713,0.4955797482872955,0.3865556548354913
2024-03-23,945543.0,11.0,2024,3,1,23,5,83,12,1,0,0,1.0,6.123233995736766e-17,-0.9749279121818236,-0.2225209339563146,0.989932495087353,0.141540295217043,821042.0,368132.0,1541964.0,559503.0,438375.0,117952.0,270368.0,1049160.0,637037.0,12.0,10.0,10.0,20.0,910379.3333333334,591993.4631407125,368132.0,1541964.0,779469.5714285715,427940.1430881259,368132.0,1541964.0,906421.3571428572,618279.2651901679,368132.0,2430213.0,957533.3,707905.0143698244,117952.0,2997437.0,783898.5666666667,603727.7282172135,117952.0,2997437.0,9.0,11.0,12.833333333333334,113,12769,0.6899694907802103,-0.09876186663616608,1.0533342545947455,0.85745529685495
2024-03-24,1456908.0,9.0,2024,3,1,24,6,84,12,1,0,0,1.0,6.123233995736766e-17,-0.7818314824680299,0.6234898018587334,0.9922222094179323,0.12447926388678915,945543.0,821042.0,368132.0,1154235.0,607684.0,2019339.0,1566631.0,670052.0,152720.0,11.0,9.0,8.0,10.0,711572.3333333334,303872.62408834056,368132.0,945543.0,834618.1428571428,419662.98641784315,368132.0,1541964.0,942647.6428571428,603425.5128696002,368132.0,2430213.0,954079.4,707695.2929955387,117952.0,2997437.0,789040.3333333334,603769.4777919593,117952.0,2997437.0,9.142857142857142,11.071428571428571,12.533333333333333,114,12996,0.26222822908679777,1.1743207989827655,1.1329049195637286,0.9910527362816973
2024-03-25,2342404.0,32.0,2024,3,1,25,0,85,13,0,0,0,1.0,6.123233995736766e-17,0.0,1.0,0.994217906893952,0.10738134666416309,1456908.0,945543.0,821042.0,567931.0,2430213.0,2184049.0,573136.0,270368.0,736612.0,9.0,8.0,17.0,6.0,1074497.6666666667,336976.8123036573,821042.0,1456908.0,877857.1428571428,470585.55476145126,368132.0,1541964.0,1003306.5,609813.3800383591,368132.0,2430213.0,980307.9333333333,711377.3227003173,117952.0,2997437.0,810776.8,603949.0461593933,117952.0,2997437.0,9.142857142857142,11.142857142857142,12.5,115,13225,3.1244517379752117,7.663761983666706,1.6596185516680229,1.4861738342217503
2024-03-26,854145.0,5.0,2024,3,1,26,1,86,13,0,0,0,1.0,6.123233995736766e-17,0.7818314824680298,0.6234898018587336,0.995918996147179,0.09025161003104117,2342404.0,1456908.0,945543.0,443480.0,1834926.0,696014.0,2997437.0,1566631.0,928574.0,32.0,9.0,22.0,32.0,1581618.3333333333,706731.6773432012,945543.0,2342404.0,1131353.2857142857,698537.2583402917,368132.0,2342404.0,997034.4285714285,594261.653754759,368132.0,2342404.0,1049375.8,740080.4486099584,117952.0,2997437.0,837540.0,635368.8092302865,117952.0,2997437.0,12.571428571428571,12.214285714285714,13.366666666666667,116,13456,0.9260056823306575,-0.4547886515714294,2.0704443338590837,2.2321879349609546
2024-03-27,2022081.0,12.0,2024,3,1,27,2,87,13,0,0,0,1.0,6.123233995736766e-17,0.9749279121818236,-0.22252093395631434,0.9973249731081555,0.07309512989807777,854145.0,2342404.0,1456908.0,1541964.0,528689.0,961647.0,782033.0,573136.0,949517.0,5.0,10.0,9.0,10.0,1551152.3333333333,748592.1510036922,854145.0,2342404.0,1190019.7142857143,646440.0378634548,368132.0,2342404.0,926978.6428571428,543532.292605241,368132.0,2342404.0,1025626.2666666667,734318.6838799873,117952.0,2997437.0,836299.5166666667,635260.7113239254,117952.0,2997437.0,12.0,11.0,12.466666666666667,117,13689,0.31136719145194053,2.528099787833952,0.7177570167505027,0.8328033590403365
2024-03-28,921127.0,14.0,2024,3,1,28,3,88,13,0,0,0,1.0,6.123233995736766e-17,0.43388373911755823,-0.900968867902419,0.9984354211555643,0.055916990100603484,2022081.0,854145.0,2342404.0,368132.0,829153.0,455780.0,613957.0,2997437.0,652299.0,12.0,5.0,14.0,12.0,1739543.3333333333,783325.8342377933,854145.0,2342404.0,1258607.857142857,712137.5341031227,368132.0,2342404.0,1033649.5,602677.9161940165,368132.0,2342404.0,1073924.4333333333,750992.1520875444,117952.0,2997437.0,854175.5833333334,653334.3475531667,117952.0,2997437.0,12.285714285714286,11.214285714285714,12.533333333333333,118,13924,1.50216498429911,-0.6926951258692009,1.6066012845258169,1.8828894633896183
2024-03-29,589188.0,11.0,2024,3,1,29,4,89,13,0,0,0,1.0,6.123233995736766e-17,-0.433883739117558,-0.9009688679024191,0.9992500112396835,0.03872228089217446,921127.0,2022081.0,854145.0,821042.0,564572.0,792168.0,286377.0,782033.0,721913.0,14.0,12.0,11.0,9.0,1265784.3333333333,655827.8227472013,854145.0,2022081.0,1337607.142857143,621838.5470590225,821042.0,2342404.0,1040219.0714285715,600775.5874005979,368132.0,2342404.0,1004714.1,657461.9830813531,117952.0,2430213.0,858656.05,652848.0534702382,117952.0,2997437.0,13.571428571428571,11.214285714285714,12.6,119,14161,-0.28238993863894907,-0.24659445317524964,0.6886379195258057,0.9168050891293354
2024-03-30,409171.0,9.0,2024,3,1,30,5,90,13,1,0,0,1.0,6.123233995736766e-17,-0.9749279121818236,-0.2225209339563146,0.9997685019798909,0.021516097436222254,589188.0,921127.0,2022081.0,945543.0,559503.0,438375.0,117952.0,613957.0,258132.0,11.0,11.0,10.0,10.0,1177465.3333333333,750051.7270257662,589188.0,2022081.0,1304485.142857143,659003.1954959016,589188.0,2342404.0,1041977.3571428572,599310.6676256815,368132.0,2342404.0,998285.9333333333,660649.2873238513,117952.0,2430213.0,856443.9666666667,653543.7303817972,117952.0,2997437.0,13.428571428571429,11.214285714285714,12.666666666666666,120,14400,-0.5672634666006728,-0.3335510467345433,0.4516632506135973,0.590199641532229
2024-03-31,515942.0,10.0,2024,3,1,31,6,91,13,1,0,1,1.0,6.123233995736766e-17,-0.7818314824680299,0.6234898018587334,0.9999907397361901,0.004303538296244289,409171.0,589188.0,921127.0,1456908.0,1154235.0,607684.0,2019339.0,286377.0,652509.0,9.0,9.0,9.0,10.0,639828.6666666666,259707.70940488842,409171.0,921127.0,1227860.5714285714,734547.4738342551,409171.0,2342404.0,1031239.3571428572,609873.9281834731,368132.0,2342404.0,991459.7333333333,665795.2649454549,117952.0,2430213.0,858961.2833333333,651487.7462591296,117952.0,2997437.0,13.142857142857142,11.142857142857142,12.633333333333333,121,14641,-0.6458650786460092,0.8016181467087091,0.33323897641239864,0.4126955298772934
2024-04-01,1108960.0,24.0,2024,4,2,1,0,92,14,0,1,0,0.8660254037844387,-0.4999999999999998,0.0,1.0,0.9999166586547379,-0.01291029607500882,515942.0,409171.0,589188.0,2342404.0,567931.0,2430213.0,2184049.0,117952.0,263744.0,10.0,32.0,8.0,3.0,504767.0,90527.29169151431,409171.0,589188.0,1093436.857142857,770847.7077186797,409171.0,2342404.0,985647.0,623674.1545262241,368132.0,2342404.0,999111.9,658693.4689247292,117952.0,2430213.0,856685.1666666666,652459.0976080917,117952.0,2997437.0,13.285714285714286,11.214285714285714,12.633333333333333,122,14884,-0.5265718467010815,8.401790558871406,0.4718534926179029,0.5164006153865247
2024-04-02,95500.0,2.0,2024,4,2,2,1,93,14,0,0,0,0.8660254037844387,-0.4999999999999998,0.7818314824680298,0.6234898018587336,0.9995462806873573,-0.030120304846908114,1108960.0,515942.0,409171.0,854145.0,443480.0,1834926.0,696014.0,2019339.0,1905417.0,24.0,5.0,9.0,51.0,678024.3333333334,377000.22972716345,409171.0,1108960.0,917230.5714285715,545927.1302291963,409171.0,2022081.0,1024291.9285714285,612461.2562669348,368132.0,2342404.0,1032145.5,637487.6000945647,368132.0,2430213.0,870772.1,648552.8405481768,117952.0,2997437.0,12.142857142857142,12.357142857142858,13.333333333333334,123,15129,-0.8881922858531046,-0.9527072967936537,1.2090307873982145,1.0744221623792383
2024-04-03,0.0,0.0,2024,4,2,3,2,94,14,0,0,0,0.8660254037844387,-0.4999999999999998,0.9749279121818236,-0.22252093395631434,0.9988797155850336,-0.04732138832243185,95500.0,1108960.0,515942.0,2022081.0,1541964.0,528689.0,961647.0,2184049.0,597997.0,2.0,12.0,10.0,16.0,573467.3333333334,509173.02155685145,95500.0,1108960.0,808852.7142857143,629452.0914238867,95500.0,2022081.0,999436.2142857143,644090.1116074439,95500.0,2342404.0,968017.5333333333,631492.612535474,95500.0,2430213.0,840606.8166666667,641668.7266758026,95500.0,2997437.0,11.714285714285714,11.857142857142858,11.7,124,15376,-1.0,-1.0,0.11806846699443249,0.09865523785622891
2024-04-04,0.0,0.0,2024,4,2,4,3,95,14,0,0,0,0.8660254037844387,-0.4999999999999998,0.43388373911755823,-0.900968867902419,0.9979171608653922,-0.06450844944931623,0.0,95500.0,1108960.0,921127.0,368132.0,829153.0,455780.0,696014.0,542361.0,0.0,14.0,5.0,9.0,401486.6666666667,614547.7609863481,0.0,1108960.0,519984.0,403208.6957325371,0.0,1108960.0,889295.9285714285,675265.2428689346,0.0,2342404.0,895215.9,612063.4335324015,0.0,2430213.0,830640.2,650089.7828872305,0.0,2997437.0,10.0,11.142857142857142,11.166666666666666,125,15625,-1.0,-1.0,0.0,0.0
2024-04-05,0.0,0.0,2024,4,2,5,4,96,14,0,0,0,0.8660254037844387,-0.4999999999999998,-0.433883739117558,-0.9009688679024191,0.9966589017541702,-0.08167639533042241,0.0,0.0,95500.0,589188.0,821042.0,564572.0,792168.0,961647.0,1029040.0,0.0,11.0,12.0,11.0,31833.333333333332,55136.950707610245,0.0,95500.0,388394.4285714286,400774.34642861824,0.0,1108960.0,863000.7857142857,703690.0678974846,0.0,2342404.0,872015.4333333333,632717.4565371772,0.0,2430213.0,821600.85,657890.0850555003,0.0,2997437.0,8.0,10.785714285714286,10.866666666666667,126,15876,-1.0,-1.0,0.0,0.0
2024-04-06,0.0,0.0,2024,4,2,6,5,97,14,1,0,0,0.8660254037844387,-0.4999999999999998,-0.9749279121818236,-0.2225209339563146,0.9951053111006976,-0.09882013873287143,0.0,0.0,0.0,409171.0,945543.0,559503.0,438375.0,455780.0,423716.0,0.0,9.0,11.0,8.0,0.0,0.0,0.0,0.0,304224.71428571426,413251.507101392,0.0,1108960.0,804354.9285714285,740695.8971209199,0.0,2342404.0,839960.5333333333,652083.1767922171,0.0,2430213.0,804450.1833333333,665756.7468243582,0.0,2997437.0,6.428571428571429,9.928571428571429,10.5,127,16129,-1.0,-1.0,0.0,0.0
2024-04-07,0.0,0.0,2024,4,2,7,6,98,14,1,0,0,0.8660254037844387,-0.4999999999999998,-0.7818314824680299,0.6234898018587334,0.9932568492674143,-0.11593459959550041,0.0,0.0,0.0,515942.0,1456908.0,1154235.0,607684.0,792168.0,155182.0,0.0,10.0,9.0,14.0,0.0,0.0,0.0,0.0,245771.7142857143,424712.16334584204,0.0,1108960.0,736816.1428571428,769384.7346916847,0.0,2342404.0,824767.8666666667,666493.0378599942,0.0,2430213.0,797388.25,672081.0084792326,0.0,2997437.0,5.142857142857143,9.142857142857142,10.233333333333333,128,16384,-1.0,-1.0,0.0,0.0
2024-04-08,278779.0,3.0,2024,4,2,8,0,99,15,0,0,0,0.8660254037844387,-0.4999999999999998,0.0,1.0,0.9911140639934547,-0.1330147065341959,0.0,0.0,0.0,1108960.0,2342404.0,567931.0,2430213.0,438375.0,279062.0,0.0,24.0,32.0,10.0,0.0,0.0,0.0,0.0,172065.7142857143,414661.7620365285,0.0,1108960.0,632751.2857142857,762997.1333980261,0.0,2342404.0,798362.2666666667,683309.333878474,0.0,2430213.0,794801.8833333333,674887.0317482546,0.0,2997437.0,3.7142857142857144,8.5,9.766666666666667,129,16641,-0.7486122132448421,-0.36406273167949815,0.0,0.0
2024-04-09,485037.0,11.0,2024,4,2,9,1,100,15,0,0,0,0.8660254037844387,-0.4999999999999998,0.7818314824680298,0.6234898018587336,0.9886775902323405,-0.1500553983446526,278779.0,0.0,0.0,95500.0,854145.0,443480.0,1834926.0,607684.0,293852.0,3.0,2.0,5.0,8.0,92926.33333333333,160953.1306944147,0.0,278779.0,53468.42857142857,105535.04225589223,0.0,278779.0,485349.5,586143.9897920536,0.0,2022081.0,793042.4,686820.8780339186,0.0,2430213.0,794797.1666666666,674890.6982342583,0.0,2997437.0,0.7142857142857143,6.428571428571429,9.533333333333333,130,16900,4.078921465968587,-0.20182693636824403,5.213899256971404,0.3515310152395383
2024-04-15,2258404.0,24.0,2024,4,2,15,0,106,16,0,0,0,0.8660254037844387,-0.4999999999999998,0.0,1.0,0.9679377830240642,-0.25119006388481935,708211.0,738088.0,671137.0,278779.0,1108960.0,2342404.0,567931.0,559503.0,418716.0,20.0,3.0,24.0,10.0,705812.0,33539.90907858818,671137.0,738088.0,489444.5714285714,221637.49018675985,190410.0,738088.0,330755.14285714284,359375.3137870177,0.0,1108960.0,671445.6,586875.793906707,0.0,2342404.0,806323.0833333334,671190.5685825344,0.0,2997437.0,10.0,6.857142857142857,9.066666666666666,136,18496,7.101054957511147,3.0364466321002745,1.446968750583752,1.0547555900284402
2024-04-16,430449.0,10.0,2024,4,2,16,1,107,16,0,0,0,0.8660254037844387,-0.4999999999999998,0.7818314824680298,0.6234898018587336,0.9634705485641488,-0.2678143051621742,2258404.0,708211.0,738088.0,485037.0,95500.0,854145.0,443480.0,1154235.0,261285.0,24.0,11.0,2.0,9.0,1234901.0,886505.472086326,708211.0,2258404.0,772248.1428571428,685532.824304674,190410.0,2258404.0,412858.28571428574,600948.7602564457,0.0,2258404.0,728075.6333333333,653847.2278622406,0.0,2342404.0,836984.55,694789.3497020308,0.0,2997437.0,13.0,6.857142857142857,9.533333333333333,137,18769,-0.11254399148930906,-0.6270698774512989,2.9244537793829037,3.101881036260473
2024-04-17,2026362.0,49.0,2024,4,2,17,2,108,16,0,0,0,0.8660254037844387,-0.4999999999999998,0.9749279121818236,-0.22252093395631434,0.9587178169872964,-0.2843591872810034,430449.0,2258404.0,708211.0,190410.0,0.0,2022081.0,1541964.0,567931.0,529241.0,10.0,5.0,0.0,8.0,1132354.6666666667,985027.0341398419,430449.0,2258404.0,764449.8571428572,689642.6900759139,190410.0,2258404.0,436783.21428571426,593969.1705750112,0.0,2258404.0,703949.4333333333,650927.119321817,0.0,2342404.0,839803.95,692753.8563975245,0.0,2997437.0,12.857142857142858,7.428571428571429,9.566666666666666,138,19044,9.642098629273672,2.567972165632797,0.5630833677028989,0.6114771596046932
2024-04-18,1279906.0,26.0,2024,4,2,18,3,109,16,0,0,0,0.8660254037844387,-0.4999999999999998,0.43388373911755823,-0.900968867902419,0.9536809966304457,-0.30081980763566735,2026362.0,430449.0,2258404.0,354450.0,0.0,921127.0,368132.0,443480.0,761574.0,49.0,7.0,0.0,9.0,1571738.3333333333,995171.7837772195,430449.0,2258404.0,1026728.7142857143,778354.1766898739,354450.0,2258404.0,581523.3571428572,714093.1364091869,0.0,2258404.0,752563.8,693488.1996427566,0.0,2342404.0,864755.9666666667,708168.8118629549,0.0,2997437.0,19.142857142857142,10.928571428571429,10.933333333333334,139,19321,2.6109634645224995,1.8860512311716424,1.9736099437033094,2.692611576586596
2024-04-19,1132015.0,26.0,2024,4,2,19,4,110,16,0,0,0,0.8660254037844387,-0.4999999999999998,-0.433883739117558,-0.9009688679024191,0.9483615800121715,-0.3171912885891061,1279906.0,2026362.0,430449.0,671137.0,0.0,589188.0,821042.0,1541964.0,1915785.0,26.0,11.0,0.0,10.0,1245572.3333333333,798510.2857148012,430449.0,2026362.0,1158936.7142857143,721664.5951889548,430449.0,2258404.0,672945.2142857143,715844.5584665585,0.0,2258404.0,780444.6666666666,697435.8783272423,0.0,2342404.0,873394.8333333334,710047.8156556276,0.0,2997437.0,21.857142857142858,12.785714285714286,11.5,140,19600,0.6867122510009134,-0.2658615895053322,1.1043795439588282,1.6399702050198735
2024-04-20,1081184.0,21.0,2024,4,2,20,5,111,16,1,0,0,0.8660254037844387,-0.4999999999999998,-0.9749279121818236,-0.2225209339563146,0.9427611433904207,-0.3334687789181868,1132015.0,1279906.0,2026362.0,738088.0,0.0,409171.0,945543.0,368132.0,414493.0,26.0,13.0,0.0,5.0,1479427.6666666667,479396.2981754585,1132015.0,2026362.0,1224776.4285714286,690076.1877379571,430449.0,2258404.0,753803.4285714285,697688.034196982,0.0,2258404.0,766779.7,685921.8662597452,0.0,2342404.0,860332.0,697647.0746425849,0.0,2997437.0,24.0,14.642857142857142,12.033333333333333,141,19881,0.46484430040862335,1.936946530049004,0.9242625622052304,1.4763236428924762
2024-04-21,745851.0,19.0,2024,4,2,21,6,112,16,1,0,0,0.8660254037844387,-0.4999999999999998,-0.7818314824680299,0.6234898018587334,0.9368813462954315,-0.3496474552512284,1081184.0,1132015.0,1279906.0,708211.0,0.0,515942.0,1456908.0,821042.0,665211.0,21.0,20.0,0.0,12.0,1164368.3333333333,103235.95281845098,1081184.0,1279906.0,1273790.142857143,661332.9493050199,430449.0,2258404.0,831030.8571428572,666994.0075438184,0.0,2258404.0,790548.1,683983.1960471338,0.0,2342404.0,871443.5166666667,695732.3936213198,0.0,2997437.0,25.142857142857142,16.142857142857142,12.566666666666666,142,20164,0.053148002502079184,-0.09157996789445606,0.8487928769607821,1.3676384776587283
2024-04-22,976839.0,15.0,2024,4,2,22,0,113,17,0,0,0,0.8660254037844387,-0.4999999999999998,0.0,1.0,0.9307239310379795,-0.36572252349726897,745851.0,1081184.0,1132015.0,2258404.0,278779.0,1108960.0,2342404.0,945543.0,1049160.0,19.0,24.0,3.0,11.0,986350.0,209823.19793340366,745851.0,1132015.0,1279167.2857142857,656100.2457815203,430449.0,2258404.0,884305.9285714285,623905.8814948921,190410.0,2258404.0,788041.7333333333,684005.3654348411,0.0,2342404.0,872787.5166666667,695405.0581320288,0.0,2997437.0,25.0,17.5,12.8,143,20449,-0.5674648999913213,0.03309844184770021,0.5830754181487041,0.9464612957046438
2024-04-23,269873.0,8.0,2024,4,2,23,1,114,17,0,0,0,0.8660254037844387,-0.4999999999999998,0.7818314824680298,0.6234898018587336,0.9242907221930933,-0.3816892202666588,976839.0,745851.0,1081184.0,430449.0,485037.0,95500.0,854145.0,1456908.0,670052.0,15.0,10.0,11.0,9.0,934624.6666666666,171605.9226143832,745851.0,1081184.0,1096086.5714285714,496768.4251274622,430449.0,2026362.0,934167.3571428572,599195.2536389777,190410.0,2258404.0,789084.9333333333,684277.6702297825,0.0,2342404.0,871582.1666666666,695156.8020146925,0.0,2997437.0,23.714285714285715,18.357142857142858,12.933333333333334,144,20736,-0.3730430318109695,-0.8147631833993636,0.8912060647972802,1.2379389831631136
2024-04-24,629238.0,12.0,2024,4,2,24,2,115,17,0,0,0,0.8660254037844387,-0.4999999999999998,0.9749279121818236,-0.22252093395631434,0.9175836260593937,-0.39754281428255595,269873.0,976839.0,745851.0,2026362.0,190410.0,0.0,2022081.0,2342404.0,270368.0,8.0,49.0,5.0,32.0,664187.6666666666,360488.42741110834,269873.0,976839.0,1073147.142857143,534874.6234173103,269873.0,2026362.0,918798.5,614173.3948494394,190410.0,2258404.0,749517.1,678626.0701512945,0.0,2342404.0,864912.5166666667,699032.0940615566,0.0,2997437.0,23.428571428571427,18.142857142857142,12.9,145,21025,-0.6894740426439107,-0.731370848068907,0.25147809580100183,0.36006249890763
2024-04-25,1275389.0,28.0,2024,4,2,25,3,116,17,0,0,0,0.8660254037844387,-0.4999999999999998,0.43388373911755823,-0.900968867902419,0.9106046300942162,-0.4132786077829042,629238.0,269873.0,976839.0,1279906.0,354450.0,0.0,921127.0,854145.0,1566631.0,12.0,26.0,7.0,5.0,625316.6666666666,353499.3124891956,269873.0,976839.0,873558.0,347881.9623243881,269873.0,1279906.0,950143.3571428572,584627.2278120229,269873.0,2258404.0,692411.5666666667,608412.6910748524,0.0,2258404.0,870893.6833333333,695384.5305867633,0.0,2997437.0,18.142857142857142,18.642857142857142,12.233333333333333,146,21316,-0.0035291654230857577,0.49317621715282534,0.7203162239942854,0.9087629818623769
2024-04-26,660425.0,15.0,2024,4,2,26,4,117,17,0,0,0,0.8660254037844387,-0.4999999999999998,-0.433883739117558,-0.9009688679024191,0.9033558023246845,-0.4288919379124835,1275389.0,629238.0,269873.0,1132015.0,671137.0,0.0,589188.0,2022081.0,573136.0,28.0,26.0,11.0,12.0,724833.3333333334,509528.6619811822,269873.0,1275389.0,872912.7142857143,347005.6913475221,269873.0,1275389.0,1015924.7142857143,563888.3193216997,269873.0,2258404.0,706453.0333333333,617073.297437491,0.0,2258404.0,866039.65,691451.0831921675,0.0,2997437.0,18.428571428571427,20.142857142857142,13.0,147,21609,-0.4165934196985022,-0.6733934001654731,1.4610727729445703,1.8053415298992983
2024-04-27,1254817.0,10.0,2024,4,2,27,5,118,17,1,0,0,0.8660254037844387,-0.4999999999999998,-0.9749279121818236,-0.2225209339563146,0.895839290734909,-0.4443781781046132,660425.0,1275389.0,629238.0,1081184.0,738088.0,0.0,409171.0,921127.0,2997437.0,15.0,21.0,13.0,14.0,855017.3333333334,364386.34832322365,629238.0,1275389.0,805542.7142857143,333847.1993106604,269873.0,1275389.0,1015159.5714285715,564399.1876596562,269873.0,2258404.0,661064.5,564832.6649467171,0.0,2258404.0,867494.4666666667,690915.9883319348,0.0,2997437.0,16.857142857142858,20.428571428571427,13.1,148,21904,0.16059523633350106,0.362262749870539,0.8198510001863871,0.999032620871337
2024-04-28,385103.0,12.0,2024,4,2,28,6,119,17,1,0,0,0.8660254037844387,-0.4999999999999998,-0.7818314824680299,0.6234898018587334,0.8880573226294932,-0.45973273945210397,1254817.0,660425.0,1275389.0,745851.0,708211.0,0.0,515942.0,589188.0,782033.0,10.0,19.0,20.0,11.0,1063543.6666666667,349262.50350894156,660425.0,1275389.0,830347.4285714285,362924.70830364537,269873.0,1275389.0,1052068.7857142857,561775.9425654135,269873.0,2258404.0,672187.5,573351.9150367666,0.0,2258404.0,838450.8,634158.7347155769,0.0,2430213.0,15.285714285714286,20.214285714285715,12.966666666666667,149,22201,-0.48367301243814115,-0.34638349728779266,1.5111951417238088,1.8667663412366342
2024-04-29,1097911.0,16.0,2024,4,2,29,0,120,18,0,0,0,0.8660254037844387,-0.4999999999999998,0.0,1.0,0.8800122039735357,-0.47495107206704995,385103.0,1254817.0,660425.0,976839.0,2258404.0,278779.0,1108960.0,409171.0,613957.0,12.0,15.0,24.0,9.0,766781.6666666666,444504.6859790498,385103.0,1254817.0,778812.0,400582.43332469504,269873.0,1275389.0,1028989.6428571428,583216.9969702675,269873.0,2258404.0,665384.6666666666,575577.0829084514,0.0,2258404.0,831835.3,636822.0372078606,0.0,2430213.0,14.285714285714286,19.642857142857142,13.0,150,22500,0.12394263537798962,1.6832571223278288,0.494474918208759,0.578767469844511
2024-04-30,1126324.0,16.0,2024,4,2,30,1,121,18,0,0,1,0.8660254037844387,-0.4999999999999998,0.7818314824680298,0.6234898018587336,0.8717063187093218,-0.4900286664290592,1097911.0,385103.0,1254817.0,269873.0,430449.0,485037.0,95500.0,515942.0,286377.0,16.0,8.0,10.0,10.0,912610.3333333334,463522.2359815477,385103.0,1254817.0,796108.0,412979.6470146365,269873.0,1275389.0,946097.2857142857,465662.58368040767,269873.0,2026362.0,688342.6666666666,578732.3205263519,0.0,2258404.0,839901.2,637080.4424274747,0.0,2430213.0,14.428571428571429,19.071428571428573,13.233333333333333,151,22801,3.173533476857633,1.1830438305080804,1.3790980620719802,1.5950064599608336
2024-05-01,629150.0,14.0,2024,5,2,1,2,122,18,0,1,0,0.49999999999999994,-0.8660254037844387,0.9749279121818236,-0.22252093395631434,0.8631421280499114,-0.5049610547215204,1126324.0,1097911.0,385103.0,629238.0,2026362.0,190410.0,0.0,1108960.0,117952.0,16.0,12.0,49.0,24.0,869779.3333333334,419982.3635729643,385103.0,1126324.0,918458.1428571428,353705.5183625824,385103.0,1275389.0,995802.6428571428,442974.31272107566,269873.0,2026362.0,708688.7333333333,583174.6840518379,0.0,2258404.0,853900.3166666667,633931.8840275845,0.0,2430213.0,15.571428571428571,19.5,13.433333333333334,152,23104,-0.00013985169363579442,-0.43266664262011256,1.2263204466740611,1.589307049799296
2024-05-02,1415565.0,28.0,2024,5,2,2,3,123,18,0,0,0,0.49999999999999994,-0.8660254037844387,0.43388373911755823,-0.900968867902419,0.854322169749827,-0.5197438121555155,629150.0,1126324.0,1097911.0,1275389.0,1279906.0,354450.0,0.0,95500.0,2019339.0,14.0,28.0,26.0,2.0,951128.3333333334,279203.08020208793,629150.0,1126324.0,918445.5714285715,353717.5124549052,385103.0,1275389.0,896001.7857142857,337852.92193820357,269873.0,1279906.0,692695.0666666667,578378.3528830584,0.0,2258404.0,862420.2833333333,627273.4349809635,0.0,2430213.0,15.857142857142858,17.0,13.1,153,23409,0.10990842793845643,13.822670157068062,0.68501609629562,0.9082640115044369
2024-05-08,697630.0,13.0,2024,5,2,8,2,129,19,0,0,0,0.49999999999999994,-0.8660254037844387,0.9749279121818236,-0.22252093395631434,0.7961828637826158,-0.6050560696488488,611496.0,1002362.0,3978360.0,629150.0,629238.0,2026362.0,190410.0,278779.0,438375.0,5.0,14.0,12.0,3.0,1864072.6666666667,1841426.6896646556,611496.0,3978360.0,1499970.7142857143,1176391.4208510295,611496.0,3978360.0,1209214.4285714286,887415.2293289955,385103.0,3978360.0,1018533.2333333333,757068.643009961,190410.0,3978360.0,908447.75,723562.2977206133,0.0,3978360.0,21.0,18.285714285714285,17.466666666666665,159,25281,0.10884526742430263,1.502448175795164,0.40767195930968175,0.6003692172112728
2024-05-09,1128243.0,15.0,2024,5,2,9,3,130,19,0,0,0,0.49999999999999994,-0.8660254037844387,0.43388373911755823,-0.900968867902419,0.7856498550787147,-0.6186714032625031,697630.0,611496.0,1002362.0,1415565.0,1275389.0,1279906.0,354450.0,485037.0,607684.0,13.0,28.0,28.0,11.0,770496.0,205368.32266929222,611496.0,1002362.0,1509753.5714285714,1168198.9432188417,611496.0,3978360.0,1214099.5714285714,884159.1888235024,385103.0,3978360.0,1032494.9333333333,746747.65308064,190410.0,3978360.0,912768.6666666666,721478.6727229883,0.0,3978360.0,20.857142857142858,18.357142857142858,17.8,160,25600,-0.2029733710567865,1.3260967719988372,0.46208203325519065,0.6756740178353741
2024-05-10,257508.0,9.0,2024,5,2,10,4,131,19,0,0,0,0.49999999999999994,-0.8660254037844387,-0.433883739117558,-0.9009688679024191,0.7748840413670407,-0.6321034111873487,1128243.0,697630.0,611496.0,1849233.0,660425.0,1132015.0,671137.0,190410.0,2430213.0,15.0,10.0,15.0,5.0,812456.3333333334,276849.563160811,611496.0,1128243.0,1468707.5714285714,1177073.9169608757,611496.0,3978360.0,1203589.142857143,884249.1606152352,385103.0,3978360.0,1053935.1333333333,739687.6484841766,190410.0,3978360.0,921444.65,720877.4456802177,0.0,3978360.0,19.0,17.428571428571427,17.933333333333334,161,25921,-0.8607487536724685,0.35238695446667717,0.7681876378580857,1.0705051613865926
2024-05-11,586766.0,15.0,2024,5,2,11,5,132,19,1,0,0,0.49999999999999994,-0.8660254037844387,-0.9749279121818236,-0.2225209339563146,0.7638886127905428,-0.6453481132295501,257508.0,1128243.0,697630.0,1013629.0,1254817.0,1081184.0,738088.0,354450.0,1834926.0,9.0,20.0,10.0,7.0,694460.3333333334,435376.1536261855,257508.0,1128243.0,1241318.2857142857,1243200.280537655,257508.0,3978360.0,1174809.357142857,909484.2956523482,257508.0,3978360.0,1056171.7333333334,737083.4218848257,257508.0,3978360.0,885232.9,698011.044795131,0.0,3978360.0,18.857142857142858,17.0,18.066666666666666,162,26244,-0.4211235077133744,0.6554267174495697,0.20744719784082086,0.24381262239171203
2024-05-12,868047.0,19.0,2024,5,2,12,6,133,19,1,0,0,0.49999999999999994,-0.8660254037844387,-0.7818314824680299,0.6234898018587334,0.7526668275320085,-0.6584015846980488,586766.0,257508.0,1128243.0,3978360.0,385103.0,745851.0,708211.0,671137.0,528689.0,15.0,43.0,12.0,11.0,657505.6666666666,439656.61076154857,257508.0,1128243.0,1180337.857142857,1266481.189516637,257508.0,3978360.0,1127091.4285714286,922397.2800664348,257508.0,3978360.0,1063915.6,730649.132291497,257508.0,3978360.0,864430.2333333333,687751.7554516748,0.0,3978360.0,18.142857142857142,17.357142857142858,18.333333333333332,163,26569,-0.7818078303622599,0.2933976222440426,0.4971169876905705,0.5515155525494692
2024-05-13,1043034.0,14.0,2024,5,2,13,0,134,20,0,0,0,0.49999999999999994,-0.8660254037844387,0.0,1.0,0.7412220108485958,-0.6712599575675313,868047.0,586766.0,257508.0,1002362.0,1097911.0,976839.0,2258404.0,738088.0,829153.0,19.0,27.0,16.0,13.0,570773.6666666666,305583.51342036074,257508.0,868047.0,736007.4285714285,291672.9274523414,257508.0,1128243.0,1161587.4285714286,901303.1250181568,257508.0,3978360.0,1070479.2666666666,727878.1991059019,257508.0,3978360.0,870086.2,686337.833231746,0.0,3978360.0,14.714285714285714,17.857142857142858,18.6,164,26896,0.04057615911217704,0.41315669676244565,1.1793997809028325,0.8108956679777514
2024-05-14,1371539.0,26.0,2024,5,2,14,1,135,20,0,0,0,0.49999999999999994,-0.8660254037844387,0.7818314824680298,0.6234898018587336,0.7295575540864875,-0.6839194216246106,1043034.0,868047.0,586766.0,611496.0,1126324.0,269873.0,430449.0,708211.0,564572.0,14.0,5.0,16.0,20.0,832615.6666666666,230188.30659338867,586766.0,1043034.0,741817.7142857143,298195.3558640787,257508.0,1128243.0,1157667.642857143,901720.5913383771,257508.0,3978360.0,1080644.1333333333,725200.6395938246,257508.0,3978360.0,873650.8833333333,686676.9730636582,0.0,3978360.0,12.857142857142858,17.714285714285715,18.633333333333333,165,27225,1.2429239111948402,0.9366248194394043,1.4060516214611058,0.9651965599282699
2024-05-15,1127786.0,13.0,2024,5,2,15,2,136,20,0,0,0,0.49999999999999994,-0.8660254037844387,0.9749279121818236,-0.22252093395631434,0.717676913675962,-0.6963762255968722,1371539.0,1043034.0,868047.0,697630.0,629150.0,629238.0,2026362.0,2258404.0,559503.0,26.0,13.0,14.0,24.0,1094206.6666666667,255616.95928934767,868047.0,1371539.0,850395.2857142857,372058.3168669993,257508.0,1371539.0,1175183.0,903444.8528623013,257508.0,3978360.0,1102755.0666666667,723564.205997283,257508.0,3978360.0,887100.3333333334,688421.1882454746,0.0,3978360.0,15.857142857142858,18.428571428571427,18.833333333333332,166,27556,0.6165961899574273,-0.5006269914505996,1.6128252626047686,1.2437385612253817
2024-05-16,790782.0,15.0,2024,5,2,16,3,137,20,0,0,0,0.49999999999999994,-0.8660254037844387,0.43388373911755823,-0.900968867902419,0.705583610107178,-0.7086266782644596,1127786.0,1371539.0,1043034.0,1128243.0,1415565.0,1275389.0,1279906.0,430449.0,1154235.0,13.0,15.0,28.0,10.0,1180786.3333333333,170545.1853800982,1043034.0,1371539.0,911846.1428571428,378095.94634317694,257508.0,1371539.0,1210799.857142857,889991.2886118917,257508.0,3978360.0,1065067.8,689960.064667884,257508.0,3978360.0,896571.7166666667,687746.5950884572,0.0,3978360.0,15.857142857142858,18.357142857142858,18.466666666666665,167,27889,-0.29910311874303674,0.8371096227427639,1.23681611073798,1.058886579802713
2024-05-17,317859.0,7.0,2024,5,2,17,4,138,20,0,0,0,0.49999999999999994,-0.8660254037844387,-0.433883739117558,-0.9009688679024191,0.6932812268869777,-0.7206671495538609,790782.0,1127786.0,1371539.0,257508.0,1849233.0,660425.0,1132015.0,2026362.0,567931.0,15.0,9.0,10.0,49.0,1096702.3333333333,291623.59131649835,790782.0,1371539.0,863637.4285714285,367264.5807905867,257508.0,1371539.0,1166172.5,894586.3780789553,257508.0,3978360.0,1077078.9,681617.384768244,257508.0,3978360.0,890514.1666666666,687038.9279936894,0.0,3978360.0,15.857142857142858,17.428571428571427,18.633333333333333,168,28224,0.2343655342746633,-0.8431380967467806,0.9156411867281607,0.7341913391860151
2024-05-18,795937.0,13.0,2024,5,2,18,5,139,20,1,0,0,0.49999999999999994,-0.8660254037844387,-0.9749279121818236,-0.2225209339563146,0.6807734094770161,-0.7324940716135789,317859.0,790782.0,1127786.0,586766.0,1013629.0,1254817.0,1081184.0,1279906.0,443480.0,7.0,15.0,20.0,26.0,745475.6666666666,406859.84590806207,317859.0,1127786.0,872259.0,351012.9442712899,317859.0,1371539.0,1056788.642857143,898257.2355036775,257508.0,3978360.0,1020128.8,670857.4686289185,257508.0,3978360.0,886346.3,689782.0658027645,0.0,3978360.0,15.571428571428571,17.214285714285715,17.233333333333334,169,28561,0.35648111853788395,-0.3781285500653954,0.36440896568565073,0.311587125076755
2024-05-19,565215.0,7.0,2024,5,2,19,6,140,20,1,0,0,0.49999999999999994,-0.8660254037844387,-0.7818314824680299,0.6234898018587334,0.6680638642135335,-0.7441039398713607,795937.0,317859.0,790782.0,868047.0,3978360.0,385103.0,745851.0,1132015.0,1541964.0,13.0,19.0,43.0,26.0,634859.3333333334,274542.4411750066,317859.0,795937.0,902140.5714285715,330990.6742728845,317859.0,1371539.0,1041239.2142857143,900942.0127056912,257508.0,3978360.0,1003996.5,670213.8822199432,257508.0,3978360.0,892220.5833333334,687443.4515967829,0.0,3978360.0,15.285714285714286,16.714285714285715,16.8,170,28900,-0.3488659024223343,-0.5007000790625566,0.882276027936096,0.792768699890886
2024-05-20,773627.0,10.0,2024,5,2,20,0,141,21,0,0,0,0.49999999999999994,-0.8660254037844387,0.0,1.0,0.6551563572090853,-0.7554933140726803,565215.0,795937.0,317859.0,1043034.0,1002362.0,1097911.0,976839.0,1081184.0,368132.0,7.0,14.0,27.0,21.0,559670.3333333334,239087.22470540326,317859.0,795937.0,858878.8571428572,355101.9563315244,317859.0,1371539.0,797443.1428571428,318634.5668934289,257508.0,1371539.0,985103.1666666666,674456.2181735531,257508.0,3978360.0,875941.4333333333,683349.1420935661,0.0,3978360.0,13.571428571428571,14.142857142857142,16.166666666666668,171,29241,-0.25829167601439645,-0.28446314410868084,0.6580846592035597,0.5737622404692301
2024-05-21,2447114.0,20.0,2024,5,2,21,1,142,21,0,0,0,0.49999999999999994,-0.8660254037844387,0.7818314824680298,0.6234898018587336,0.6420547132365637,-0.766658819300159,773627.0,565215.0,795937.0,1371539.0,611496.0,1126324.0,269873.0,745851.0,821042.0,10.0,26.0,5.0,19.0,711593.0,127256.91803591131,565215.0,795937.0,820392.1428571428,346306.84096930944,317859.0,1371539.0,781104.9285714285,313135.77579246473,257508.0,1371539.0,974851.2666666667,675282.3704577953,257508.0,3978360.0,882699.6833333333,680239.9169996657,0.0,3978360.0,13.0,12.928571428571429,15.8,172,29584,0.7842102922337607,2.2809689871033223,0.9429965983166587,0.7935846487077789
2024-05-22,880595.0,10.0,2024,5,2,22,2,143,21,0,0,0,0.49999999999999994,-0.8660254037844387,0.9749279121818236,-0.22252093395631434,0.6287628145958344,-0.7775971469736269,2447114.0,773627.0,565215.0,1127786.0,697630.0,629150.0,629238.0,976839.0,945543.0,20.0,13.0,13.0,15.0,1261985.3333333333,1031628.0133130992,565215.0,2447114.0,974045.7142857143,694834.0054635863,317859.0,2447114.0,912220.5,539290.354040275,257508.0,2447114.0,1031560.0333333333,724992.7948037918,257508.0,3978360.0,909800.8833333333,709504.1992672544,0.0,3978360.0,12.142857142857142,14.0,15.833333333333334,173,29929,-0.21918253994995504,-0.09852595975385914,2.5123194569923384,2.37224584214698
2024-05-23,881686.0,14.0,2024,5,2,23,3,144,21,0,0,0,0.49999999999999994,-0.8660254037844387,0.43388373911755823,-0.900968867902419,0.6152845999633276,-0.7883050558305255,880595.0,2447114.0,773627.0,790782.0,1128243.0,1415565.0,1275389.0,269873.0,1456908.0,10.0,15.0,15.0,8.0,1367112.0,936837.1140486475,773627.0,2447114.0,938732.7142857143,691993.939720263,317859.0,2447114.0,925289.4285714285,535896.3053065278,257508.0,2447114.0,1028351.9,725456.0826846532,257508.0,3978360.0,908718.4166666666,709498.288940575,0.0,3978360.0,11.714285714285714,13.785714285714286,15.666666666666666,174,30276,0.11495456396326674,2.2670404227173524,0.9380678723549636,0.8563167919464144
2024-05-24,1143137.0,20.0,2024,5,2,24,4,145,21,0,0,0,0.49999999999999994,-0.8660254037844387,-0.433883739117558,-0.9009688679024191,0.6016240632249226,-0.7987793728863649,881686.0,880595.0,2447114.0,317859.0,257508.0,1849233.0,660425.0,629238.0,2342404.0,14.0,7.0,9.0,12.0,1403131.6666666667,904115.386333145,880595.0,2447114.0,951719.0,689603.5194339326,317859.0,2447114.0,907678.2142857143,532755.6799828866,257508.0,2447114.0,1048745.6666666667,711871.0843707558,257508.0,3978360.0,899131.3833333333,705842.2755390945,0.0,3978360.0,11.571428571428571,13.714285714285714,15.866666666666667,175,30625,2.596365054945746,0.8167005171334217,0.9264142041926241,0.8407052615553119
2024-05-25,1533921.0,36.0,2024,5,2,25,5,146,21,1,0,0,0.49999999999999994,-0.8660254037844387,-0.9749279121818236,-0.2225209339563146,0.5877852522924732,-0.8090169943749473,1143137.0,881686.0,880595.0,795937.0,586766.0,1013629.0,1254817.0,1275389.0,854145.0,20.0,13.0,15.0,28.0,968472.6666666666,151264.7334124259,880595.0,1143137.0,1069615.857142857,631253.0861639219,565215.0,2447114.0,970937.4285714285,501265.116920672,317859.0,2447114.0,1065875.6333333333,707598.4822601454,257508.0,3978360.0,879143.6,680816.035336962,0.0,3978360.0,13.428571428571429,14.5,16.133333333333333,176,30976,0.9271889609353504,0.20270835015826544,1.0687360255237162,1.0724862866271234
2024-05-26,987614.0,21.0,2024,5,2,26,6,147,21,1,0,0,0.49999999999999994,-0.8660254037844387,-0.7818314824680299,0.6234898018587334,0.5737722679043246,-0.8190148866680801,1533921.0,1143137.0,881686.0,565215.0,868047.0,3978360.0,385103.0,660425.0,2022081.0,36.0,7.0,19.0,15.0,1186248.0,328247.6847549709,881686.0,1533921.0,1175042.142857143,639499.6728626807,565215.0,2447114.0,1038591.3571428572,509279.3841974712,317859.0,2447114.0,1074493.3666666667,711799.938122411,257508.0,3978360.0,890473.2,686029.1648655786,0.0,3978360.0,16.714285714285715,16.0,16.4,177,31329,0.7473244694496785,0.4954218874209789,1.305417860392849,1.427576053594995
2024-05-27,987401.0,19.0,2024,5,2,27,0,148,22,0,0,0,0.49999999999999994,-0.8660254037844387,0.0,1.0,0.5595892624101765,-0.8287700871745038,987614.0,1533921.0,1143137.0,773627.0,1043034.0,1002362.0,1097911.0,1254817.0,921127.0,21.0,10.0,14.0,10.0,1221557.3333333333,281469.6183823968,987614.0,1533921.0,1235384.857142857,590410.9376734782,773627.0,2447114.0,1047131.8571428572,507197.6959738769,317859.0,2447114.0,1085399.6666666667,707731.7433572353,257508.0,3978360.0,873232.0833333334,669917.647904913,0.0,3978360.0,18.714285714285715,16.142857142857142,16.6,178,31684,0.2763269637693617,-0.21311155331813325,0.7994383242515288,0.9099081475057267
2024-05-28,610323.0,14.0,2024,5,2,28,1,149,22,0,0,0,0.49999999999999994,-0.8660254037844387,0.7818314824680298,0.6234898018587336,0.545240438540651,-0.8382797052177744,987401.0,987614.0,1533921.0,2447114.0,1371539.0,611496.0,1126324.0,385103.0,589188.0,19.0,20.0,26.0,12.0,1169645.3333333333,315471.9992904793,987401.0,1533921.0,1265924.0,567635.1016853458,880595.0,2447114.0,1043158.0714285715,507450.1450053178,317859.0,2447114.0,1076485.8,707208.2118266115,257508.0,3978360.0,874336.65,670052.5789884041,0.0,3978360.0,20.0,16.5,16.9,179,32041,-0.7505947822618807,0.5848305518263945,0.7799844224455813,0.917244797841272
2024-05-29,894206.0,18.0,2024,5,2,29,2,150,22,0,0,0,0.49999999999999994,-0.8660254037844387,0.9749279121818236,-0.22252093395631434,0.5307300481619334,-0.8475409228928311,610323.0,987401.0,987614.0,880595.0,1127786.0,697630.0,629150.0,1097911.0,409171.0,14.0,10.0,13.0,16.0,861779.3333333334,217767.5986512514,610323.0,987614.0,1003525.2857142857,284572.4600991885,610323.0,1533921.0,988785.5,510331.4412549423,317859.0,2447114.0,1083993.1333333333,700782.0008742322,257508.0,3978360.0,874688.9,669905.6734501017,0.0,3978360.0,19.142857142857142,15.642857142857142,16.966666666666665,180,32400,0.015456594688818355,-0.18553871853000836,0.6081789952762241,0.5630321643488886
2024-05-30,963212.0,14.0,2024,5,2,30,3,151,22,0,0,0,0.49999999999999994,-0.8660254037844387,0.43388373911755823,-0.900968867902419,0.5160623910158528,-0.8565509959010036,894206.0,610323.0,987401.0,881686.0,790782.0,1128243.0,1415565.0,1126324.0,515942.0,18.0,14.0,15.0,16.0,830643.3333333334,196410.57498600363,610323.0,987401.0,1005469.7142857143,283637.472767447,610323.0,1533921.0,972101.2142857143,509254.6111340169,317859.0,2447114.0,1077202.9666666666,701628.8739928798,257508.0,3978360.0,882772.8166666667,667113.6422307089,0.0,3978360.0,20.285714285714285,16.0,17.033333333333335,181,32761,0.09246602531967163,-0.14481800973787293,0.8893415557874301,0.8301183970622188
2024-05-31,3377597.0,16.0,2024,5,2,31,4,152,22,0,0,1,0.49999999999999994,-0.8660254037844387,-0.433883739117558,-0.9009688679024191,0.5012418134457758,-0.865307254363206,963212.0,894206.0,610323.0,1143137.0,317859.0,257508.0,1849233.0,629150.0,1108960.0,14.0,20.0,7.0,14.0,822580.3333333334,187030.31485385617,610323.0,963212.0,1017116.2857142857,279348.9764492391,610323.0,1533921.0,984417.6428571428,506610.30429096706,317859.0,2447114.0,1071765.9,701867.052975987,257508.0,3978360.0,890227.3166666667,665441.9651160488,0.0,3978360.0,20.285714285714285,15.928571428571429,16.966666666666665,182,33124,1.954673849241167,4.368508304855758,0.9470028290064881,0.8987149152627454
2024-06-01,1164967.0,25.0,2024,6,2,1,5,153,22,1,1,0,1.2246467991473532e-16,-1.0,-0.9749279121818236,-0.2225209339563146,0.48627270710868997,-0.8738071036110808,3377597.0,963212.0,894206.0,1533921.0,795937.0,586766.0,1013629.0,1415565.0,95500.0,16.0,36.0,13.0,28.0,1745005.0,1414287.0768896244,894206.0,3377597.0,1336324.857142857,940828.0308174333,610323.0,3377597.0,1202970.357142857,782048.344539627,565215.0,3377597.0,1163380.8,812723.2419311402,257508.0,3978360.0,928037.9333333333,738520.6573446053,0.0,3978360.0,19.714285714285715,16.571428571428573,17.033333333333335,183,33489,-0.24052998818061685,-0.17703037303126312,2.5275268823641475,2.903260050363561
2024-06-02,791273.0,25.0,2024,6,2,2,6,154,22,1,0,0,1.2246467991473532e-16,-1.0,-0.7818314824680299,0.6234898018587334,0.4711595076738638,-0.8820480249558537,1164967.0,3377597.0,963212.0,987614.0,565215.0,868047.0,3978360.0,1849233.0,0.0,25.0,21.0,7.0,10.0,1835258.6666666667,1339508.0891350866,963212.0,3377597.0,1283617.142857143,938244.5362614566,610323.0,3377597.0,1229329.642857143,773445.6226564359,565215.0,3377597.0,1155027.5333333334,811328.5253352502,257508.0,3978360.0,945862.3833333333,730953.7098339659,0.0,3978360.0,18.142857142857142,17.428571428571427,16.933333333333334,184,33856,-0.1988033786479333,-0.572107462931929,0.9075657850805535,1.0086053937069206
2024-06-03,1580554.0,23.0,2024,6,2,3,0,155,23,0,0,0,1.2246467991473532e-16,-1.0,0.0,1.0,0.4559066935084588,-0.8900275764346767,791273.0,1164967.0,3377597.0,987401.0,773627.0,1043034.0,1002362.0,1013629.0,0.0,25.0,19.0,10.0,20.0,1777945.6666666667,1397882.360066587,791273.0,3377597.0,1255568.4285714286,951410.7630916409,610323.0,3377597.0,1245476.642857143,760770.4045976241,610323.0,3377597.0,1119762.2,803064.2204571449,257508.0,3978360.0,959050.2666666667,720664.8677214176,0.0,3978360.0,18.714285714285715,18.714285714285715,17.433333333333334,185,34225,0.60072149005318,0.5593022693707461,0.6302109721732183,0.7066437856180535
2024-06-04,591784.0,18.0,2024,6,2,4,1,156,23,0,0,0,1.2246467991473532e-16,-1.0,0.7818314824680298,0.6234898018587336,0.440518784350495,-0.8977433935342337,1580554.0,791273.0,1164967.0,610323.0,2447114.0,1371539.0,611496.0,3978360.0,0.0,23.0,14.0,20.0,43.0,1178931.3333333333,394825.75421865814,791273.0,1580554.0,1340304.5714285714,949959.2092388065,610323.0,3377597.0,1303114.2857142857,752797.6687110793,610323.0,3377597.0,1138659.7,807140.6211028025,257508.0,3978360.0,985392.8333333334,713869.4614319853,0.0,3978360.0,19.285714285714285,19.642857142857142,17.533333333333335,186,34596,-0.030375719086450946,-0.8512492584884224,1.1792498762541392,1.3880828486333538
2024-06-05,901580.0,19.0,2024,6,2,5,2,157,23,0,0,0,1.2246467991473532e-16,-1.0,0.9749279121818236,-0.22252093395631434,0.42500033996955416,-0.9051931898913974,591784.0,1580554.0,791273.0,894206.0,880595.0,1127786.0,697630.0,1002362.0,0.0,18.0,18.0,10.0,27.0,987870.3333333334,522880.87728500133,591784.0,1580554.0,1337656.142857143,952356.3625130787,591784.0,3377597.0,1170590.7142857143,697166.6151992464,591784.0,3377597.0,1025773.8333333334,608720.5959882997,257508.0,3377597.0,995255.9,704044.7181314097,0.0,3978360.0,19.857142857142858,19.5,16.7,187,34969,0.008246421965408418,-0.10054451385826678,0.4424036798694689,0.5769146967582035
2024-06-06,4280404.0,79.0,2024,6,2,6,3,158,23,0,0,0,1.2246467991473532e-16,-1.0,0.43388373911755823,-0.900968867902419,0.4093559588156213,-0.9123747579707273,901580.0,591784.0,1580554.0,963212.0,881686.0,790782.0,1128243.0,611496.0,0.0,19.0,14.0,14.0,5.0,1024639.3333333334,505741.26573311427,591784.0,1580554.0,1338709.5714285714,951788.0062021613,591784.0,3377597.0,1172089.642857143,696517.4113793247,591784.0,3377597.0,1022414.4333333333,609132.2143632545,257508.0,3377597.0,1010282.2333333333,691960.5206817184,0.0,3978360.0,20.0,20.142857142857142,16.433333333333334,188,35344,3.4438856658762558,5.999888797310203,0.6734694509115228,0.8818146248783069
2024-06-07,823253.0,20.0,2024,6,2,7,4,159,23,0,0,0,1.2246467991473532e-16,-1.0,-0.433883739117558,-0.9009688679024191,0.39359027665646673,-0.9192859697186104,4280404.0,901580.0,591784.0,3377597.0,1143137.0,317859.0,257508.0,697630.0,278779.0,79.0,16.0,20.0,13.0,1924589.3333333333,2046067.06834486,591784.0,4280404.0,1812594.142857143,1436198.9200765828,591784.0,4280404.0,1414855.2142857143,1076281.5869125288,591784.0,4280404.0,1144711.3666666667,846028.5607645548,257508.0,4280404.0,1081622.3,798488.1290295189,190410.0,4280404.0,29.285714285714285,24.785714285714285,18.9,189,35721,-0.7562607380335783,0.18007109785989708,2.361479549554825,3.7392867098579523
2024-06-08,1416835.0,21.0,2024,6,2,8,5,160,23,1,0,0,1.2246467991473532e-16,-1.0,-0.9749279121818236,-0.2225209339563146,0.3777079652039649,-0.9259247771938498,823253.0,4280404.0,901580.0,1164967.0,1533921.0,795937.0,586766.0,1128243.0,485037.0,20.0,25.0,36.0,15.0,2001745.6666666667,1973764.5831720484,823253.0,4280404.0,1447687.857142857,1289280.79439552,591784.0,4280404.0,1392006.357142857,1085846.713732412,591784.0,4280404.0,1148898.8,844047.9872448994,257508.0,4280404.0,1090696.8666666667,792279.1699501709,190410.0,4280404.0,29.857142857142858,24.785714285714285,19.133333333333333,190,36100,0.2162018323265809,0.2557888681782205,0.5686674761676624,0.7165583252415269
2024-06-09,627830.0,16.0,2024,6,2,9,6,161,23,1,0,0,1.2246467991473532e-16,-1.0,-0.7818314824680299,0.6234898018587334,0.36171373072976765,-0.9322892131745133,1416835.0,823253.0,4280404.0,791273.0,987614.0,565215.0,868047.0,257508.0,190410.0,21.0,25.0,21.0,9.0,2173497.3333333335,1848614.7987653702,823253.0,4280404.0,1483669.0,1283577.5601824766,591784.0,4280404.0,1383643.0714285714,1085120.255171427,591784.0,4280404.0,1158518.5333333334,845447.8532728711,257508.0,4280404.0,1106226.8333333333,789332.9314232321,190410.0,4280404.0,29.285714285714285,23.714285714285715,19.333333333333332,191,36481,-0.2065570289899946,1.4380990105161782,0.9549535644405861,1.2229713718290105
2024-06-10,662053.0,23.0,2024,6,2,10,0,162,24,0,0,0,1.2246467991473532e-16,-1.0,0.0,1.0,0.3456123126707335,-0.9383773917408641,627830.0,1416835.0,823253.0,1580554.0,987401.0,773627.0,1043034.0,586766.0,354450.0,16.0,23.0,19.0,15.0,955972.6666666666,410905.2262338996,627830.0,1416835.0,1460320.0,1299657.6511093217,591784.0,4280404.0,1357944.2142857143,1099387.4491065945,591784.0,4280404.0,1170862.6,834471.1140283803,317859.0,4280404.0,1113517.1666666667,782723.3665216744,257508.0,4280404.0,28.0,23.357142857142858,19.566666666666666,192,36864,-0.5811259849394579,0.12830838869327807,0.42992631751944776,0.5362115076525631
2024-06-11,1186290.0,23.0,2024,6,2,11,1,163,24,0,0,0,1.2246467991473532e-16,-1.0,0.7818314824680298,0.6234898018587336,0.3294084822245304,-0.9441875088341993,662053.0,627830.0,1416835.0,591784.0,610323.0,2447114.0,1371539.0,868047.0,671137.0,23.0,18.0,14.0,19.0,902239.3333333334,445981.3096378953,627830.0,1416835.0,1329105.5714285714,1331472.4596724806,591784.0,4280404.0,1334705.0714285714,1111197.809092199,591784.0,4280404.0,1173372.1666666667,832765.4096434524,317859.0,4280404.0,1118643.8833333333,778664.1775033182,257508.0,4280404.0,28.0,23.642857142857142,19.833333333333332,193,37249,1.0045996512240953,0.3666195494022789,0.4981191970239062,0.5642310417851227
2024-06-12,1565389.0,17.0,2024,6,2,12,2,164,24,0,0,0,1.2246467991473532e-16,-1.0,0.9749279121818236,-0.22252093395631434,0.3131070409358269,-0.9497178427914316,1186290.0,662053.0,627830.0,901580.0,894206.0,880595.0,1127786.0,1043034.0,738088.0,23.0,19.0,18.0,14.0,825391.0,313015.76570997044,627830.0,1186290.0,1414035.0,1295065.9956210726,627830.0,4280404.0,1375845.5714285714,1092825.8887209464,591784.0,4280404.0,1183980.2666666666,830766.4939558234,317859.0,4280404.0,1127229.7666666666,776483.2358870166,257508.0,4280404.0,28.714285714285715,24.285714285714285,19.966666666666665,194,37636,0.7362729874220812,0.5008034253916939,0.8389396302071731,1.0019508208019683
2024-06-13,697944.0,19.0,2024,6,2,13,3,165,24,0,0,0,1.2246467991473532e-16,-1.0,0.43388373911755823,-0.900968867902419,0.29671281927349075,-0.9549667548552551,1565389.0,1186290.0,662053.0,4280404.0,963212.0,881686.0,790782.0,1371539.0,708211.0,17.0,79.0,14.0,26.0,1137910.6666666667,453607.1010735302,662053.0,1565389.0,1508864.857142857,1275442.7069149269,627830.0,4280404.0,1423787.2142857143,1084763.7785617507,591784.0,4280404.0,1201392.1,833181.0183429884,317859.0,4280404.0,1141018.1166666667,776801.2616356794,257508.0,4280404.0,28.428571428571427,24.214285714285715,20.066666666666666,195,38025,-0.8369443631956236,-0.49112347516184374,1.0374613687830039,1.3029792687999195
2024-06-14,579164.0,16.0,2024,6,2,14,4,166,24,0,0,0,1.2246467991473532e-16,-1.0,-0.433883739117558,-0.9009688679024191,0.28023067519921585,-0.9599326896597447,697944.0,1565389.0,1186290.0,823253.0,3377597.0,1143137.0,317859.0,1127786.0,2258404.0,19.0,20.0,16.0,13.0,1149874.3333333333,434867.54603020434,697944.0,1565389.0,997084.8571428572,387998.41689858556,627830.0,1565389.0,1404839.5,1095689.264627926,591784.0,4280404.0,1178938.9333333333,837502.7195323398,317859.0,4280404.0,1140847.0,776899.3425673804,257508.0,4280404.0,19.857142857142858,24.571428571428573,19.833333333333332,196,38416,-0.29649330157314946,-0.4864593105429576,0.6999845549755472,0.592010307121364
2024-06-15,1087137.0,16.0,2024,6,2,15,5,167,24,1,0,0,1.2246467991473532e-16,-1.0,-0.9749279121818236,-0.2225209339563146,0.26366549272800704,-0.9646141756912435,579164.0,697944.0,1565389.0,1416835.0,1164967.0,1533921.0,795937.0,790782.0,430449.0,16.0,21.0,25.0,15.0,947499.0,538394.1039563852,579164.0,1565389.0,962215.0,416170.15927222086,579164.0,1565389.0,1204951.4285714286,954243.5200470594,579164.0,4280404.0,1160651.5333333334,844617.7227435291,317859.0,4280404.0,1112859.6666666667,766129.8227712329,257508.0,4280404.0,19.285714285714285,24.571428571428573,19.933333333333334,197,38809,-0.23270034972315054,0.3747619445055654,0.6019070581938548,0.4989990392178002
2024-06-16,899638.0,20.0,2024,6,2,16,6,168,24,1,0,0,1.2246467991473532e-16,-1.0,-0.7818314824680299,0.6234898018587334,0.24702218048093552,-0.9690098257244062,1087137.0,579164.0,697944.0,627830.0,791273.0,987614.0,565215.0,317859.0,2026362.0,16.0,16.0,25.0,7.0,788081.6666666666,265711.7637522518,579164.0,1087137.0,915115.2857142857,372510.1987184204,579164.0,1565389.0,1199392.142857143,954720.9760737475,579164.0,4280404.0,1170530.0333333334,841871.2163298634,317859.0,4280404.0,1123804.4666666666,760888.5242502422,257508.0,4280404.0,18.571428571428573,23.928571428571427,19.966666666666665,198,39204,0.43293248172275933,1.8303052611378001,1.187978189164925,0.9287561780060832
2024-06-17,1059340.0,18.0,2024,6,2,17,0,169,25,0,0,0,1.2246467991473532e-16,-1.0,0.0,1.0,0.23030567023061221,-0.9731183372332619,899638.0,1087137.0,579164.0,662053.0,1580554.0,987401.0,773627.0,795937.0,1279906.0,20.0,23.0,23.0,13.0,855313.0,256870.92361923534,579164.0,1087137.0,953945.0,351125.7070480585,579164.0,1565389.0,1207132.5,951591.7990241204,579164.0,4280404.0,1189922.6666666667,828141.2418569482,565215.0,4280404.0,1105025.7333333334,752088.7466573835,257508.0,4280404.0,19.142857142857142,23.571428571428573,20.4,199,39601,0.6000833770106019,0.33093448350811683,0.9430711414180063,0.7560474518231997
2024-06-18,745162.0,31.0,2024,6,2,18,1,170,25,0,0,0,1.2246467991473532e-16,-1.0,0.7818314824680298,0.6234898018587336,0.21352091543979612,-0.9769384927771817,1059340.0,899638.0,1087137.0,1186290.0,591784.0,610323.0,2447114.0,565215.0,1132015.0,18.0,23.0,18.0,7.0,1015371.6666666666,101187.34852901359,899638.0,1087137.0,1010700.2857142857,327387.2839277215,579164.0,1565389.0,1169902.9285714286,946038.0870589861,579164.0,4280404.0,1198702.7666666666,825211.2373263605,565215.0,4280404.0,1101349.6333333333,751758.4441642162,257508.0,4280404.0,18.428571428571427,23.214285714285715,20.566666666666666,200,40000,-0.3718551113134225,0.31836911617702995,1.0481247655444557,0.883738679394055
2024-06-19,577593.0,13.0,2024,6,2,19,2,171,25,0,0,0,1.2246467991473532e-16,-1.0,0.9749279121818236,-0.22252093395631434,0.19667288979357647,-0.980469160361632,745162.0,1059340.0,899638.0,1565389.0,901580.0,894206.0,880595.0,773627.0,1081184.0,31.0,17.0,19.0,10.0,901380.0,157096.24388889427,745162.0,1059340.0,947682.0,330397.3126257724,579164.0,1565389.0,1180858.5,939695.0334000554,579164.0,4280404.0,1204701.0,821091.5172752548,579164.0,4280404.0,1094902.0833333333,753148.6421742562,257508.0,4280404.0,19.571428571428573,24.142857142857142,21.366666666666667,201,40401,-0.63102270426073,-0.25339601642652076,0.7862996237134398,0.6185451825805739
2024-06-20,1714063.0,17.0,2024,6,2,20,3,172,25,0,0,0,1.2246467991473532e-16,-1.0,0.43388373911755823,-0.900968867902419,0.1797665857255624,-0.9837092937736097,577593.0,745162.0,1059340.0,697944.0,4280404.0,963212.0,881686.0,2447114.0,745851.0,13.0,19.0,79.0,20.0,794031.6666666666,244563.33789497658,577593.0,1059340.0,806568.2857142857,212519.282535892,577593.0,1087137.0,1157716.5714285714,951023.0493151707,577593.0,4280404.0,1198166.5333333334,825409.1103716175,577593.0,4280404.0,1086508.9,756104.3503181003,257508.0,4280404.0,19.0,23.714285714285715,21.466666666666665,202,40804,1.4558746833556846,-0.2995573561346141,0.7161117170488444,0.4820640402908933
2024-06-21,878310.0,23.0,2024,6,2,21,4,173,25,0,0,0,1.2246467991473532e-16,-1.0,-0.433883739117558,-0.9009688679024191,0.16280701293851715,-0.986657932891657,1714063.0,577593.0,745162.0,579164.0,823253.0,3377597.0,1143137.0,880595.0,976839.0,17.0,16.0,20.0,10.0,1012272.6666666666,613516.1745303314,577593.0,1714063.0,951728.1428571428,394806.7892076771,577593.0,1714063.0,974406.5,376797.3689561402,577593.0,1714063.0,1173731.5,797540.8982974396,577593.0,4280404.0,1102645.7666666666,759036.9228114426,257508.0,4280404.0,18.714285714285715,19.285714285714285,21.366666666666667,203,41209,0.5165134573281488,-0.0025948364458122067,1.8010006458927272,1.4603535817177948
2024-06-22,766626.0,19.0,2024,6,2,22,5,174,25,1,0,0,1.2246467991473532e-16,-1.0,-0.9749279121818236,-0.2225209339563146,0.1457991969198751,-0.9893142039703663,878310.0,1714063.0,577593.0,1087137.0,1416835.0,1164967.0,1533921.0,881686.0,269873.0,23.0,16.0,21.0,14.0,1056655.3333333333,588851.6864765966,577593.0,1714063.0,994463.2857142857,362637.6844132039,577593.0,1714063.0,978339.1428571428,375383.08448341954,577593.0,1714063.0,1173655.3333333333,797569.9673176379,577593.0,4280404.0,1101003.6166666667,759420.1998396174,257508.0,4280404.0,19.714285714285715,19.5,21.8,204,41616,-0.294821167893283,-0.1304999739136155,0.883200026202217,0.7483542868633211
2024-06-23,1753659.0,17.0,2024,6,2,23,6,175,25,1,0,0,1.2246467991473532e-16,-1.0,-0.7818314824680299,0.6234898018587334,0.12874817745258132,-0.99167731989929,766626.0,878310.0,1714063.0,899638.0,627830.0,791273.0,987614.0,1143137.0,629238.0,19.0,20.0,16.0,20.0,1119666.3333333333,517782.65418255556,766626.0,1714063.0,948676.0,369161.80365118897,577593.0,1714063.0,931895.6428571428,356716.63370968663,577593.0,1714063.0,1169820.0,799297.1745351859,577593.0,4280404.0,1109282.8333333333,752885.307834077,257508.0,4280404.0,20.142857142857142,19.357142857142858,21.966666666666665,205,42025,0.949294049384308,0.5340759681473,0.8081009744106523,0.6553367184695081
2024-06-24,492772.0,8.0,2024,6,2,24,0,176,26,0,0,0,1.2246467991473532e-16,-1.0,0.0,1.0,0.11165900712169512,-0.993746580436178,1753659.0,766626.0,878310.0,1059340.0,662053.0,1580554.0,987401.0,1533921.0,1275389.0,17.0,18.0,23.0,36.0,1132865.0,540515.6998561638,766626.0,1753659.0,1070679.0,475934.5901192717,577593.0,1753659.0,1012312.0,406345.04767197405,577593.0,1753659.0,1190170.7333333334,806335.5733447262,577593.0,4280404.0,1128023.1833333333,754725.7496900022,257508.0,4280404.0,19.714285714285715,19.428571428571427,21.866666666666667,206,42436,-0.5348311212641833,-0.6787500790457918,1.637894270831874,1.473451624111521
2024-06-25,1843929.0,32.0,2024,6,2,25,1,177,26,0,0,0,1.2246467991473532e-16,-1.0,0.7818314824680298,0.6234898018587336,0.09453674981719912,-0.9955213724144752,492772.0,1753659.0,766626.0,745162.0,1186290.0,591784.0,610323.0,987614.0,660425.0,8.0,31.0,23.0,21.0,1004352.3333333334,663207.6325422771,492772.0,1753659.0,989740.7142857143,523939.1328356477,492772.0,1753659.0,1000220.5,419863.1145326282,492772.0,1753659.0,1155465.7666666666,813404.9836309726,492772.0,4280404.0,1114979.5666666667,758887.0720943343,257508.0,4280404.0,18.285714285714285,18.357142857142858,20.933333333333334,207,42849,1.4745343965473279,0.8670543349932262,0.4978798920640831,0.42647044526604033
2024-06-26,962385.0,15.0,2024,6,2,26,2,178,26,0,0,0,1.2246467991473532e-16,-1.0,0.9749279121818236,-0.22252093395631434,0.07738647923346301,-0.9970011699250151,1843929.0,492772.0,1753659.0,577593.0,1565389.0,901580.0,894206.0,987401.0,1254817.0,32.0,13.0,17.0,19.0,1363453.3333333333,755381.795111804,492772.0,1843929.0,1146707.4285714286,597832.5188704205,492772.0,1843929.0,1047194.7142857143,475397.44935716386,492772.0,1843929.0,1184009.6,822287.9613470683,492772.0,4280404.0,1134704.6333333333,762245.4388109968,257508.0,4280404.0,18.428571428571427,19.0,21.3,208,43264,0.6661992094779542,-0.025335198161638484,1.6080204540901701,1.5573598389742784
2024-06-27,845321.0,7.0,2024,6,2,27,3,179,26,0,0,0,1.2246467991473532e-16,-1.0,0.43388373911755823,-0.900968867902419,0.06021327736579302,-0.9981855344718586,962385.0,1843929.0,492772.0,1714063.0,697944.0,4280404.0,963212.0,610323.0,385103.0,15.0,17.0,19.0,14.0,1099695.3333333333,685964.2158249451,492772.0,1843929.0,1201677.7142857143,552773.8721513866,492772.0,1843929.0,1004123.0,451555.474657238,492772.0,1843929.0,1183175.7333333334,822506.8684680385,492772.0,4280404.0,1129830.7666666666,762399.3151766845,257508.0,4280404.0,18.714285714285715,18.857142857142858,21.166666666666668,209,43681,-0.5068320125923026,0.3850387417809914,0.8008678105277574,0.8133914285823757
2024-06-28,687306.0,12.0,2024,6,2,28,4,180,26,0,0,0,1.2246467991473532e-16,-1.0,-0.433883739117558,-0.9009688679024191,0.04302223300453059,-0.99907411510223,845321.0,962385.0,1843929.0,878310.0,579164.0,823253.0,3377597.0,894206.0,1097911.0,7.0,23.0,16.0,18.0,1217211.6666666667,545900.1345936193,845321.0,1843929.0,1077571.7142857143,514779.73518574325,492772.0,1843929.0,1014649.9285714285,445546.4730158248,492772.0,1843929.0,1191009.0,817969.5988867172,492772.0,4280404.0,1137501.0666666667,757076.2962457052,257508.0,4280404.0,17.285714285714285,18.0,20.933333333333334,210,44100,-0.2174676367114117,-0.23137845194507753,0.7844684384280953,0.7097519834023085
2024-06-29,739500.0,8.0,2024,6,2,29,5,181,26,1,0,0,1.2246467991473532e-16,-1.0,-0.9749279121818236,-0.2225209339563146,0.02581844022713308,-0.9996666485105112,687306.0,845321.0,962385.0,766626.0,1087137.0,1416835.0,1164967.0,963212.0,1126324.0,12.0,19.0,16.0,14.0,831670.6666666666,138046.596337368,687306.0,962385.0,1050285.4285714286,531880.2123595296,492772.0,1843929.0,1022374.3571428572,438294.0963337482,492772.0,1843929.0,1184112.3333333333,821423.3115809681,492772.0,4280404.0,1130657.65,759292.7671157325,257508.0,4280404.0,15.714285714285714,17.714285714285715,20.733333333333334,211,44521,-0.0353836160005009,-0.2322562426547842,0.6543992531009938,0.5804398625468249
2024-06-30,543864.0,8.0,2024,6,2,30,6,182,26,1,0,1,1.2246467991473532e-16,-1.0,-0.7818314824680299,0.6234898018587334,0.008606996888688698,-0.9999629591162655,739500.0,687306.0,845321.0,1753659.0,899638.0,627830.0,791273.0,3377597.0,629150.0,8.0,17.0,20.0,16.0,757375.6666666666,80509.87299910707,687306.0,845321.0,1046410.2857142857,534384.2493729619,492772.0,1843929.0,997543.1428571428,444151.1997084326,492772.0,1843929.0,1176655.2666666666,824507.5098848273,492772.0,4280404.0,1124210.5833333333,760970.5724056617,257508.0,4280404.0,14.142857142857142,17.142857142857142,20.533333333333335,212,44944,-0.6898690110220972,-0.8389790137781388,0.7067017689865434,0.6284763438784592
2024-07-01,3312824.0,31.0,2024,7,3,1,0,183,27,0,1,0,-0.4999999999999997,-0.8660254037844388,0.0,1.0,-0.008606996888688009,-0.9999629591162655,543864.0,739500.0,687306.0,492772.0,1059340.0,662053.0,1580554.0,1164967.0,1415565.0,8.0,8.0,18.0,25.0,656890.0,101302.57112235199,543864.0,739500.0,873582.4285714285,457650.68627023604,492772.0,1843929.0,972130.7142857143,460076.24894265446,492772.0,1843929.0,1082197.5,719271.1484544256,492772.0,4280404.0,1122789.15,761989.9512130431,257508.0,4280404.0,12.857142857142858,16.285714285714285,20.266666666666666,213,45369,5.722833277864813,1.8437063024102829,0.6225674672616551,0.5025552175088188
2024-07-02,804333.0,26.0,2024,7,3,2,1,184,27,0,0,0,-0.4999999999999997,-0.8660254037844388,0.7818314824680298,0.6234898018587336,-0.02581844022713239,-0.9996666485105112,3312824.0,543864.0,739500.0,1843929.0,745162.0,1186290.0,591784.0,791273.0,1849233.0,31.0,32.0,31.0,25.0,1532062.6666666667,1545283.6489930677,543864.0,3312824.0,1276447.0,993767.9746594103,543864.0,3312824.0,1133093.857142857,777581.2470133919,492772.0,3312824.0,1153792.7333333334,826672.7250156638,492772.0,4280404.0,1154410.1333333333,812066.147112507,257508.0,4280404.0,16.142857142857142,17.214285714285715,20.466666666666665,214,45796,-0.5637939421745631,0.01650504945827799,2.5953478679490805,2.8712470656919256
2024-07-03,2036907.0,38.0,2024,7,3,3,2,185,27,0,0,0,-0.4999999999999997,-0.8660254037844388,0.9749279121818236,-0.22252093395631434,-0.04302223300453034,-0.99907411510223,804333.0,3312824.0,543864.0,962385.0,577593.0,1565389.0,901580.0,1580554.0,1013629.0,26.0,15.0,13.0,23.0,1553673.6666666667,1529025.3256373259,543864.0,3312824.0,1127933.2857142857,972274.8471246376,543864.0,3312824.0,1137320.357142857,775468.4060102603,492772.0,3312824.0,1154228.0666666667,826478.651850456,492772.0,4280404.0,1136995.1333333333,808107.3563058584,257508.0,4280404.0,15.285714285714286,16.857142857142858,20.5,215,46225,1.116519895883664,0.2887297744967904,0.7131033459045767,0.696857946214096
2024-07-04,1181566.0,28.0,2024,7,3,4,3,186,27,0,0,0,-0.4999999999999997,-0.8660254037844388,0.43388373911755823,-0.900968867902419,-0.060213277365792774,-0.9981855344718586,2036907.0,804333.0,3312824.0,845321.0,1714063.0,697944.0,4280404.0,591784.0,3978360.0,38.0,7.0,17.0,18.0,2051354.6666666667,1254307.9070046276,804333.0,3312824.0,1281436.4285714286,1025166.2259033663,543864.0,3312824.0,1241557.0714285714,792338.9693502366,492772.0,3312824.0,1169439.8333333333,838705.2472162935,492772.0,4280404.0,1154049.7666666666,816216.8101949961,257508.0,4280404.0,18.571428571428573,18.642857142857142,21.0,216,46656,0.39777197064783676,0.9966170089086559,1.5895497853692089,1.7417800744772534
2024-07-05,1399818.0,22.0,2024,7,3,5,4,187,27,0,0,0,-0.4999999999999997,-0.8660254037844388,-0.433883739117558,-0.9009688679024191,-0.07738647923346322,-0.9970011699250151,1181566.0,2036907.0,804333.0,687306.0,878310.0,579164.0,823253.0,901580.0,1002362.0,28.0,12.0,23.0,19.0,1340935.3333333333,631552.5351657858,804333.0,2036907.0,1329471.4285714286,1009077.1899188975,543864.0,3312824.0,1203521.5714285714,780606.1174120964,492772.0,3312824.0,1189099.2333333334,831580.0142192837,492772.0,4280404.0,1107436.5333333334,727196.1970487414,257508.0,4280404.0,21.571428571428573,19.428571428571427,21.333333333333332,217,47089,1.0366736213564265,0.5526276093081035,0.8887486971191558,0.9936647563784766
2024-07-06,965519.0,24.0,2024,7,3,6,5,188,27,1,0,0,-0.4999999999999997,-0.8660254037844388,-0.9749279121818236,-0.2225209339563146,-0.09453674981719933,-0.9955213724144752,1399818.0,1181566.0,2036907.0,739500.0,766626.0,1087137.0,1416835.0,4280404.0,611496.0,22.0,8.0,19.0,79.0,1539430.3333333333,444433.0762717043,1181566.0,2036907.0,1431258.857142857,968630.3121281494,543864.0,3312824.0,1240772.142857143,776324.6786924282,492772.0,3312824.0,1205707.1666666667,830614.5350036421,492772.0,4280404.0,1114060.8,728032.6128973874,257508.0,4280404.0,23.0,19.357142857142858,21.433333333333334,218,47524,0.3056375929682218,-0.7744327404609471,0.9780327248380347,1.1609933478872634
2024-07-07,4210843.0,87.0,2024,7,3,7,6,189,27,1,0,0,-0.4999999999999997,-0.8660254037844388,-0.7818314824680299,0.6234898018587334,-0.11165900712169444,-0.9937465804361781,965519.0,1399818.0,1181566.0,543864.0,1753659.0,899638.0,627830.0,823253.0,697630.0,24.0,8.0,17.0,20.0,1182301.0,217150.43292381015,965519.0,1399818.0,1463547.2857142857,945211.9329546706,543864.0,3312824.0,1254978.7857142857,768763.4533536191,492772.0,3312824.0,1095211.0,594380.0688192004,492772.0,3312824.0,1119961.1833333333,725320.0586091843,257508.0,4280404.0,25.285714285714285,19.714285714285715,19.6,219,47961,6.742455834546872,4.11488327403605,0.6597115169591378,0.8815826356747695
2024-07-08,3431111.0,45.0,2024,7,3,8,0,190,28,0,0,0,-0.4999999999999997,-0.8660254037844388,0.0,1.0,-0.12874817745258066,-0.99167731989929,4210843.0,965519.0,1399818.0,3312824.0,492772.0,1059340.0,662053.0,1416835.0,1128243.0,87.0,31.0,8.0,21.0,2192060.0,1761751.2611509592,965519.0,4210843.0,1987401.4285714286,1300090.2432773476,804333.0,4210843.0,1430491.9285714286,1100354.7478502258,492772.0,4210843.0,1208130.6666666667,819924.6893955794,492772.0,4210843.0,1178514.7333333334,825532.5732566576,257508.0,4280404.0,36.57142857142857,24.714285714285715,21.833333333333332,220,48400,0.03570579058833189,1.4216729541548592,2.1187682264205736,3.485420175301126
2024-07-09,2618356.0,47.0,2024,7,3,9,1,191,28,0,0,0,-0.4999999999999997,-0.8660254037844388,0.7818314824680298,0.6234898018587336,-0.14579919691987442,-0.9893142039703664,3431111.0,4210843.0,965519.0,804333.0,1843929.0,745162.0,1186290.0,627830.0,257508.0,45.0,26.0,32.0,16.0,2869157.6666666665,1694070.7269406808,965519.0,4210843.0,2004299.5714285714,1320792.776274141,804333.0,4210843.0,1640373.2857142857,1184729.857295385,543864.0,4210843.0,1275273.2,914610.5042923411,492772.0,4210843.0,1216895.8666666667,875195.0266977202,257508.0,4280404.0,38.57142857142857,27.357142857142858,22.633333333333333,221,48841,2.2553134087498585,3.170485641017473,1.711875334860479,2.690490947351517
2024-07-10,2890121.0,35.0,2024,7,3,10,2,192,28,0,0,0,-0.4999999999999997,-0.8660254037844388,0.9749279121818236,-0.22252093395631434,-0.16280701293851646,-0.9866579328916572,2618356.0,3431111.0,4210843.0,2036907.0,962385.0,577593.0,1565389.0,662053.0,586766.0,47.0,38.0,15.0,23.0,3420103.3333333335,796300.563754871,2618356.0,4210843.0,2263445.714285714,1220246.5467114581,965519.0,4210843.0,1695689.5,1212714.0490751602,543864.0,4210843.0,1341624.0666666667,937926.4445739334,492772.0,4210843.0,1256243.3333333333,884353.5011929295,317859.0,4280404.0,41.57142857142857,28.428571428571427,23.666666666666668,222,49284,0.41887724869127557,3.3653921966972433,1.1568008825987182,1.9516316567765803
2024-07-11,2127703.0,46.0,2024,7,3,11,3,193,28,0,0,0,-0.4999999999999997,-0.8660254037844388,0.43388373911755823,-0.900968867902419,-0.17976658572556214,-0.9837092937736098,2890121.0,2618356.0,3431111.0,1181566.0,845321.0,1714063.0,697944.0,1186290.0,868047.0,35.0,28.0,7.0,23.0,2979862.6666666665,413742.4894282991,2618356.0,3431111.0,2385333.4285714286,1236353.214698084,965519.0,4210843.0,1833384.9285714286,1232329.5771235295,543864.0,4210843.0,1415893.0,969927.5502918625,492772.0,4210843.0,1294632.5833333333,904562.0538636422,317859.0,4280404.0,41.142857142857146,29.857142857142858,24.066666666666666,223,49729,0.8007483289126465,0.7935774557654537,1.2116213881808915,2.0412001471862635
2024-07-12,1789506.0,29.0,2024,7,3,12,4,194,28,0,0,0,-0.4999999999999997,-0.8660254037844388,-0.433883739117558,-0.9009688679024191,-0.19667288979357622,-0.9804691603616321,2127703.0,2890121.0,2618356.0,1399818.0,687306.0,878310.0,579164.0,1565389.0,1043034.0,46.0,22.0,12.0,17.0,2545393.3333333335,386410.35794389236,2127703.0,2890121.0,2520495.8571428573,1129959.502955811,965519.0,4210843.0,1924983.642857143,1200485.7569493477,543864.0,4210843.0,1447273.4333333333,977442.7952614219,492772.0,4210843.0,1315626.85,909099.9791501344,317859.0,4280404.0,43.714285714285715,32.642857142857146,24.833333333333332,224,50176,0.27838476144755964,0.14317016409339786,0.844160482934452,1.4701458280067463
2024-07-13,736798.0,23.0,2024,7,3,13,5,195,28,1,0,0,-0.4999999999999997,-0.8660254037844388,-0.9749279121818236,-0.2225209339563146,-0.2135209154397959,-0.9769384927771817,1789506.0,2127703.0,2890121.0,965519.0,739500.0,766626.0,1087137.0,697944.0,1371539.0,29.0,24.0,8.0,19.0,2269110.0,563768.8349784814,1789506.0,2890121.0,2576165.5714285714,1073746.1185072039,965519.0,4210843.0,2003712.2142857143,1148071.7043056411,543864.0,4210843.0,1454744.0,979231.5017022283,492772.0,4210843.0,1328068.05,910413.1222137741,317859.0,4280404.0,44.714285714285715,33.857142857142854,25.233333333333334,225,50625,-0.2368891756661443,0.05566922274566441,0.6946393585283643,1.2301174639661687
2024-07-14,1807128.0,28.0,2024,7,3,14,6,196,28,1,0,0,-0.4999999999999997,-0.8660254037844388,-0.7818314824680299,0.6234898018587334,-0.23030567023061196,-0.973118337233262,736798.0,1789506.0,2127703.0,4210843.0,543864.0,1753659.0,899638.0,579164.0,1127786.0,23.0,87.0,8.0,16.0,1551335.6666666667,725395.0720237411,736798.0,2127703.0,2543491.1428571427,1132784.3071275647,736798.0,4210843.0,2003519.2142857143,1148300.780721684,543864.0,4210843.0,1456039.1333333333,978221.2143452804,492772.0,4210843.0,1317489.0333333334,913581.7641342289,317859.0,4280404.0,44.57142857142857,34.92857142857143,25.366666666666667,226,51076,-0.5708393782432639,2.1202353737456057,0.28967979781220843,0.5060289817302072
2024-07-15,1218898.0,34.0,2024,7,3,15,0,197,29,0,0,0,-0.4999999999999997,-0.8660254037844388,0.0,1.0,-0.24702218048093527,-0.9690098257244063,1807128.0,736798.0,1789506.0,3431111.0,3312824.0,492772.0,1059340.0,1087137.0,790782.0,28.0,45.0,31.0,16.0,1444477.3333333333,612931.6135111067,736798.0,1807128.0,2200103.285714286,879011.1526079966,736798.0,3431111.0,2093752.357142857,1071868.20238014,736798.0,4210843.0,1496971.2666666666,965877.7638861559,492772.0,4210843.0,1328811.4,915398.7189379805,317859.0,4280404.0,36.142857142857146,36.357142857142854,25.766666666666666,227,51529,-0.6447512190657778,0.12119999595267202,0.8213832558380537,1.2071895033923832
2024-07-16,2210311.0,41.0,2024,7,3,16,1,198,29,0,0,0,-0.4999999999999997,-0.8660254037844388,0.7818314824680298,0.6234898018587336,-0.2636654927280072,-0.9646141756912435,1218898.0,1807128.0,736798.0,2618356.0,804333.0,1843929.0,745162.0,899638.0,317859.0,34.0,47.0,26.0,20.0,1254274.6666666667,536041.2378104216,736798.0,1807128.0,1884072.857142857,751023.8385094554,736798.0,2890121.0,1944186.2142857143,1034102.0929773726,736798.0,4210843.0,1501363.3,964248.1027333009,492772.0,4210843.0,1335946.6666666667,912798.6825940019,317859.0,4280404.0,34.57142857142857,36.57142857142857,26.366666666666667,228,51984,-0.15584015313425675,1.4568893265958085,0.6469484422425278,0.8118607934535231
2024-07-17,1734624.0,37.0,2024,7,3,17,2,199,29,0,0,0,-0.4999999999999997,-0.8660254037844388,0.9749279121818236,-0.22252093395631434,-0.2802306751992161,-0.9599326896597445,2210311.0,1218898.0,1807128.0,2890121.0,2036907.0,962385.0,577593.0,1059340.0,795937.0,41.0,35.0,38.0,18.0,1745445.6666666667,498576.4403041205,1218898.0,2210311.0,1825780.7142857143,698533.5366078748,736798.0,2890121.0,2044613.2142857143,981840.1758531067,736798.0,4210843.0,1545052.4,965735.9010375106,492772.0,4210843.0,1367487.5333333334,909714.106477796,492772.0,4280404.0,33.714285714285715,37.642857142857146,27.066666666666666,229,52441,-0.39980921214025295,0.6374572847244511,1.2106114292398593,1.4305734873458014
2024-07-18,943224.0,26.0,2024,7,3,18,3,200,29,0,0,0,-0.4999999999999997,-0.8660254037844388,0.43388373911755823,-0.900968867902419,-0.2967128192734901,-0.9549667548552553,1734624.0,2210311.0,1218898.0,2127703.0,1181566.0,845321.0,1714063.0,745162.0,565215.0,37.0,46.0,28.0,31.0,1721277.6666666667,495841.232253156,1218898.0,2210311.0,1660709.7142857143,518402.1714321533,736798.0,2210311.0,2023021.5714285714,985340.1928193064,736798.0,4210843.0,1567561.8666666667,961886.6099091591,492772.0,4210843.0,1383132.3166666667,907787.7672730712,492772.0,4280404.0,34.0,37.57142857142857,27.7,230,52900,-0.5566937678801975,0.2657972360372644,1.0445076493974004,1.1065745071284374
2024-07-19,2496954.0,35.0,2024,7,3,19,4,201,29,0,0,0,-0.4999999999999997,-0.8660254037844388,-0.433883739117558,-0.9009688679024191,-0.3131070409358267,-0.9497178427914317,943224.0,1734624.0,2210311.0,1789506.0,1399818.0,687306.0,878310.0,577593.0,773627.0,26.0,29.0,22.0,13.0,1629386.3333333333,640065.3023374478,943224.0,2210311.0,1491498.4285714286,533654.1756112154,736798.0,2210311.0,2005997.142857143,1002899.5088406925,736798.0,4210843.0,1574163.9333333333,956713.0920029572,492772.0,4210843.0,1389432.4666666666,903315.8153272056,492772.0,4280404.0,31.142857142857142,37.42857142857143,27.533333333333335,231,53361,0.39533144901442074,3.323033693275369,0.6324002640106224,0.5991904528029037
2024-07-20,1439897.0,37.0,2024,7,3,20,5,202,29,1,0,0,-0.4999999999999997,-0.8660254037844388,-0.9749279121818236,-0.2225209339563146,-0.3294084822245302,-0.9441875088341994,2496954.0,943224.0,1734624.0,736798.0,965519.0,739500.0,766626.0,1714063.0,2447114.0,35.0,23.0,24.0,17.0,1724934.0,776910.3232033893,943224.0,2496954.0,1592562.4285714286,653115.0413849661,736798.0,2496954.0,2084364.0,994720.7920969587,736798.0,4210843.0,1638142.6333333333,951936.1021052544,492772.0,4210843.0,1418154.5833333333,910770.5644762482,492772.0,4280404.0,32.0,38.357142857142854,28.266666666666666,232,53824,0.9542629051653234,-0.15995094696052595,1.5678845332548972,1.5242592123490102
2024-07-21,3550680.0,16.0,2024,7,3,21,6,203,29,1,0,0,-0.4999999999999997,-0.8660254037844388,-0.7818314824680299,0.6234898018587334,-0.3456123126707333,-0.9383773917408642,1439897.0,2496954.0,943224.0,1807128.0,4210843.0,543864.0,1753659.0,878310.0,880595.0,37.0,28.0,87.0,23.0,1626691.6666666667,793529.0882168898,943224.0,2496954.0,1693005.142857143,544626.530691883,943224.0,2496954.0,2118248.1428571427,961191.2718134132,736798.0,4210843.0,1629003.7666666666,952497.9825264437,492772.0,4210843.0,1401367.6333333333,900710.5048189758,492772.0,4280404.0,34.0,39.285714285714285,28.933333333333334,233,54289,0.9648193155105781,3.042627318372784,0.8504977117612333,0.8839126277444868
2024-07-22,2638577.0,31.0,2024,7,3,22,0,204,30,0,0,0,-0.4999999999999997,-0.8660254037844388,0.0,1.0,-0.3617137307297674,-0.9322892131745134,3550680.0,1439897.0,2496954.0,1218898.0,3431111.0,3312824.0,492772.0,766626.0,881686.0,16.0,34.0,45.0,19.0,2495843.6666666665,1055391.9380506594,1439897.0,3550680.0,1942084.0,892875.3418413647,943224.0,3550680.0,2071093.642857143,861676.8413598805,736798.0,3550680.0,1718082.7666666666,1003469.2607701547,492772.0,4210843.0,1445869.05,939662.7807018253,492772.0,4280404.0,32.285714285714285,34.214285714285715,28.7,234,54756,1.1647233812837496,2.441804739207906,1.8282834316126388,2.066652473843761
2024-07-23,1962179.0,39.0,2024,7,3,23,1,205,30,0,0,0,-0.4999999999999997,-0.8660254037844388,0.7818314824680298,0.6234898018587336,-0.37770796520396466,-0.9259247771938499,2638577.0,3550680.0,1439897.0,2210311.0,2618356.0,804333.0,1843929.0,1753659.0,1143137.0,31.0,41.0,47.0,17.0,2543051.3333333335,1058628.8693476703,1439897.0,3550680.0,2144895.285714286,861929.6028457924,943224.0,3550680.0,2014484.0714285714,788370.0744129743,736798.0,3550680.0,1780481.1333333333,1000461.9473004756,492772.0,4210843.0,1475150.5666666667,949110.2671354072,492772.0,4280404.0,31.857142857142858,33.214285714285715,29.1,235,55225,-0.11226112524436606,0.1189056709428686,1.2301658815578542,1.4819460597485692
2024-07-24,2389878.0,31.0,2024,7,3,24,2,206,30,0,0,0,-0.4999999999999997,-0.8660254037844388,0.9749279121818236,-0.22252093395631434,-0.39359027665646645,-0.9192859697186105,1962179.0,2638577.0,3550680.0,1734624.0,2890121.0,2036907.0,962385.0,492772.0,1533921.0,39.0,37.0,35.0,8.0,2717145.3333333335,797159.704201314,1962179.0,3550680.0,2109447.8571428573,863891.0256908237,943224.0,3550680.0,1967614.2857142857,768974.1169990889,736798.0,3550680.0,1787431.8,1000993.376718466,492772.0,4210843.0,1488801.2666666666,950143.5292246756,492772.0,4280404.0,31.571428571428573,32.642857142857146,29.833333333333332,236,55696,0.37774987547733685,3.849865657951345,0.9301860642612301,1.0977644014166024
2024-07-25,2491166.0,63.0,2024,7,3,25,3,207,30,0,0,0,-0.4999999999999997,-0.8660254037844388,0.43388373911755823,-0.900968867902419,-0.4093559588156211,-0.9123747579707274,2389878.0,1962179.0,2638577.0,943224.0,2127703.0,1181566.0,845321.0,1843929.0,987614.0,31.0,26.0,46.0,32.0,2330211.3333333335,342123.73044605827,1962179.0,2638577.0,2203055.5714285714,851925.0297158115,943224.0,3550680.0,1931882.642857143,733620.5792700718,736798.0,3550680.0,1850668.6666666667,975995.9520439081,543864.0,4210843.0,1503067.2166666666,957231.9139747873,492772.0,4280404.0,30.714285714285715,32.357142857142854,30.6,237,56169,1.641118122524448,0.3510097189208478,1.0848015052340616,1.291359195217008
2024-07-26,748999.0,27.0,2024,7,3,26,4,208,30,0,0,0,-0.4999999999999997,-0.8660254037844388,-0.433883739117558,-0.9009688679024191,-0.42500033996955394,-0.9051931898913975,2491166.0,2389878.0,1962179.0,2496954.0,1789506.0,1399818.0,687306.0,962385.0,987401.0,63.0,35.0,29.0,15.0,2281074.3333333335,280776.58369658823,1962179.0,2491166.0,2424190.1428571427,646553.1787170671,1439897.0,3550680.0,1957844.2857142857,747385.4515256641,736798.0,3550680.0,1872243.2333333334,982970.5577881393,543864.0,4210843.0,1528126.4166666667,963171.426982305,492772.0,4280404.0,36.0,33.57142857142857,31.633333333333333,238,56644,-0.7000349225496345,-0.22172623222514898,1.0276281369018025,1.3305781832442463
2024-07-27,1634696.0,35.0,2024,7,3,27,5,209,30,1,0,0,-0.4999999999999997,-0.8660254037844388,-0.9749279121818236,-0.2225209339563146,-0.4405187843504952,-0.8977433935342336,748999.0,2491166.0,2389878.0,1439897.0,736798.0,965519.0,739500.0,845321.0,610323.0,27.0,37.0,23.0,7.0,1876681.0,977913.5107866107,748999.0,2491166.0,2174482.285714286,901173.1951761022,748999.0,3550680.0,1883522.357142857,814165.0669150964,736798.0,3550680.0,1865130.3666666667,990524.4209013561,543864.0,4210843.0,1524153.05,965927.682349056,492772.0,4280404.0,34.857142857142854,33.42857142857143,32.03333333333333,239,57121,0.13528676009464566,0.9338168577380663,0.3444493454468242,0.40157997177355487
2024-07-28,1534317.0,33.0,2024,7,3,28,6,210,30,1,0,0,-0.4999999999999997,-0.8660254037844388,-0.7818314824680299,0.6234898018587334,-0.455906693508459,-0.8900275764346766,1634696.0,748999.0,2491166.0,3550680.0,1807128.0,4210843.0,543864.0,687306.0,894206.0,35.0,16.0,28.0,12.0,1624953.6666666667,871124.3589559003,748999.0,2491166.0,2202310.714285714,877402.5594924517,748999.0,3550680.0,1947657.9285714286,749696.9866774862,748999.0,3550680.0,1891442.8666666667,972826.2886181356,543864.0,4210843.0,1541225.9333333333,958526.4675174536,492772.0,4280404.0,34.57142857142857,34.285714285714285,32.96666666666667,240,57600,-0.5678808002974078,1.232363750643818,0.7422640181497681,0.864258724811954
2024-07-29,2279059.0,39.0,2024,7,3,29,0,211,31,0,0,0,-0.4999999999999997,-0.8660254037844388,0.0,1.0,-0.47115950767386394,-0.8820480249558535,1534317.0,1634696.0,748999.0,2638577.0,1218898.0,3431111.0,3312824.0,739500.0,963212.0,33.0,31.0,34.0,8.0,1306004.0,484984.4465846255,748999.0,1634696.0,1914258.857142857,666622.1160031193,748999.0,2638577.0,1928171.4285714286,757139.2700203048,748999.0,3550680.0,1919676.5666666667,948665.4452526426,543864.0,4210843.0,1551894.45,954757.8471175067,492772.0,4280404.0,37.0,34.642857142857146,33.666666666666664,241,58081,-0.1362545038480969,2.081891818796484,0.8015201258047502,0.7992580764082533
2024-07-30,3711615.0,47.0,2024,7,3,30,1,212,31,0,0,0,-0.4999999999999997,-0.8660254037844388,0.7818314824680298,0.6234898018587336,-0.4862727071086902,-0.8738071036110807,2279059.0,1534317.0,1634696.0,1962179.0,2210311.0,2618356.0,804333.0,543864.0,3377597.0,39.0,39.0,41.0,8.0,1816024.0,404128.74721924256,1534317.0,2279059.0,1862899.142857143,613227.5140140154,748999.0,2491166.0,2003897.2142857143,733387.8253738903,748999.0,3550680.0,1970995.2,923941.1203911301,543864.0,4210843.0,1573825.2333333334,956118.1576482541,492772.0,4280404.0,38.142857142857146,35.0,34.7,242,58564,0.8915781893496975,5.824527823132254,1.223393659682826,1.1562986048875208
2024-07-31,1493938.0,34.0,2024,7,3,31,2,213,31,0,0,1,-0.4999999999999997,-0.8660254037844388,0.9749279121818236,-0.22252093395631434,-0.5012418134457756,-0.8653072543632061,3711615.0,2279059.0,1534317.0,2389878.0,1734624.0,2890121.0,2036907.0,3312824.0,1164967.0,47.0,31.0,37.0,31.0,2508330.3333333335,1106607.7233678275,1534317.0,3711615.0,2112818.5714285714,933359.8527754195,748999.0,3711615.0,2111133.214285714,864017.880880428,748999.0,3711615.0,2076586.9,936149.7492464362,736798.0,4210843.0,1579392.2,967700.8133458737,492772.0,4280404.0,39.285714285714285,35.42857142857143,36.0,243,59049,-0.3748894295022591,-0.5490439576627071,1.7567125971873727,1.7873631967918127
2024-08-01,2654932.0,45.0,2024,8,3,1,3,214,31,0,1,0,-0.8660254037844385,-0.5000000000000004,0.43388373911755823,-0.900968867902419,-0.5160623910158526,-0.8565509959010037,1493938.0,3711615.0,2279059.0,2491166.0,943224.0,2127703.0,1181566.0,804333.0,791273.0,34.0,63.0,26.0,26.0,2494870.6666666665,1124479.3576070336,1493938.0,3711615.0,1984827.142857143,950310.6757665146,748999.0,3711615.0,2093941.357142857,874417.7220836394,748999.0,3711615.0,2015957.3666666667,911910.3404448885,736798.0,4210843.0,1584875.05,966243.797183335,492772.0,4280404.0,39.714285714285715,35.214285714285715,36.1,244,59536,0.06573869425000181,2.3007871118056826,0.7526791465827538,0.7410563460824511
2024-08-02,2658567.0,40.0,2024,8,3,2,4,215,31,0,0,0,-0.8660254037844385,-0.5000000000000004,-0.433883739117558,-0.9009688679024191,-0.5307300481619331,-0.8475409228928312,2654932.0,1493938.0,3711615.0,748999.0,2496954.0,1789506.0,1399818.0,2036907.0,1580554.0,45.0,27.0,35.0,38.0,2620161.6666666665,1109247.2903470742,1493938.0,3711615.0,2008222.2857142857,966727.5068673204,748999.0,3711615.0,2216206.214285714,819059.5411941097,748999.0,3711615.0,2077644.0,889438.632634945,736798.0,4210843.0,1615936.0333333334,970246.5879253129,492772.0,4280404.0,37.142857142857146,36.57142857142857,36.733333333333334,245,60025,2.54949339051187,0.3051980281868539,1.3220309419361373,1.277857034217604
2024-08-03,2354690.0,37.0,2024,8,3,3,5,216,31,1,0,0,-0.8660254037844385,-0.5000000000000004,-0.9749279121818236,-0.2225209339563146,-0.5452404385406507,-0.8382797052177745,2658567.0,2654932.0,1493938.0,1634696.0,1439897.0,736798.0,965519.0,1181566.0,591784.0,40.0,35.0,37.0,28.0,2269145.6666666665,671351.9927357982,1493938.0,2658567.0,2281017.714285714,808677.5189954102,1493938.0,3711615.0,2227750.0,824441.9574656832,748999.0,3711615.0,2098366.0,895676.6147044079,736798.0,4210843.0,1633902.9166666667,979517.2362628841,492772.0,4280404.0,39.0,36.92857142857143,36.8,246,60516,0.44044519592633735,0.9928552446498968,1.1655179104264488,1.2669701091230032
2024-08-04,913128.0,24.0,2024,8,3,4,6,217,31,1,0,0,-0.8660254037844385,-0.5000000000000004,-0.7818314824680299,0.6234898018587334,-0.5595892624101763,-0.828770087174504,2354690.0,2658567.0,2654932.0,1534317.0,3550680.0,1807128.0,4210843.0,1399818.0,901580.0,37.0,33.0,16.0,22.0,2556063.0,174403.60418578875,2354690.0,2658567.0,2383874.0,756901.1292896853,1493938.0,3711615.0,2293092.3571428573,792842.2929348865,748999.0,3711615.0,2137470.1333333333,879736.7768824392,736798.0,4210843.0,1663284.6833333333,974153.3642031192,492772.0,4280404.0,39.285714285714285,36.92857142857143,37.1,247,61009,-0.404863532112334,-0.34768091280437885,0.9877577422296648,1.1016247494078046
2024-08-05,4616803.0,49.0,2024,8,3,5,0,218,32,0,0,0,-0.8660254037844385,-0.5000000000000004,0.0,1.0,-0.5737722679043243,-0.8190148866680802,913128.0,2354690.0,2658567.0,2279059.0,2638577.0,1218898.0,3431111.0,965519.0,4280404.0,24.0,39.0,31.0,24.0,1975461.6666666667,932469.7969812899,913128.0,2658567.0,2295132.714285714,896624.9222180765,913128.0,3711615.0,2104695.785714286,784349.5547666512,748999.0,3711615.0,2121247.1333333333,898104.4121612104,736798.0,4210843.0,1663477.15,974001.4499401009,492772.0,4280404.0,38.0,37.5,37.166666666666664,248,61504,1.0257496624703442,3.7816801119397963,0.39785411724401376,0.4304675233974781
2024-08-06,2840132.0,35.0,2024,8,3,6,1,219,32,0,0,0,-0.8660254037844385,-0.5000000000000004,0.7818314824680298,0.6234898018587336,-0.5877852522924734,-0.8090169943749472,4616803.0,913128.0,2354690.0,3711615.0,1962179.0,2210311.0,2618356.0,4210843.0,823253.0,49.0,47.0,39.0,87.0,2628207.0,1866925.4908466467,913128.0,4616803.0,2629096.1428571427,1253846.8179148298,913128.0,4616803.0,2245997.6428571427,1028209.1006384776,748999.0,4616803.0,2242956.6,979775.6649698688,736798.0,4616803.0,1669083.8,990154.8587255726,492772.0,4616803.0,39.42857142857143,38.785714285714285,38.0,249,62001,-0.23479886787826862,-0.32551937937367886,1.7560419053305285,2.058355921822116
2024-08-07,1456495.0,29.0,2024,8,3,7,2,220,32,0,0,0,-0.8660254037844385,-0.5000000000000004,0.9749279121818236,-0.22252093395631434,-0.6016240632249227,-0.7987793728863648,2840132.0,4616803.0,913128.0,1493938.0,2389878.0,1734624.0,2890121.0,3431111.0,1416835.0,35.0,34.0,31.0,45.0,2790021.0,1852345.9343888746,913128.0,4616803.0,2504598.5714285714,1168830.084362117,913128.0,4616803.0,2308708.5714285714,1036308.788800885,748999.0,4616803.0,2197266.2333333334,914636.9836362906,736798.0,4616803.0,1702698.45,995175.8167979701,492772.0,4616803.0,37.714285714285715,38.5,36.266666666666666,250,62500,-0.02506328910570586,-0.5755033865124154,1.13396694879533,1.2925752723607897
2024-08-08,5306733.0,75.0,2024,8,3,8,3,221,32,0,0,0,-0.8660254037844385,-0.5000000000000004,0.43388373911755823,-0.900968867902419,-0.6152845999633277,-0.7883050558305253,1456495.0,2840132.0,4616803.0,2654932.0,2491166.0,943224.0,2127703.0,2618356.0,627830.0,29.0,45.0,63.0,47.0,2971143.3333333335,1584222.0932723815,1456495.0,4616803.0,2499249.5714285714,1174298.9837809422,913128.0,4616803.0,2242038.3571428573,1060428.7023242146,748999.0,4616803.0,2131445.7,893591.4050631324,736798.0,4616803.0,1703359.45,994995.8818202564,492772.0,4616803.0,37.0,38.357142857142854,35.733333333333334,251,63001,0.998820685426218,1.0267423528351378,0.5827729317834662,0.6833366667515854
2024-08-09,2033446.0,34.0,2024,8,3,9,4,222,32,0,0,0,-0.8660254037844385,-0.5000000000000004,-0.433883739117558,-0.9009688679024191,-0.6287628145958345,-0.7775971469736268,5306733.0,1456495.0,2840132.0,2658567.0,748999.0,2496954.0,1789506.0,2890121.0,662053.0,75.0,40.0,27.0,35.0,3201120.0,1950337.7697898876,1456495.0,5306733.0,2878078.285714286,1587819.0723767115,913128.0,5306733.0,2443150.285714286,1341143.6562587135,748999.0,5306733.0,2221058.2666666666,1062870.5083978623,736798.0,5306733.0,1781341.1666666667,1088255.1727536723,492772.0,5306733.0,41.285714285714285,39.214285714285715,36.666666666666664,252,63504,-0.2351345668550012,-0.29641492518825335,1.8438459531627949,2.3892813077633805
2024-08-10,1020227.0,24.0,2024,8,3,10,5,223,32,1,0,0,-0.8660254037844385,-0.5000000000000004,-0.9749279121818236,-0.2225209339563146,-0.6420547132365636,-0.7666588193001592,2033446.0,5306733.0,1456495.0,2354690.0,1634696.0,1439897.0,736798.0,2127703.0,1186290.0,34.0,37.0,35.0,46.0,2932224.6666666665,2076520.0415363985,1456495.0,5306733.0,2788775.285714286,1619486.0168415287,913128.0,5306733.0,2534896.5,1257669.6356156098,913128.0,5306733.0,2192502.433333333,1055759.3796521856,736798.0,5306733.0,1804197.7166666666,1078708.1529464726,492772.0,5306733.0,40.42857142857143,39.714285714285715,36.63333333333333,253,64009,-0.5667255562303318,-0.5205030965317998,0.7291537652447231,0.927454386861722
2024-08-11,1389658.0,33.0,2024,8,3,11,6,224,32,1,0,0,-0.8660254037844385,-0.5000000000000004,-0.7818314824680299,0.6234898018587334,-0.655156357209085,-0.7554933140726804,1020227.0,2033446.0,5306733.0,913128.0,1534317.0,3550680.0,1807128.0,1789506.0,1565389.0,24.0,24.0,33.0,29.0,2786802.0,2240355.4113267367,1020227.0,5306733.0,2598137.714285714,1752205.4660065526,913128.0,5306733.0,2491005.8571428573,1301461.3435893964,913128.0,5306733.0,2155586.566666667,1077246.7372197525,736798.0,5306733.0,1801430.0,1080531.9311331369,492772.0,5306733.0,38.57142857142857,38.92857142857143,35.9,254,64516,0.5218654996889812,-0.22344043551684095,0.39267625976496134,0.4732943764711096
2024-08-12,2882167.0,43.0,2024,8,3,12,0,225,33,0,0,0,-0.8660254037844385,-0.5000000000000004,0.0,1.0,-0.6680638642135333,-0.7441039398713608,1389658.0,1020227.0,2033446.0,4616803.0,2279059.0,2638577.0,1218898.0,736798.0,697944.0,33.0,49.0,39.0,23.0,1481110.3333333333,512762.9398116907,1020227.0,2033446.0,2666213.4285714286,1683749.2555352834,1020227.0,5306733.0,2480673.0714285714,1310186.1282261487,913128.0,5306733.0,2142258.3,1084382.1975389456,736798.0,5306733.0,1798501.15,1081420.3790265657,492772.0,5306733.0,39.857142857142854,38.92857142857143,36.03333333333333,255,65025,-0.3757223342646416,2.911746503112115,0.5212103371426593,0.6486883491127098
2024-08-13,1367724.0,29.0,2024,8,3,13,1,226,33,0,0,0,-0.8660254037844385,-0.5000000000000004,0.7818314824680298,0.6234898018587336,-0.6807734094770159,-0.7324940716135792,2882167.0,1389658.0,1020227.0,2840132.0,3711615.0,1962179.0,2210311.0,1807128.0,579164.0,43.0,35.0,47.0,28.0,1764017.3333333333,985806.1796014099,1020227.0,2882167.0,2418408.285714286,1461851.2167884614,1020227.0,5306733.0,2523752.214285714,1312959.3040427756,913128.0,5306733.0,2213770.6,1058941.9527213082,748999.0,5306733.0,1834904.8666666667,1080507.7583316236,492772.0,5306733.0,39.0,39.214285714285715,36.7,256,65536,-0.5184294251112272,-0.243150457521548,1.1917619605528027,1.3019266765942235
2024-08-14,1113894.0,28.0,2024,8,3,14,2,227,33,0,0,0,-0.8660254037844385,-0.5000000000000004,0.9749279121818236,-0.22252093395631434,-0.6932812268869771,-0.7206671495538615,1367724.0,2882167.0,1389658.0,1456495.0,1493938.0,2389878.0,1734624.0,1218898.0,1087137.0,29.0,29.0,34.0,34.0,1879849.6666666667,868101.5508650629,1367724.0,2882167.0,2208064.285714286,1496575.4390641004,1020227.0,5306733.0,2356331.4285714286,1299206.1157205387,913128.0,5306733.0,2199123.8,1067762.4768241055,748999.0,5306733.0,1848047.5333333334,1069716.681878114,492772.0,5306733.0,38.142857142857146,37.92857142857143,36.733333333333334,257,66049,-0.23522291528635525,-0.0861466669073212,0.6194221829721572,0.6219404291836594
2024-08-15,1593387.0,23.0,2024,8,3,15,3,228,33,0,0,0,-0.8660254037844385,-0.5000000000000004,0.43388373911755823,-0.900968867902419,-0.7055836101071774,-0.70862667826446,1113894.0,1367724.0,2882167.0,5306733.0,2654932.0,2491166.0,943224.0,2210311.0,899638.0,28.0,75.0,45.0,41.0,1787928.3333333333,956099.4257640401,1113894.0,2882167.0,2159121.285714286,1530469.0223929954,1020227.0,5306733.0,2329185.4285714286,1322375.0942464047,913128.0,5306733.0,2195623.6666666665,1071252.860975776,748999.0,5306733.0,1848493.4833333334,1069399.6226958141,492772.0,5306733.0,38.0,37.5,36.53333333333333,258,66564,-0.6997423838734679,-0.2791118534903007,0.5159015416919939,0.5073246462546481
2024-08-16,942393.0,18.0,2024,8,3,16,4,229,33,0,0,0,-0.8660254037844385,-0.5000000000000004,-0.433883739117558,-0.9009688679024191,-0.7176769136759615,-0.6963762255968726,1593387.0,1113894.0,1367724.0,2033446.0,2658567.0,748999.0,2496954.0,1734624.0,1059340.0,23.0,34.0,40.0,37.0,1358335.0,239884.34557718388,1113894.0,1593387.0,1628643.2857142857,645078.8052327934,1020227.0,2882167.0,2253360.785714286,1332654.4879897637,913128.0,5306733.0,2175059.533333333,1076867.82158577,748999.0,5306733.0,1860055.9666666666,1062696.033813008,492772.0,5306733.0,30.571428571428573,35.92857142857143,35.93333333333333,259,67081,-0.5365537122697136,-0.4567162681941447,0.978352358663473,0.7325716724443374
2024-08-17,1465049.0,34.0,2024,8,3,17,5,230,33,1,0,0,-0.8660254037844385,-0.5000000000000004,-0.9749279121818236,-0.2225209339563146,-0.7295575540864876,-0.6839194216246105,942393.0,1593387.0,1113894.0,1020227.0,2354690.0,1634696.0,1439897.0,943224.0,745162.0,18.0,24.0,37.0,26.0,1216558.0,337421.4274182862,942393.0,1593387.0,1472778.5714285714,662542.7712982876,942393.0,2882167.0,2130776.9285714286,1370896.7594890057,913128.0,5306733.0,2148651.8333333335,1097556.0181232486,748999.0,5306733.0,1858106.85,1064295.582066753,492772.0,5306733.0,28.285714285714285,34.357142857142854,35.3,260,67600,0.43600296796693283,0.5532354986726377,0.639874193094685,0.43859734991965116
2024-08-18,1418581.0,28.0,2024,8,3,18,6,231,33,1,0,0,-0.8660254037844385,-0.5000000000000004,-0.7818314824680299,0.6234898018587334,-0.7412220108485957,-0.6712599575675315,1465049.0,942393.0,1593387.0,1389658.0,913128.0,1534317.0,3550680.0,2496954.0,577593.0,34.0,33.0,24.0,35.0,1333609.6666666667,344826.7982180722,942393.0,1593387.0,1536324.5714285714,632556.6780215156,942393.0,2882167.0,2067231.142857143,1380305.8942545957,913128.0,5306733.0,2166046.0,1081815.6359594497,748999.0,5306733.0,1870104.9666666666,1055558.2587595491,492772.0,5306733.0,29.714285714285715,34.142857142857146,35.56666666666667,261,68121,0.020813034573974317,-0.43187539698368493,0.9536064365863166,0.6763702155909893
2024-08-19,2471260.0,31.0,2024,8,3,19,0,232,34,0,0,0,-0.8660254037844385,-0.5000000000000004,0.0,1.0,-0.7526668275320083,-0.6584015846980489,1418581.0,1465049.0,942393.0,2882167.0,4616803.0,2279059.0,2638577.0,1439897.0,1714063.0,28.0,43.0,49.0,37.0,1275341.0,289275.9872232636,942393.0,1465049.0,1540456.4285714286,631532.6153086753,942393.0,2882167.0,2103334.9285714286,1354159.4292843677,942393.0,5306733.0,2130100.2333333334,1088337.3575845177,748999.0,5306733.0,1884121.4333333333,1043620.5723973127,492772.0,5306733.0,29.0,34.42857142857143,35.333333333333336,262,68644,-0.14256876856892747,0.7162755391531478,0.92088356002094,0.6659691303728477
2024-08-20,1009404.0,37.0,2024,8,3,20,1,233,34,0,0,0,-0.8660254037844385,-0.5000000000000004,0.7818314824680298,0.6234898018587336,-0.7638886127905429,-0.64534811322955,2471260.0,1418581.0,1465049.0,1367724.0,2840132.0,3711615.0,1962179.0,3550680.0,878310.0,31.0,29.0,35.0,16.0,1784963.3333333333,594804.299550976,1418581.0,2471260.0,1481755.4285714286,489061.69421415025,942393.0,2471260.0,1950081.857142857,1154514.7810767058,942393.0,5306733.0,2164479.0,1082054.565656275,748999.0,5306733.0,1896741.3833333333,1046104.5260519994,492772.0,5306733.0,27.285714285714285,33.142857142857146,35.13333333333333,263,69169,-0.2619826807162849,-0.7157152996045828,1.667792101414847,1.1417343388408943
2024-08-21,2023291.0,33.0,2024,8,3,21,2,234,34,0,0,0,-0.8660254037844385,-0.5000000000000004,0.9749279121818236,-0.22252093395631434,-0.7748840413670406,-0.6321034111873488,1009404.0,2471260.0,1418581.0,1113894.0,1456495.0,1493938.0,2389878.0,2638577.0,766626.0,37.0,28.0,29.0,31.0,1633081.6666666667,754164.2017388038,1009404.0,2471260.0,1430566.857142857,520714.07076290133,942393.0,2471260.0,1819315.5714285714,1149616.8261249696,942393.0,5306733.0,2079769.8,1069189.1222493688,748999.0,5306733.0,1898926.2833333334,1044076.3074277359,492772.0,5306733.0,28.428571428571427,33.285714285714285,35.833333333333336,264,69696,0.8164125132193907,-0.23318857096078682,0.705597221800589,0.48534409914020293
2024-08-22,942386.0,26.0,2024,8,3,22,3,235,34,0,0,0,-0.8660254037844385,-0.5000000000000004,0.43388373911755823,-0.900968867902419,-0.7856498550787144,-0.6186714032625032,2023291.0,1009404.0,2471260.0,1593387.0,5306733.0,2654932.0,2491166.0,1962179.0,1753659.0,33.0,23.0,75.0,39.0,1834651.6666666667,748962.1751092154,1009404.0,2471260.0,1560480.7142857143,541564.9853393107,942393.0,2471260.0,1859801.0,1145830.7446249847,942393.0,5306733.0,2059260.2666666666,1063988.934579257,748999.0,5306733.0,1919870.7,1033528.326868436,492772.0,5306733.0,29.142857142857142,33.57142857142857,35.9,265,70225,-0.4085642722075679,-0.5197247549790309,1.2965818683162194,0.9825329186169894
2024-08-23,1659562.0,38.0,2024,8,3,23,4,236,34,0,0,0,-0.8660254037844385,-0.5000000000000004,-0.433883739117558,-0.9009688679024191,-0.7961828637826154,-0.6050560696488494,942386.0,2023291.0,1009404.0,942393.0,2033446.0,2658567.0,748999.0,2389878.0,492772.0,26.0,18.0,34.0,31.0,1325027.0,605642.0670272119,942386.0,2023291.0,1467480.5714285714,588808.240751561,942386.0,2471260.0,1548061.9285714286,599219.8663962317,942386.0,2882167.0,2025267.1666666667,1083312.5852597426,748999.0,5306733.0,1906349.4833333334,1041019.2850216888,492772.0,5306733.0,29.571428571428573,30.071428571428573,35.46666666666667,266,70756,0.7610084115650265,-0.30558714712633867,0.6421795411455435,0.4653144116047899
2024-08-24,3872849.0,37.0,2024,8,3,24,5,237,34,1,0,0,-0.8660254037844385,-0.5000000000000004,-0.9749279121818236,-0.2225209339563146,-0.8064799463209447,-0.5912614448635782,1659562.0,942386.0,2023291.0,1465049.0,1020227.0,2354690.0,1634696.0,2491166.0,1843929.0,38.0,34.0,24.0,63.0,1541746.3333333333,549999.3665817508,942386.0,2023291.0,1569933.2857142857,542812.6246909712,942386.0,2471260.0,1521355.9285714286,584063.1848537076,942386.0,2882167.0,2000923.3,1083042.315502419,748999.0,5306733.0,1925795.9833333334,1024939.5247496231,543864.0,5306733.0,32.42857142857143,30.357142857142858,35.7,267,71289,1.6434945179307996,0.5546330513502512,1.0570907790167243,0.8293981083632741
2024-08-25,2406247.0,49.0,2024,8,3,25,6,238,34,1,0,0,-0.8660254037844385,-0.5000000000000004,-0.7818314824680299,0.6234898018587334,-0.8165380514459157,-0.5772916165517278,3872849.0,1659562.0,942386.0,1418581.0,1389658.0,913128.0,1534317.0,748999.0,962385.0,37.0,28.0,33.0,27.0,2158265.6666666665,1527557.645050532,942386.0,3872849.0,1913904.7142857143,1019156.427406462,942386.0,3872849.0,1725114.642857143,838121.9996369731,942386.0,3872849.0,2046979.4,1132841.5911554585,748999.0,5306733.0,1959611.3166666667,1055215.1790751787,543864.0,5306733.0,32.857142857142854,31.285714285714285,34.833333333333336,268,71824,0.6962351814947472,2.212617106297872,2.0235328180616245,1.8919824009953399
2024-08-26,2289664.0,53.0,2024,8,3,26,0,239,35,0,0,0,-0.8660254037844385,-0.5000000000000004,0.0,1.0,-0.8263541987239094,-0.5631507242749187,2406247.0,3872849.0,1659562.0,2471260.0,2882167.0,4616803.0,2279059.0,1634696.0,845321.0,49.0,31.0,43.0,35.0,2646219.3333333335,1125988.39988089,1659562.0,3872849.0,2054999.857142857,1007453.837664275,942386.0,3872849.0,1797728.142857143,850765.3732845376,942386.0,3872849.0,2102221.0,1107487.7302567177,913128.0,5306733.0,1983675.6833333333,1048530.3908956802,543864.0,5306733.0,35.857142857142854,32.42857142857143,35.56666666666667,269,72361,-0.07348316243535687,0.40066654595105144,1.1709231957541326,1.1446213314394633
2024-08-27,2009491.0,41.0,2024,8,3,27,1,240,35,0,0,0,-0.8660254037844385,-0.5000000000000004,0.7818314824680298,0.6234898018587336,-0.8359254794186365,-0.5488429582847199,2289664.0,2406247.0,3872849.0,1009404.0,1367724.0,2840132.0,3711615.0,1534317.0,687306.0,53.0,37.0,29.0,33.0,2856253.3333333335,882325.3147713302,2289664.0,3872849.0,2029057.5714285714,997234.7724450938,942386.0,3872849.0,1755406.5,806241.9906456558,942386.0,3872849.0,2124053.2666666666,1104404.9564014093,913128.0,5306733.0,2007748.0666666667,1038484.4852793394,543864.0,5306733.0,39.0,33.142857142857146,36.166666666666664,270,72900,0.9907698007933394,0.3096974093358804,1.1284371780481057,1.0779691997052554
2024-08-28,1447776.0,31.0,2024,8,3,28,2,241,35,0,0,0,-0.8660254037844385,-0.5000000000000004,0.9749279121818236,-0.22252093395631434,-0.8452490573530634,-0.5343725582809785,2009491.0,2289664.0,2406247.0,2023291.0,1113894.0,1456495.0,1493938.0,2279059.0,739500.0,41.0,33.0,28.0,39.0,2235134.0,203921.48380931758,2009491.0,2406247.0,2171927.1428571427,892997.8156142428,942386.0,3872849.0,1801247.0,800729.5812336496,942386.0,3872849.0,2139892.4,1099049.8753763023,913128.0,5306733.0,2029784.4833333334,1023916.1372456492,543864.0,5306733.0,39.57142857142857,34.0,36.43333333333333,271,73441,-0.2844449958013949,-0.3647483456988169,0.9252110535146865,0.939061702354754
2024-08-29,1539545.0,33.0,2024,8,3,29,3,242,35,0,0,0,-0.8660254037844385,-0.5000000000000004,0.43388373911755823,-0.900968867902419,-0.8543221697498269,-0.5197438121555157,1447776.0,2009491.0,2289664.0,942386.0,1593387.0,5306733.0,2654932.0,3711615.0,543864.0,31.0,26.0,23.0,47.0,1915643.6666666667,428718.2555202509,1447776.0,2289664.0,2089710.7142857143,934492.3736980971,942386.0,3872849.0,1825095.7142857143,783468.9701882984,942386.0,3872849.0,2112182.966666667,1105878.2064276754,913128.0,5306733.0,2041589.0833333333,1012811.0739755474,543864.0,5306733.0,39.285714285714285,34.214285714285715,36.166666666666664,272,73984,0.633667096073159,-0.585208864604761,0.6928116844607678,0.6854406189463794
2024-08-30,3981258.0,32.0,2024,8,3,30,4,243,35,0,0,0,-0.8660254037844385,-0.5000000000000004,-0.433883739117558,-0.9009688679024191,-0.8631421280499115,-0.5049610547215202,1539545.0,1447776.0,2009491.0,1659562.0,942393.0,2033446.0,2658567.0,1493938.0,3312824.0,33.0,38.0,18.0,34.0,1665604.0,301328.87169502,1447776.0,2009491.0,2175019.1428571427,834170.4058790841,1447776.0,3872849.0,1821249.857142857,784824.8392395359,942386.0,3872849.0,2039780.6333333333,1068006.5234779308,913128.0,5306733.0,2058183.7666666666,995870.5828378893,736798.0,5306733.0,40.285714285714285,34.92857142857143,35.7,273,74529,1.39898117696115,1.664941918607064,0.7078305517705132,0.754760082942906
2024-08-31,2258387.0,28.0,2024,8,3,31,5,244,35,1,0,1,-0.8660254037844385,-0.5000000000000004,-0.9749279121818236,-0.2225209339563146,-0.8717063187093217,-0.4900286664290594,3981258.0,1539545.0,1447776.0,3872849.0,1465049.0,1020227.0,2354690.0,2654932.0,804333.0,32.0,37.0,34.0,45.0,2322859.6666666665,1436947.8631259825,1447776.0,3981258.0,2506690.0,1032941.2242759356,1447776.0,3981258.0,2038311.642857143,929887.2845736663,942386.0,3981258.0,2122691.3,1119477.4784362323,913128.0,5306733.0,2069324.3333333333,1013722.6286820725,736798.0,5306733.0,39.42857142857143,35.92857142857143,35.63333333333333,274,75076,-0.4168667562303617,-0.1493616409007839,1.5882530348786648,1.8755708849421489
2024-09-01,3573602.0,44.0,2024,9,3,1,6,245,35,1,1,0,-1.0,-1.8369701987210297e-16,-0.7818314824680299,0.6234898018587334,-0.8800122039735356,-0.4749510720670502,2258387.0,3981258.0,1539545.0,2406247.0,1418581.0,1389658.0,913128.0,2658567.0,2036907.0,28.0,49.0,28.0,40.0,2593063.3333333335,1254789.5360028818,1539545.0,3981258.0,2276052.5714285714,839117.9932101044,1447776.0,3981258.0,2094978.642857143,916339.7810702025,942386.0,3981258.0,2109473.1333333333,1115309.7061666027,913128.0,5306733.0,2093558.5666666667,1000260.0021386539,736798.0,5306733.0,38.142857142857146,35.5,35.06666666666667,275,75625,0.4851351502983692,0.34418353947822267,0.9922385046591945,1.0705929192998809
2024-09-02,1538405.0,43.0,2024,9,3,2,0,246,36,0,0,0,-1.0,-1.8369701987210297e-16,0.0,1.0,-0.888057322629493,-0.4597327394521046,3573602.0,2258387.0,3981258.0,2289664.0,2471260.0,2882167.0,4616803.0,2354690.0,1181566.0,44.0,53.0,31.0,37.0,3271082.3333333335,900394.2093329607,2258387.0,3981258.0,2442817.5714285714,974399.3032422354,1447776.0,3981258.0,2248908.714285714,973214.833243959,942386.0,3981258.0,2139974.3,1143011.9936042004,913128.0,5306733.0,2119170.15,1018295.7365154221,736798.0,5306733.0,37.42857142857143,36.642857142857146,35.2,276,76176,-0.32810884042374777,-0.3466634673778714,1.462901708992596,1.66992753137269
2024-09-03,1332733.0,48.0,2024,9,3,3,1,247,36,0,0,0,-1.0,-1.8369701987210297e-16,0.7818314824680298,0.6234898018587336,-0.8958392907349089,-0.4443781781046134,1538405.0,3573602.0,2258387.0,2009491.0,1009404.0,1367724.0,2840132.0,913128.0,1399818.0,43.0,41.0,37.0,24.0,2456798.0,1032003.8279449326,1538405.0,3573602.0,2335494.8571428573,1033650.7260561844,1447776.0,3981258.0,2182276.214285714,988632.6775426278,942386.0,3981258.0,2112764.8,1147431.7377688328,913128.0,5306733.0,2125117.466666667,1013758.826968605,736798.0,5306733.0,36.0,37.5,35.4,277,76729,-0.3367808066818911,0.4595248420812854,0.6587062246337025,0.7281477805764277
2024-09-04,2920970.0,38.0,2024,9,3,4,2,248,36,0,0,0,-1.0,-1.8369701987210297e-16,0.9749279121818236,-0.22252093395631434,-0.9033558023246842,-0.4288919379124841,1332733.0,1538405.0,3573602.0,1447776.0,2023291.0,1113894.0,1456495.0,4616803.0,965519.0,48.0,31.0,33.0,49.0,2148246.6666666665,1238670.0983685395,1332733.0,3573602.0,2238815.1428571427,1098819.5937798326,1332733.0,3981258.0,2205371.1428571427,962558.953483319,942386.0,3981258.0,2126751.6333333333,1134792.1031569385,942386.0,5306733.0,2123999.3833333333,1014608.9621313346,736798.0,5306733.0,37.0,38.285714285714285,36.2,278,77284,1.0175565833388591,-0.36731760051273576,0.5952849676991133,0.6266519226371348
2024-09-05,1420487.0,32.0,2024,9,3,5,3,249,36,0,0,0,-1.0,-1.8369701987210297e-16,0.43388373911755823,-0.900968867902419,-0.9106046300942162,-0.41327860778290443,2920970.0,1332733.0,1538405.0,1539545.0,942386.0,1593387.0,5306733.0,2840132.0,4210843.0,38.0,33.0,26.0,35.0,1930702.6666666667,863740.2888000116,1332733.0,2920970.0,2449271.4285714286,1062542.2645916825,1332733.0,3981258.0,2269491.0714285714,979251.1282632467,942386.0,3981258.0,2070223.8666666667,1045176.2061871899,942386.0,5306733.0,2156590.2333333334,1008151.5638948542,736798.0,5306733.0,38.0,38.642857142857146,35.833333333333336,279,77841,-0.07733323806709125,-0.49985176745306203,1.192587300013415,1.4109440273737868
2024-09-06,1955547.0,32.0,2024,9,3,6,4,250,36,0,0,0,-1.0,-1.8369701987210297e-16,-0.433883739117558,-0.9009688679024191,-0.9175836260593934,-0.3975428142825566,1420487.0,2920970.0,1332733.0,3981258.0,1659562.0,942393.0,2033446.0,1456495.0,3431111.0,32.0,32.0,38.0,29.0,1891396.6666666667,892715.5916989059,1332733.0,2920970.0,2432263.1428571427,1080335.336628622,1332733.0,3981258.0,2303641.1428571427,936827.6624230607,1332733.0,3981258.0,2022902.3666666667,1041246.3600744603,942386.0,5306733.0,2110084.3,975617.4090521192,736798.0,5306733.0,37.857142857142854,39.07142857142857,35.733333333333334,280,78400,-0.5088117876309448,0.34263900665639085,0.5840186347318388,0.7022024509965228
2024-09-07,2733649.0,32.0,2024,9,3,7,5,251,36,1,0,0,-1.0,-1.8369701987210297e-16,-0.9749279121818236,-0.2225209339563146,-0.9242907221930934,-0.3816892202666586,1955547.0,1420487.0,2920970.0,2258387.0,3872849.0,1465049.0,1020227.0,5306733.0,2618356.0,32.0,28.0,37.0,75.0,2099001.3333333335,760458.1958505856,1420487.0,2920970.0,2142875.8571428573,841071.2259657179,1332733.0,3573602.0,2324782.9285714286,924432.1681916186,1332733.0,3981258.0,2039537.4333333333,1035857.851481421,942386.0,5306733.0,2085491.5666666667,960229.6025298093,736798.0,5306733.0,37.857142857142854,38.642857142857146,35.833333333333336,281,78961,0.21044311714511285,-0.4848715772962386,0.9125806301291635,0.9588188812028505
2024-09-08,2557357.0,31.0,2024,9,3,8,6,252,36,1,0,0,-1.0,-1.8369701987210297e-16,-0.7818314824680299,0.6234898018587334,-0.9307239310379793,-0.3657225234972692,2733649.0,1955547.0,1420487.0,3573602.0,2406247.0,1418581.0,1389658.0,2033446.0,2890121.0,32.0,44.0,49.0,34.0,2036561.0,660318.9083374747,1420487.0,2733649.0,2210770.4285714286,870613.5016255027,1332733.0,3573602.0,2243411.5,822165.8735908145,1332733.0,3981258.0,1953767.9666666666,844935.7273977352,942386.0,3981258.0,2087413.1166666667,961428.6200683751,736798.0,5306733.0,38.42857142857143,38.285714285714285,34.4,282,79524,-0.28437554042112134,0.2576468713700782,1.2365141873941423,1.3991676834910403
2024-09-09,2411622.0,78.0,2024,9,3,9,0,253,37,0,0,0,-1.0,-1.8369701987210297e-16,0.0,1.0,-0.9368813462954315,-0.34964745525122826,2557357.0,2733649.0,1955547.0,1538405.0,2289664.0,2471260.0,2882167.0,1020227.0,2127703.0,31.0,43.0,53.0,24.0,2415517.6666666665,407982.20299582597,1955547.0,2733649.0,2065592.5714285714,666218.5956645797,1332733.0,2920970.0,2254205.0714285714,825453.3844359037,1332733.0,3981258.0,1971231.6666666667,852023.8953099436,942386.0,3981258.0,2081867.05,957672.1093616019,736798.0,5306733.0,36.57142857142857,37.0,34.3,283,80089,0.5676119097376828,1.363809230690817,1.2380742627435586,1.29733964974521
2024-09-10,3531829.0,27.0,2024,9,3,10,1,254,37,0,0,0,-1.0,-1.8369701987210297e-16,0.7818314824680298,0.6234898018587336,-0.9427611433904206,-0.33346877891818705,2411622.0,2557357.0,2733649.0,1332733.0,2009491.0,1009404.0,1367724.0,1389658.0,1789506.0,78.0,48.0,41.0,33.0,2567542.6666666665,161254.9473235695,2411622.0,2733649.0,2190337.8571428573,631923.4169144308,1332733.0,2920970.0,2262916.3571428573,826499.2489735166,1332733.0,3981258.0,2017611.5,836194.1271199221,942386.0,3981258.0,2086599.0333333334,958603.4171122528,736798.0,5306733.0,41.57142857142857,38.785714285714285,36.1,284,80656,1.6500649417400184,1.5415094937027671,1.1010274018391812,1.1952856137070986
2024-09-11,3894805.0,33.0,2024,9,3,11,2,255,37,0,0,0,-1.0,-1.8369701987210297e-16,0.9749279121818236,-0.22252093395631434,-0.9483615800121716,-0.31719128858910595,3531829.0,2411622.0,2557357.0,2920970.0,1447776.0,2023291.0,1113894.0,2882167.0,736798.0,27.0,38.0,31.0,43.0,2833602.6666666665,609056.386532747,2411622.0,3531829.0,2504494.4285714286,679364.3063967628,1420487.0,3531829.0,2371654.785714286,888416.5409434219,1332733.0,3981258.0,2089017.2,871442.7938973886,942386.0,3981258.0,2115637.75,975688.7244039837,736798.0,5306733.0,38.57142857142857,37.785714285714285,35.9,285,81225,0.333394386111463,0.3513460531606947,1.4101963892227807,1.6906653521091162
2024-09-12,1929744.0,34.0,2024,9,3,12,3,256,37,0,0,0,-1.0,-1.8369701987210297e-16,0.43388373911755823,-0.900968867902419,-0.9536809966304455,-0.300819807635668,3894805.0,3531829.0,2411622.0,1420487.0,1539545.0,942386.0,1593387.0,1367724.0,1807128.0,33.0,32.0,33.0,29.0,3279418.6666666665,773137.2356524593,2411622.0,3894805.0,2643613.714285714,855691.4863295696,1420487.0,3894805.0,2546442.5714285714,932301.3352815725,1332733.0,3981258.0,2122771.8,921403.8301977402,942386.0,3981258.0,2168271.2,985179.678807448,748999.0,5306733.0,37.857142857142854,37.92857142857143,35.56666666666667,286,81796,0.35850873679238177,0.41091623748651046,1.473288241376955,1.8347732902801894
2024-09-13,1310946.0,28.0,2024,9,3,13,4,257,37,0,0,0,-1.0,-1.8369701987210297e-16,-0.433883739117558,-0.9009688679024191,-0.9587178169872964,-0.2843591872810036,1929744.0,3894805.0,3531829.0,1955547.0,3981258.0,1659562.0,942393.0,1113894.0,1218898.0,34.0,32.0,32.0,28.0,3118792.6666666665,1045617.254505838,1929744.0,3894805.0,2716364.714285714,749418.6160428463,1929744.0,3894805.0,2574313.9285714286,905326.7225766933,1332733.0,3981258.0,2141505.8,911179.5916585634,942386.0,3981258.0,2170314.8,984544.8161782952,748999.0,5306733.0,38.142857142857146,38.0,35.733333333333334,287,82369,-0.32962695348155785,0.1769037269255423,0.710414175920938,0.9011154674435158
2024-09-14,4006106.0,23.0,2024,9,3,14,5,258,37,1,0,0,-1.0,-1.8369701987210297e-16,-0.9749279121818236,-0.2225209339563146,-0.9634705485641486,-0.26781430516217486,1310946.0,1929744.0,3894805.0,2733649.0,2258387.0,3872849.0,1465049.0,1593387.0,2210311.0,28.0,32.0,28.0,23.0,2378498.3333333335,1349117.1823582735,1310946.0,3894805.0,2624278.8571428573,885698.321939895,1310946.0,3894805.0,2383577.3571428573,866571.2681969994,1310946.0,3894805.0,2148074.2,904199.9407538159,942386.0,3981258.0,2171848.933333333,983107.8427829188,748999.0,5306733.0,37.57142857142857,37.714285714285715,35.733333333333334,288,82944,0.46547929159888485,1.5142077850515914,0.4995452356108497,0.6102889741890666
2024-09-15,1124748.0,18.0,2024,9,3,15,6,259,37,1,0,0,-1.0,-1.8369701987210297e-16,-0.7818314824680299,0.6234898018587334,-0.9679377830240642,-0.25119006388481957,4006106.0,1310946.0,1929744.0,2557357.0,3573602.0,2406247.0,1418581.0,942393.0,1734624.0,23.0,31.0,44.0,18.0,2415598.6666666665,1411741.0967459036,1310946.0,4006106.0,2806058.4285714286,1030610.4050019532,1310946.0,4006106.0,2508414.4285714286,967194.2517075413,1310946.0,4006106.0,2228498.1666666665,958812.345461144,942386.0,4006106.0,2201778.85,1011232.1102168156,748999.0,5306733.0,36.285714285714285,37.357142857142854,35.733333333333334,289,83521,-0.5601912443198193,0.19350207397550703,1.4276630733022615,1.7976707631724176
2024-09-16,1481370.0,28.0,2024,9,3,16,0,260,38,0,0,0,-1.0,-1.8369701987210297e-16,0.0,1.0,-0.9721181966290612,-0.23449138957041052,1124748.0,4006106.0,1310946.0,2411622.0,1538405.0,2289664.0,2471260.0,1465049.0,943224.0,18.0,78.0,43.0,34.0,2147266.6666666665,1612491.914448357,1124748.0,4006106.0,2601400.0,1214132.3164673345,1124748.0,4006106.0,2333496.285714286,981074.7872532009,1124748.0,4006106.0,2234576.6666666665,950923.3586412081,942386.0,4006106.0,2191614.25,1019042.3812784974,748999.0,5306733.0,34.42857142857143,35.5,35.733333333333334,290,84100,-0.3857370682470138,0.011140241725703373,0.4323625739986161,0.5033382907724506
2024-09-17,1273414.0,25.0,2024,9,3,17,1,261,38,0,0,0,-1.0,-1.8369701987210297e-16,0.7818314824680298,0.6234898018587336,-0.9760105506323682,-0.21772323039653224,1481370.0,1124748.0,4006106.0,3531829.0,1332733.0,2009491.0,1009404.0,1418581.0,2496954.0,28.0,27.0,48.0,28.0,2204074.6666666665,1570758.577075843,1124748.0,4006106.0,2468506.8571428573,1287085.278904035,1124748.0,4006106.0,2329422.3571428573,984741.9534719676,1124748.0,4006106.0,2235120.7,950472.4843203425,942386.0,4006106.0,2200583.35,1010198.3117000619,748999.0,5306733.0,27.285714285714285,34.42857142857143,35.53333333333333,291,84681,-0.6394463038839083,-0.10233254216713744,0.6001077111507778,0.662769576604968
2024-09-18,2571407.0,37.0,2024,9,3,18,2,262,38,0,0,0,-1.0,-1.8369701987210297e-16,0.9749279121818236,-0.22252093395631434,-0.9796136916454901,-0.20089055513063528,1273414.0,1481370.0,1124748.0,3894805.0,2920970.0,1447776.0,2023291.0,2471260.0,1439897.0,25.0,33.0,38.0,31.0,1293177.3333333333,179130.5521940017,1124748.0,1481370.0,2145876.1428571427,1258867.8779051735,1124748.0,4006106.0,2325185.285714286,989476.5489091412,1124748.0,4006106.0,2230281.8,955130.9822904944,942386.0,4006106.0,2180191.0166666666,1016444.3986278086,748999.0,5306733.0,27.0,32.785714285714285,35.43333333333333,292,85264,-0.339785432133316,0.040524671625001014,0.5934238116392418,0.5709655165549036
2024-09-19,1553793.0,25.0,2024,9,3,19,3,263,38,0,0,0,-1.0,-1.8369701987210297e-16,0.43388373911755823,-0.900968867902419,-0.9829265519799822,-0.18399835165767986,2571407.0,1273414.0,1481370.0,1929744.0,1420487.0,1539545.0,942386.0,1009404.0,3550680.0,37.0,34.0,32.0,37.0,1775397.0,697162.3659944606,1273414.0,2571407.0,1956819.2857142857,1031230.4059175631,1124748.0,4006106.0,2300216.5,977625.3598192964,1124748.0,4006106.0,2233620.033333333,956176.6934128336,942386.0,4006106.0,2199049.5166666666,1012967.3631346083,748999.0,5306733.0,27.571428571428573,32.714285714285715,35.63333333333333,293,85849,-0.1948191055393876,0.5393172604824233,1.314074845220761,1.1512284818481735
2024-09-20,1511412.0,23.0,2024,9,3,20,4,264,38,0,0,0,-1.0,-1.8369701987210297e-16,-0.433883739117558,-0.9009688679024191,-0.9859481499638303,-0.1670516255021195,1553793.0,2571407.0,1273414.0,1310946.0,1955547.0,3981258.0,1659562.0,2023291.0,2638577.0,25.0,28.0,32.0,33.0,1799538.0,683000.3007180848,1273414.0,2571407.0,1903112.0,1042602.7294422024,1124748.0,4006106.0,2309738.3571428573,969009.0974248357,1124748.0,4006106.0,2251766.3333333335,937118.1696842941,942386.0,4006106.0,2165768.066666667,1000534.2772887686,748999.0,5306733.0,26.285714285714285,32.214285714285715,35.233333333333334,294,86436,0.15291705379168935,-0.2529932669101973,0.8164485327190413,0.6900329652321828
2024-09-21,1451140.0,31.0,2024,9,3,21,5,265,38,1,0,0,-1.0,-1.8369701987210297e-16,-0.9749279121818236,-0.2225209339563146,-0.9886775902323404,-0.15005539834465262,1511412.0,1553793.0,2571407.0,4006106.0,2733649.0,2258387.0,3872849.0,942386.0,1962179.0,23.0,23.0,32.0,26.0,1878870.6666666667,600128.292142878,1511412.0,2571407.0,1931750.0,1026251.2754176388,1124748.0,4006106.0,2278014.4285714286,988569.5162364442,1124748.0,4006106.0,2234703.7,946039.1661330984,942386.0,4006106.0,2146981.9833333334,1002086.9758310167,748999.0,5306733.0,25.571428571428573,31.571428571428573,34.9,295,87025,-0.6377679472285556,0.5398573408348596,0.7824055907855572,0.6763366436454192
2024-09-22,3781131.0,27.0,2024,9,3,22,6,266,38,1,0,0,-1.0,-1.8369701987210297e-16,-0.7818314824680299,0.6234898018587334,-0.9911140639934546,-0.13301470653419636,1451140.0,1511412.0,1553793.0,1124748.0,2557357.0,3573602.0,2406247.0,1659562.0,2389878.0,31.0,18.0,31.0,38.0,1505448.3333333333,51585.691740325914,1451140.0,1553793.0,1566754.857142857,468087.0750506475,1124748.0,2571407.0,2186406.6428571427,1002425.3894319453,1124748.0,4006106.0,2251662.1666666665,926431.2758691987,1124748.0,4006106.0,2138464.6666666665,1005849.0920509824,748999.0,5306733.0,26.714285714285715,31.5,35.06666666666667,296,87616,2.361758367207588,1.278390924834384,0.9262074365904995,0.644475011163975
2024-09-23,2396921.0,26.0,2024,9,3,23,0,267,39,0,0,0,-1.0,-1.8369701987210297e-16,0.0,1.0,-0.9932568492674143,-0.11593459959550066,3781131.0,1451140.0,1511412.0,1481370.0,2411622.0,1538405.0,2289664.0,3872849.0,2491166.0,27.0,28.0,78.0,37.0,2247894.3333333335,1328163.8398572397,1451140.0,3781131.0,1946238.142857143,914209.2895242714,1273414.0,3781131.0,2273819.0714285714,1087046.2854892944,1124748.0,4006106.0,2322381.1333333333,960040.0403957588,1124748.0,4006106.0,2161652.216666667,1027545.1710372492,748999.0,5306733.0,28.0,31.214285714285715,34.7,297,88209,0.6180434327683159,-0.38109619042725396,1.942789485385983,1.628126815934347
2024-09-24,1915917.0,25.0,2024,9,3,24,1,268,39,0,0,0,-1.0,-1.8369701987210297e-16,0.7818314824680298,0.6234898018587336,-0.9951053111006974,-0.09882013873287211,2396921.0,3781131.0,1451140.0,1273414.0,3531829.0,1332733.0,2009491.0,2406247.0,748999.0,26.0,25.0,27.0,49.0,2543064.0,1171850.1812761705,1451140.0,3781131.0,2077031.142857143,902028.8923542347,1273414.0,3781131.0,2272769.0,1086910.022068348,1124748.0,4006106.0,2273183.533333333,914587.2060476172,1124748.0,4006106.0,2160081.466666667,1027104.8637274873,748999.0,5306733.0,27.714285714285715,27.5,34.333333333333336,298,88804,0.5045515441168387,-0.20377376054910407,1.1540130287612442,1.0544335575426333
2024-09-25,3468224.0,31.0,2024,9,3,25,2,269,39,0,0,0,-1.0,-1.8369701987210297e-16,0.9749279121818236,-0.22252093395631434,-0.99665890175417,-0.08167639533042288,1915917.0,2396921.0,3781131.0,2571407.0,3894805.0,2920970.0,1447776.0,2289664.0,1634696.0,25.0,37.0,33.0,53.0,2697989.6666666665,968368.5109426717,1915917.0,3781131.0,2168817.285714286,836970.839639532,1451140.0,3781131.0,2157346.714285714,1027074.0052242088,1124748.0,4006106.0,2256839.2,916506.52948798,1124748.0,4006106.0,2179530.1,1010852.0257784503,913128.0,5306733.0,27.714285714285715,27.357142857142858,33.53333333333333,299,89401,0.3487650924182753,0.5147305456171736,0.8833925350097,0.8489381963943199
2024-09-26,2866305.0,19.0,2024,9,3,26,3,270,39,0,0,0,-1.0,-1.8369701987210297e-16,0.43388373911755823,-0.900968867902419,-0.9979171608653922,-0.06450844944931625,3468224.0,1915917.0,2396921.0,1553793.0,1929744.0,1420487.0,1539545.0,2009491.0,1534317.0,31.0,25.0,34.0,41.0,2593687.3333333335,794639.5396733836,1915917.0,3468224.0,2296934.0,967350.6088080644,1451140.0,3781131.0,2126876.6428571427,976654.1458847073,1124748.0,4006106.0,2296124.533333333,942842.6914344911,1124748.0,4006106.0,2210088.9,1021757.7461657361,913128.0,5306733.0,26.857142857142858,27.214285714285715,32.8,300,90000,0.8447148365322794,0.42638359664213477,1.5099362889834884,1.5104685959542032
2024-09-27,2221646.0,27.0,2024,9,3,27,4,271,39,0,0,0,-1.0,-1.8369701987210297e-16,-0.433883739117558,-0.9009688679024191,-0.9988797155850335,-0.04732138832243232,2866305.0,3468224.0,1915917.0,1511412.0,1310946.0,1955547.0,3981258.0,1447776.0,2279059.0,19.0,23.0,28.0,31.0,2750148.6666666665,782645.1787958109,1915917.0,3468224.0,2484435.714285714,925601.5829275065,1451140.0,3781131.0,2193773.8571428573,994033.4641990267,1124748.0,4006106.0,2324685.0,946829.4435022776,1124748.0,4006106.0,2232288.7,1021296.3402427314,913128.0,5306733.0,26.0,26.142857142857142,32.06666666666667,301,90601,0.46991422590266585,0.5345232964215458,1.1537046354302933,1.2329864046096568
2024-09-28,4665267.0,32.0,2024,9,3,28,5,272,39,1,0,0,-1.0,-1.8369701987210297e-16,-0.9749279121818236,-0.2225209339563146,-0.9995462806873573,-0.03012030484690836,2221646.0,2866305.0,3468224.0,1451140.0,4006106.0,2733649.0,2258387.0,1539545.0,3711615.0,27.0,31.0,23.0,33.0,2852058.3333333335,623411.1028481344,2221646.0,3468224.0,2585897.714285714,835728.3515165518,1451140.0,3781131.0,2258823.8571428573,961068.4622742997,1124748.0,4006106.0,2350480.6666666665,932548.9541754643,1124748.0,4006106.0,2231331.816666667,1021278.6728506624,913128.0,5306733.0,26.571428571428573,26.071428571428573,31.933333333333334,302,91204,2.2148979423074273,2.0302894686417092,0.8591391638294831,0.9451879487911835
2024-09-29,1376526.0,30.0,2024,9,3,29,6,273,39,1,0,0,-1.0,-1.8369701987210297e-16,-0.7818314824680299,0.6234898018587334,-0.9999166586547379,-0.012910296075008843,4665267.0,2221646.0,2866305.0,3781131.0,1124748.0,2557357.0,3573602.0,3981258.0,1493938.0,32.0,27.0,18.0,32.0,3251072.6666666665,1266434.173533835,2221646.0,4665267.0,3045058.714285714,979025.9661150858,1915917.0,4665267.0,2305906.785714286,1063897.845808023,1124748.0,4665267.0,2454671.4,1010201.8721474702,1124748.0,4665267.0,2247226.0166666666,1051675.3556543137,913128.0,5306733.0,26.714285714285715,26.714285714285715,31.9,303,91809,-0.635948609027299,-0.6542484812589388,1.5320778473377783,1.9005668131384104
2024-09-30,2416074.0,40.0,2024,9,3,30,0,274,40,0,0,1,-1.0,-1.8369701987210297e-16,0.0,1.0,-0.9999907397361901,0.004303538296243821,1376526.0,4665267.0,2221646.0,2396921.0,1481370.0,2411622.0,1538405.0,2258387.0,2654932.0,30.0,26.0,28.0,28.0,2754479.6666666665,1707889.9638209504,1376526.0,4665267.0,2701543.714285714,1092941.9149124871,1376526.0,4665267.0,2323890.9285714286,1044343.9861521808,1273414.0,4665267.0,2367847.0,986119.2383556407,1124748.0,4665267.0,2245269.15,1053208.8827466283,913128.0,5306733.0,27.142857142857142,27.571428571428573,31.833333333333332,304,92416,0.007990668027857405,0.06982284258632378,0.5095331209045242,0.5813407707508129
2024-10-01,1770575.0,31.0,2024,10,4,1,1,275,40,0,1,0,-0.8660254037844386,0.5000000000000001,0.7818314824680298,0.6234898018587336,-0.9997685019798909,0.021516097436222233,2416074.0,1376526.0,4665267.0,1915917.0,1273414.0,3531829.0,1332733.0,3573602.0,2658567.0,40.0,25.0,25.0,44.0,2819289.0,1681038.69480717,1376526.0,4665267.0,2704279.8571428573,1092075.831509796,1376526.0,4665267.0,2390655.5,1015826.9761045966,1273414.0,4665267.0,2373103.2333333334,985935.9097807651,1124748.0,4665267.0,2241288.183333333,1052084.9989141014,913128.0,5306733.0,29.142857142857142,28.428571428571427,32.233333333333334,305,93025,-0.07586027995993563,-0.5045405168230821,0.8934260237964593,1.0181074156669994
2024-10-02,2101058.0,45.0,2024,10,4,2,2,276,40,0,0,0,-0.8660254037844386,0.5000000000000001,0.9749279121818236,-0.22252093395631434,-0.9992500112396835,0.03872228089217399,1770575.0,2416074.0,1376526.0,3468224.0,2571407.0,3894805.0,2920970.0,1538405.0,2354690.0,31.0,31.0,37.0,43.0,1854391.6666666667,524818.0030108789,1376526.0,2416074.0,2683516.714285714,1110784.1629248115,1376526.0,4665267.0,2426167.0,981888.8435549582,1376526.0,4665267.0,2313002.3333333335,964963.7900198159,1124748.0,4665267.0,2226488.316666667,1052361.3075686556,913128.0,5306733.0,30.0,28.857142857142858,31.8,306,93636,-0.3941977219464487,0.36573789086748937,0.6597965239323219,0.7654877708006347
2024-10-03,2249824.0,31.0,2024,10,4,3,3,277,40,0,0,0,-0.8660254037844386,0.5000000000000001,0.43388373911755823,-0.900968867902419,-0.9984354211555643,0.05591699010060302,2101058.0,1770575.0,2416074.0,2866305.0,1553793.0,1929744.0,1420487.0,1332733.0,913128.0,45.0,19.0,25.0,48.0,2095902.3333333333,322780.38265100145,1770575.0,2416074.0,2488207.285714286,1069230.3274629714,1376526.0,4665267.0,2392570.6428571427,984580.0864236188,1376526.0,4665267.0,2331757.433333333,954803.9178331693,1124748.0,4665267.0,2222261.1166666667,1052347.0130603726,913128.0,5306733.0,32.0,29.428571428571427,31.866666666666667,307,94249,-0.21507864655017522,0.6881280796678705,0.8444063370696435,0.9010619929691659
2024-10-04,2782399.0,32.0,2024,10,4,4,4,278,40,0,0,0,-0.8660254037844386,0.5000000000000001,-0.433883739117558,-0.9009688679024191,-0.9973249731081555,0.07309512989807776,2249824.0,2101058.0,1770575.0,2221646.0,1511412.0,1310946.0,1955547.0,2920970.0,4616803.0,31.0,27.0,23.0,38.0,2040485.6666666667,245299.11674184006,1770575.0,2249824.0,2400138.5714285714,1058229.4158410484,1376526.0,4665267.0,2442287.1428571427,956129.9296259063,1376526.0,4665267.0,2362327.1333333333,936215.6617916552,1124748.0,4665267.0,2244539.3833333333,1038216.9431646283,942386.0,5306733.0,33.714285714285715,29.857142857142858,31.3,308,94864,0.25240429843458406,-0.04744006271889133,0.9373725445614153,0.9523761414133245
2024-10-05,1125722.0,31.0,2024,10,4,5,5,279,40,1,0,0,-0.8660254037844386,0.5000000000000001,-0.9749279121818236,-0.2225209339563146,-0.9959189961471792,0.0902516100310407,2782399.0,2249824.0,2101058.0,4665267.0,1451140.0,4006106.0,2733649.0,1420487.0,2840132.0,32.0,32.0,31.0,32.0,2377760.3333333335,358234.7953651722,2101058.0,2782399.0,2480246.1428571427,1063676.004516324,1376526.0,4665267.0,2533071.9285714286,920625.1643305692,1376526.0,4665267.0,2357708.1,933702.8925061255,1124748.0,4665267.0,2213965.9833333334,993208.6777541187,942386.0,5306733.0,34.42857142857143,30.5,31.1,309,95481,-0.7587014848239125,-0.2075098188156597,1.1218237383467067,1.1801287021069318
2024-10-06,1578449.0,37.0,2024,10,4,6,6,280,40,1,0,0,-0.8660254037844386,0.5000000000000001,-0.7818314824680299,0.6234898018587334,-0.994217906893952,0.10738134666416306,1125722.0,2782399.0,2249824.0,1376526.0,3781131.0,1124748.0,2557357.0,1955547.0,1456495.0,31.0,30.0,27.0,32.0,2052648.3333333333,845756.083765483,1125722.0,2782399.0,1974596.857142857,585817.230020428,1125722.0,2782399.0,2509827.785714286,953562.2311381178,1125722.0,4665267.0,2347882.6,945383.3705042874,1124748.0,4665267.0,2185392.4833333334,999529.9706302382,942386.0,5306733.0,34.285714285714285,30.5,31.066666666666666,310,96100,0.1466902913566471,-0.1928350481987904,0.5701021937353143,0.4794626443417571
2024-10-07,4501096.0,42.0,2024,10,4,7,0,281,41,0,0,0,-0.8660254037844386,0.5000000000000001,0.0,1.0,-0.9922222094179324,0.12447926388678869,1578449.0,1125722.0,2782399.0,2416074.0,2396921.0,1481370.0,2411622.0,2733649.0,5306733.0,37.0,40.0,26.0,32.0,1828856.6666666667,856255.0263947807,1125722.0,2782399.0,2003443.0,555654.3645084874,1125722.0,2782399.0,2352493.3571428573,908309.8818270724,1125722.0,4665267.0,2335312.6666666665,953254.0014044964,1124748.0,4665267.0,2187425.05,998145.6581676154,942386.0,5306733.0,35.285714285714285,31.214285714285715,31.233333333333334,311,96721,0.8629793623870792,0.6465522823156886,0.7878681849196608,0.6759047824859427
2024-10-08,2725484.0,49.0,2024,10,4,8,1,282,41,0,0,0,-0.8660254037844386,0.5000000000000001,0.7818314824680298,0.6234898018587336,-0.989932495087353,0.141540295217043,4501096.0,1578449.0,1125722.0,1770575.0,1915917.0,1273414.0,3531829.0,2557357.0,2033446.0,42.0,31.0,25.0,31.0,2401755.6666666665,1832119.7587773367,1125722.0,4501096.0,2301303.285714286,1102986.2158697047,1125722.0,4501096.0,2502791.5714285714,1075017.520247906,1125722.0,4665267.0,2394227.566666667,1030231.2963241684,1124748.0,4665267.0,2173997.7666666666,960169.1606072334,942386.0,4665267.0,35.57142857142857,32.357142857142854,31.566666666666666,312,97344,0.539321406887593,0.06574248335293038,1.9558899637180744,1.8799783540486898
2024-10-09,4275857.0,39.0,2024,10,4,9,2,283,41,0,0,0,-0.8660254037844386,0.5000000000000001,0.9749279121818236,-0.22252093395631434,-0.9873494423939864,0.15855938510313475,2725484.0,4501096.0,1578449.0,2101058.0,3468224.0,2571407.0,3894805.0,2411622.0,1020227.0,49.0,45.0,31.0,78.0,2935009.6666666665,1472546.1369330082,1578449.0,4501096.0,2437718.8571428573,1085315.918877146,1125722.0,4501096.0,2560617.785714286,1062724.0272508834,1125722.0,4665267.0,2399831.8,1031605.6548011731,1124748.0,4665267.0,2185531.7333333334,962605.6140612308,942386.0,4665267.0,38.142857142857146,34.07142857142857,32.166666666666664,313,97969,1.0350970796617704,0.7730212280365663,1.1180468953644718,1.1356979268297054
2024-10-10,4387960.0,96.0,2024,10,4,10,3,284,41,0,0,0,-0.8660254037844386,0.5000000000000001,0.43388373911755823,-0.900968867902419,-0.9844738167520923,0.17553149042142777,4275857.0,2725484.0,4501096.0,2249824.0,2866305.0,1553793.0,1929744.0,3531829.0,1389658.0,39.0,31.0,19.0,27.0,3834145.6666666665,966711.5237403166,2725484.0,4501096.0,2748404.4285714286,1268673.6178680034,1125722.0,4501096.0,2618305.8571428573,1135228.7599718436,1125722.0,4665267.0,2461972.966666667,1087001.29092797,1124748.0,4665267.0,2239792.2333333334,987247.8181530609,942386.0,4665267.0,37.285714285714285,34.642857142857146,30.866666666666667,314,98596,0.9503570057035573,0.24240443124511407,1.5557597548416533,1.7367603372953364
2024-10-11,3067153.0,42.0,2024,10,4,11,4,285,41,0,0,0,-0.8660254037844386,0.5000000000000001,-0.433883739117558,-0.9009688679024191,-0.9813064702716093,0.19245158197082995,4387960.0,4275857.0,2725484.0,2782399.0,2221646.0,1511412.0,1310946.0,3894805.0,2882167.0,96.0,32.0,27.0,33.0,3796433.6666666665,929161.8061738897,2725484.0,4387960.0,3053852.4285714286,1381042.3089805362,1125722.0,4501096.0,2726995.5,1229711.0498326118,1125722.0,4665267.0,2490510.6666666665,1126575.287882565,1124748.0,4665267.0,2289763.933333333,1018863.6350552159,942386.0,4665267.0,46.57142857142857,40.142857142857146,33.166666666666664,315,99225,0.10234118111744578,-0.2125015244665651,1.4368605237590533,1.7618715947412125
2024-10-12,1093094.0,26.0,2024,10,4,12,5,286,41,1,0,0,-0.8660254037844386,0.5000000000000001,-0.9749279121818236,-0.2225209339563146,-0.9778483415056567,0.20931464596304888,3067153.0,4387960.0,4275857.0,1125722.0,4665267.0,1451140.0,4006106.0,1929744.0,1367724.0,42.0,31.0,32.0,34.0,3910323.3333333335,732355.0565895785,3067153.0,4387960.0,3094531.5714285714,1375898.1035332128,1125722.0,4501096.0,2787388.8571428573,1223730.9426655883,1125722.0,4665267.0,2462922.2666666666,1100840.1918266327,1124748.0,4665267.0,2292847.033333333,1020964.3608437984,942386.0,4665267.0,48.0,41.214285714285715,33.46666666666667,316,99856,-0.02898406533762332,-0.43355491712890415,0.9911525958625356,1.2453308175865017
2024-10-13,961485.0,21.0,2024,10,4,13,6,287,41,1,0,0,-0.8660254037844386,0.5000000000000001,-0.7818314824680299,0.6234898018587334,-0.9741004551724206,0.22611568550828803,1093094.0,3067153.0,4387960.0,1578449.0,1376526.0,3781131.0,1124748.0,1310946.0,1113894.0,26.0,37.0,30.0,28.0,2849402.3333333335,1658190.882894465,1093094.0,4387960.0,3089870.4285714286,1383712.5597371338,1093094.0,4501096.0,2532233.6428571427,1173439.2789089696,1093094.0,4501096.0,2435033.933333333,1125142.7856102965,1093094.0,4665267.0,2288269.8666666667,1025786.3707583774,942386.0,4665267.0,47.285714285714285,40.785714285714285,33.2,317,100489,-0.3908672373956967,-0.266571620799026,0.3537669378924026,0.4489029844868144
2024-10-14,1530984.0,24.0,2024,10,4,14,0,288,42,0,0,0,-0.8660254037844386,0.5000000000000001,0.0,1.0,-0.970063921851507,0.2428497220959358,961485.0,1093094.0,3067153.0,4501096.0,2416074.0,2396921.0,1481370.0,4006106.0,1593387.0,21.0,42.0,40.0,23.0,1707244.0,1179552.7111710575,961485.0,3067153.0,3001732.714285714,1509923.5460170084,961485.0,4501096.0,2502587.8571428573,1209569.6489455607,961485.0,4501096.0,2423385.2333333334,1138906.6802470228,961485.0,4665267.0,2285729.716666667,1028927.6571238671,942386.0,4665267.0,45.0,40.142857142857146,32.96666666666667,318,101124,-0.6598641753030817,-0.6178373712527826,0.32030999809681354,0.39675285083646833
2024-10-15,1875031.0,32.0,2024,10,4,15,1,289,42,0,0,0,-0.8660254037844386,0.5000000000000001,0.7818314824680298,0.6234898018587336,-0.965739937654855,0.25951179706979943,1530984.0,961485.0,1093094.0,2725484.0,1770575.0,1915917.0,1273414.0,1124748.0,942393.0,24.0,49.0,31.0,18.0,1195187.6666666667,298160.3852464741,961485.0,1530984.0,2577431.0,1433759.7772816299,961485.0,4387960.0,2439367.1428571427,1237253.066246841,961485.0,4501096.0,2340881.1666666665,1109571.3939291171,961485.0,4665267.0,2284689.6666666665,1029670.6158317712,942386.0,4665267.0,42.42857142857143,39.0,33.0,319,101761,-0.31203742161025344,0.6670676453747861,0.5939961147359522,0.6540203842043243
2024-10-16,2276566.0,26.0,2024,10,4,16,2,290,42,0,0,0,-0.8660254037844386,0.5000000000000001,0.9749279121818236,-0.22252093395631434,-0.9611297838723007,0.27609697309746883,1875031.0,1530984.0,961485.0,4275857.0,2101058.0,3468224.0,2571407.0,1481370.0,1465049.0,32.0,39.0,45.0,28.0,1455833.3333333333,461386.2704441102,961485.0,1875031.0,2455937.714285714,1454998.5299866248,961485.0,4387960.0,2446828.285714286,1233218.1147099172,961485.0,4501096.0,2365890.6,1089488.7129638847,961485.0,4665267.0,2300233.6333333333,1016012.7788231295,942386.0,4665267.0,40.0,39.07142857142857,33.46666666666667,320,102400,-0.4675766752723489,0.5367976940264755,0.7634684662779955,0.7925265014367106
2024-10-17,1780135.0,32.0,2024,10,4,17,3,291,42,0,0,0,-0.8660254037844386,0.5000000000000001,0.43388373911755823,-0.900968867902419,-0.9562348265919058,0.2926003356333479,2276566.0,1875031.0,1530984.0,4387960.0,2249824.0,2866305.0,1553793.0,1273414.0,1418581.0,26.0,96.0,31.0,25.0,1894193.6666666667,373160.20088740066,1530984.0,2276566.0,2170324.714285714,1214575.9780383867,961485.0,4387960.0,2459364.5714285714,1230321.4675864642,961485.0,4501096.0,2392397.1333333333,1076826.568779534,961485.0,4665267.0,2313758.9166666665,1010090.504628834,942386.0,4665267.0,38.142857142857146,37.714285714285715,33.4,321,103041,-0.5943137585575073,0.3979232205708434,1.048951792796246,0.9515836515102551
2024-10-18,1430499.0,33.0,2024,10,4,18,4,292,42,0,0,0,-0.8660254037844386,0.5000000000000001,-0.433883739117558,-0.9009688679024191,-0.9510565162951536,0.30901699437494723,1780135.0,2276566.0,1875031.0,3067153.0,2782399.0,2221646.0,1511412.0,2571407.0,2471260.0,32.0,42.0,32.0,37.0,1977244.0,263527.14749526617,1780135.0,2276566.0,1797778.2857142857,720413.619754583,961485.0,3067153.0,2425815.3571428573,1242815.344275718,961485.0,4501096.0,2409287.8333333335,1062548.8404594564,961485.0,4665267.0,2319784.816666667,1005728.6684554823,942386.0,4665267.0,29.0,37.785714285714285,33.63333333333333,322,103684,-0.5336068986450953,-0.4436901665119524,0.9901860613989585,0.7388635659763082
2024-10-19,1932041.0,26.0,2024,10,4,19,5,293,42,1,0,0,-0.8660254037844386,0.5000000000000001,-0.9749279121818236,-0.2225209339563146,-0.9455963874271428,0.3253420847119795,1430499.0,1780135.0,2276566.0,1093094.0,1125722.0,4665267.0,1451140.0,1553793.0,1009404.0,33.0,26.0,31.0,25.0,1829066.6666666667,425150.6475642784,1430499.0,2276566.0,1563970.5714285714,457328.1605874279,961485.0,2276566.0,2329251.0714285714,1265294.956131663,961485.0,4501096.0,2371257.566666667,1076867.2161135701,961485.0,4665267.0,2302438.8,1012027.2538832647,942386.0,4665267.0,27.714285714285715,37.857142857142854,33.5,323,104329,0.7674975802629966,0.24343525810709662,0.9146585147656231,0.6032659716552371
2024-10-20,3603814.0,39.0,2024,10,4,20,6,294,42,1,0,0,-0.8660254037844386,0.5000000000000001,-0.7818314824680299,0.6234898018587334,-0.9398560579418953,0.341570769167856,1932041.0,1430499.0,1780135.0,961485.0,1578449.0,1376526.0,3781131.0,1511412.0,2023291.0,26.0,21.0,37.0,23.0,1714225.0,257185.12887799722,1430499.0,1932041.0,1683820.142857143,421919.8058211279,961485.0,2276566.0,2386845.285714286,1223974.6586102457,961485.0,4501096.0,2383865.8333333335,1069152.7560303956,961485.0,4665267.0,2317816.0833333335,998972.5100917239,942386.0,4665267.0,27.714285714285715,37.5,33.53333333333333,324,104976,2.7481749585276942,1.3844021352218985,1.1474153033480585,0.8104654938983912
2024-10-21,2701937.0,48.0,2024,10,4,21,0,295,43,0,0,0,-0.8660254037844386,0.5000000000000001,0.0,1.0,-0.9338372288229252,0.35769823883312546,3603814.0,1932041.0,1430499.0,1530984.0,4501096.0,2416074.0,2396921.0,1451140.0,942386.0,39.0,24.0,42.0,31.0,2322118.0,1137956.3136399356,1430499.0,3603814.0,2061295.7142857143,734312.7897278535,1430499.0,3603814.0,2531514.214285714,1240656.850104268,961485.0,4501096.0,2453612.566666667,1078483.937338693,961485.0,4665267.0,2344158.1333333333,1011830.2755133925,942386.0,4665267.0,30.285714285714285,37.642857142857146,34.06666666666667,325,105625,0.7648368630893595,0.8619409567650261,1.7483245974965815,1.4687787505490033
2024-10-22,2605869.0,22.0,2024,10,4,22,1,296,43,0,0,0,-0.8660254037844386,0.5000000000000001,0.7818314824680298,0.6234898018587336,-0.9275416835791965,0.3737197147904692,2701937.0,3603814.0,1932041.0,1875031.0,2725484.0,1770575.0,1915917.0,3781131.0,1659562.0,48.0,32.0,49.0,27.0,2745930.6666666665,836754.3384484623,1932041.0,3603814.0,2228574.714285714,726705.6413149027,1430499.0,3603814.0,2403002.8571428573,1106920.9410552294,961485.0,4387960.0,2495305.8,1062451.0454592633,961485.0,4665267.0,2373483.9833333334,995887.0516179305,961485.0,4665267.0,33.714285714285715,38.07142857142857,34.63333333333333,326,106276,0.38977382240613623,-0.3108228728388411,1.2124058406836966,1.0828079668632198
2024-10-23,2516435.0,33.0,2024,10,4,23,2,297,43,0,0,0,-0.8660254037844386,0.5000000000000001,0.9749279121818236,-0.22252093395631434,-0.9209712877166347,0.38963044953078774,2605869.0,2701937.0,3603814.0,2276566.0,4275857.0,2101058.0,3468224.0,2396921.0,3872849.0,22.0,26.0,39.0,26.0,2970540.0,550530.8660402157,2605869.0,3603814.0,2332980.1428571427,719914.4509626193,1430499.0,3603814.0,2394458.9285714286,1104699.7576476797,961485.0,4387960.0,2456130.4,1034709.7029703943,961485.0,4665267.0,2389255.7666666666,991874.3035109001,961485.0,4665267.0,32.285714285714285,36.142857142857146,34.46666666666667,327,106929,0.1053643953217258,0.049861468108460816,1.1169700727965293,1.0609652484249208
2024-10-24,1845595.0,22.0,2024,10,4,24,3,298,43,0,0,0,-0.8660254037844386,0.5000000000000001,0.43388373911755823,-0.900968867902419,-0.9141279881853337,0.4054257283599973,2516435.0,2605869.0,2701937.0,1780135.0,4387960.0,2249824.0,2866305.0,1915917.0,2406247.0,33.0,32.0,96.0,25.0,2608080.3333333335,92770.76854981799,2516435.0,2701937.0,2367247.1428571427,722485.8058929668,1430499.0,3603814.0,2268785.9285714286,965513.3280731252,961485.0,4387960.0,2460114.2,1034703.9504140529,961485.0,4665267.0,2366648.8666666667,972760.572591212,961485.0,4665267.0,33.285714285714285,35.714285714285715,34.7,328,107584,0.03677249197392333,-0.03670409521915615,1.0630216653098568,1.0228935713634757
2024-10-25,1830874.0,36.0,2024,10,4,25,4,299,43,0,0,0,-0.8660254037844386,0.5000000000000001,-0.433883739117558,-0.9009688679024191,-0.9070138128026362,0.42110087079608916,1845595.0,2516435.0,2605869.0,1430499.0,3067153.0,2782399.0,2221646.0,3468224.0,2289664.0,22.0,33.0,42.0,31.0,2322633.0,415540.070476953,1845595.0,2605869.0,2376598.5714285714,713993.7655707875,1430499.0,3603814.0,2087188.4285714286,751680.8097064081,961485.0,3603814.0,2457770.1333333333,1036058.0815215217,961485.0,4665267.0,2357304.6666666665,975063.796601017,961485.0,4665267.0,31.857142857142858,30.428571428571427,34.6,329,108241,0.2798848513700464,-0.47210041796608293,0.7765699357845757,0.750922543556555
2024-10-26,1724615.0,27.0,2024,10,4,26,5,300,43,1,0,0,-0.8660254037844386,0.5000000000000001,-0.9749279121818236,-0.2225209339563146,-0.8996308696522434,0.4366512319560638,1830874.0,1845595.0,2516435.0,1932041.0,1093094.0,1125722.0,4665267.0,2866305.0,2009491.0,36.0,26.0,26.0,19.0,2064301.3333333333,391628.41618085484,1830874.0,2516435.0,2433795.0,637512.5452828365,1830874.0,3603814.0,1998882.7857142857,698432.7856568142,961485.0,3603814.0,2403191.8,1024050.3087644931,961485.0,4665267.0,2349658.1666666665,977399.3587998783,961485.0,4665267.0,32.285714285714285,30.0,34.766666666666666,330,108900,-0.1073610756707544,-0.39831420592016553,0.7522712471674895,0.7618509683663203
2024-10-27,1471999.0,20.0,2024,10,4,27,6,301,43,1,0,0,-0.8660254037844386,0.5000000000000001,-0.7818314824680299,0.6234898018587334,-0.8919813464595487,0.45207220393230374,1724615.0,1830874.0,1845595.0,3603814.0,961485.0,1578449.0,1376526.0,2221646.0,1447776.0,27.0,39.0,21.0,27.0,1800361.3333333333,66009.90244141645,1724615.0,1845595.0,2404162.714285714,668775.7673223304,1724615.0,3603814.0,2043991.4285714286,654439.9289441467,961485.0,3603814.0,2365135.466666667,1027454.7748050238,961485.0,4665267.0,2344910.2333333334,979768.8552644356,961485.0,4665267.0,32.42857142857143,30.071428571428573,35.03333333333333,331,109561,-0.5915441251962504,-0.3374286452477127,0.7173453734026441,0.7291823340802579
2024-10-28,1494465.0,26.0,2024,10,4,28,0,302,44,0,0,0,-0.8660254037844386,0.5000000000000001,0.0,1.0,-0.8840675099433637,0.46735921715800205,1471999.0,1724615.0,1830874.0,2701937.0,1530984.0,4501096.0,2416074.0,4665267.0,1539545.0,20.0,48.0,24.0,32.0,1675829.3333333333,184344.3716535049,1471999.0,1830874.0,2099617.714285714,493980.186088035,1471999.0,2701937.0,2080456.7142857143,601570.3935615186,1430499.0,3603814.0,2340147.2333333334,1040102.900756683,961485.0,4665267.0,2345313.95,979397.8432331663,961485.0,4665267.0,29.714285714285715,30.0,34.8,332,110224,-0.4468912487596861,-0.6796614213077193,0.7010795298518289,0.629019823638732
2024-10-29,2163723.0,32.0,2024,10,4,29,1,303,44,0,0,0,-0.8660254037844386,0.5000000000000001,0.7818314824680298,0.6234898018587336,-0.8758917051442433,0.48250774176121763,1494465.0,1471999.0,1724615.0,2605869.0,1875031.0,2725484.0,1770575.0,1376526.0,3981258.0,26.0,22.0,32.0,30.0,1563693.0,139814.51230824512,1471999.0,1724615.0,1927121.7142857143,458118.5692659,1471999.0,2605869.0,2077848.2142857143,604209.6531822749,1430499.0,3603814.0,2234453.8333333335,953152.13799984,961485.0,4501096.0,2344562.6166666667,980043.5345681595,961485.0,4665267.0,26.571428571428573,30.142857142857142,34.6,333,110889,-0.16967314934096842,0.5718722348869546,0.775490717021951,0.6688278709122281
2024-10-30,1223771.0,31.0,2024,10,4,30,2,304,44,0,0,0,-0.8660254037844386,0.5000000000000001,0.9749279121818236,-0.22252093395631434,-0.8674563547295971,0.4975132889071803,2163723.0,1494465.0,1471999.0,2516435.0,2276566.0,4275857.0,2101058.0,2416074.0,2258387.0,32.0,33.0,26.0,40.0,1710062.3333333333,393042.21229955123,1471999.0,2163723.0,1863958.0,371167.1788556517,1471999.0,2516435.0,2098469.0714285714,601676.3469931292,1430499.0,3603814.0,2260693.7333333334,939456.5130977557,961485.0,4501096.0,2314270.3666666667,956401.344853434,961485.0,4665267.0,28.0,30.142857142857142,34.666666666666664,334,111556,-0.5136886110708204,-0.4934877822450802,1.1608217567134023,0.9571057627561286
2024-10-31,1815746.0,27.0,2024,10,4,31,3,305,44,0,0,1,-0.8660254037844386,0.5000000000000001,0.43388373911755823,-0.900968867902419,-0.858763958275803,0.5123714121284235,1223771.0,2163723.0,1494465.0,1845595.0,1780135.0,4387960.0,2249824.0,1770575.0,3573602.0,31.0,22.0,32.0,31.0,1627319.6666666667,483854.5364232164,1223771.0,2163723.0,1679291.7142857143,308758.84544452076,1223771.0,2163723.0,2023269.4285714286,642135.6157443246,1223771.0,3603814.0,2220950.3,957699.4196383338,961485.0,4501096.0,2297026.7666666666,966697.4517272606,961485.0,4665267.0,27.714285714285715,30.5,34.36666666666667,335,112225,-0.016173104066710194,0.025512051169817716,0.7287423558333522,0.5510123301723592
2024-11-01,3045578.0,26.0,2024,11,4,1,4,306,44,0,1,0,-0.5000000000000004,0.8660254037844384,-0.433883739117558,-0.9009688679024191,-0.8498170915275277,0.5270777086423724,1815746.0,1223771.0,2163723.0,1830874.0,1430499.0,3067153.0,2782399.0,2101058.0,1538405.0,27.0,36.0,33.0,45.0,1734413.3333333333,475224.8863183887,1223771.0,2163723.0,1675027.5714285714,306275.43613869476,1223771.0,2163723.0,2025813.0714285714,641168.2233643738,1223771.0,3603814.0,2222456.0,957002.1758488965,961485.0,4501096.0,2267729.1666666665,953905.6176479649,961485.0,4665267.0,28.428571428571427,30.142857142857142,34.233333333333334,336,112896,0.6634558139992157,0.4495449435474889,1.0840096192872903,0.8169997516261289
2024-11-02,1669371.0,39.0,2024,11,4,2,5,307,44,1,0,0,-0.5000000000000004,0.8660254037844384,-0.9749279121818236,-0.2225209339563146,-0.8406184056344783,0.5416278206559811,3045578.0,1815746.0,1223771.0,1724615.0,1932041.0,1093094.0,1125722.0,2249824.0,1332733.0,26.0,27.0,26.0,31.0,2028365.0,929327.8838402469,1223771.0,3045578.0,1848556.7142857143,606377.451304797,1223771.0,3045578.0,2141175.8571428573,670445.2385022119,1223771.0,3603814.0,2253940.0,968340.152148139,961485.0,4501096.0,2292848.716666667,954218.9571718534,961485.0,4665267.0,27.0,29.642857142857142,33.6,337,113569,-0.03203265656392876,-0.2579992923890935,1.6475437169244855,1.351224078724367
2024-11-03,730161.0,20.0,2024,11,4,3,6,308,44,1,0,0,-0.5000000000000004,0.8660254037844384,-0.7818314824680299,0.6234898018587334,-0.8311706263658079,0.5560174366570446,1669371.0,3045578.0,1815746.0,1471999.0,3603814.0,961485.0,1578449.0,2782399.0,2920970.0,39.0,20.0,39.0,32.0,2176898.3333333335,755850.304370068,1669371.0,3045578.0,1840664.7142857143,608614.775086481,1223771.0,3045578.0,2122413.714285714,680350.1821449623,1223771.0,3603814.0,2234591.566666667,974206.484799517,961485.0,4501096.0,2298459.35,949455.7655795945,961485.0,4665267.0,28.714285714285715,30.571428571428573,33.86666666666667,338,114244,-0.5039663749771569,-0.7375786147134181,0.9069392089953838,0.7470586683051863
2024-11-04,2291902.0,35.0,2024,11,4,4,0,309,45,0,0,0,-0.5000000000000004,0.8660254037844384,0.0,1.0,-0.8214765533024145,0.5702422926917867,730161.0,1669371.0,3045578.0,1494465.0,2701937.0,1530984.0,4501096.0,1125722.0,1420487.0,20.0,26.0,48.0,31.0,1815036.6666666667,1164561.2202912844,730161.0,3045578.0,1734687.857142857,734978.242027707,730161.0,3045578.0,1917152.7857142857,630711.7435717055,730161.0,3045578.0,2166183.6333333333,1005949.5250474944,730161.0,4501096.0,2261945.8666666667,967072.7711219956,730161.0,4665267.0,28.714285714285715,29.214285714285715,33.46666666666667,339,114921,0.5335936271508533,1.0359396014291273,0.42091780200884227,0.33707253104688306
2024-11-05,1405103.0,28.0,2024,11,4,5,1,310,45,0,0,0,-0.5000000000000004,0.8660254037844384,0.7818314824680298,0.6234898018587336,-0.8115390590073611,0.5842981736283683,2291902.0,730161.0,1669371.0,2163723.0,2605869.0,1875031.0,2725484.0,1578449.0,1955547.0,35.0,32.0,22.0,37.0,1563811.3333333333,786203.453433223,730161.0,2291902.0,1848607.4285714286,753115.1966055939,730161.0,3045578.0,1887864.5714285714,600250.3620542568,730161.0,3045578.0,2205056.3,986704.9157505106,730161.0,4501096.0,2276469.45,960744.2666782351,730161.0,4665267.0,30.0,28.285714285714285,33.6,340,115600,-0.3506086499981744,-0.10982046299880452,1.2397991940187871,1.039384799381313
2024-11-06,1129294.0,26.0,2024,11,4,6,2,311,45,0,0,0,-0.5000000000000004,0.8660254037844384,0.9749279121818236,-0.22252093395631434,-0.801361088174677,0.5981809144059158,1405103.0,2291902.0,730161.0,1223771.0,2516435.0,2276566.0,4275857.0,4501096.0,2733649.0,28.0,31.0,33.0,42.0,1475722.0,783261.7826378309,730161.0,2291902.0,1740233.142857143,754793.3989208385,730161.0,3045578.0,1802095.5714285714,575021.4938623174,730161.0,3045578.0,2199278.1,990999.1140629125,730161.0,4501096.0,2267295.3833333333,966471.6684815242,730161.0,4665267.0,29.428571428571427,28.714285714285715,33.3,341,116281,-0.07720153525455334,-0.749106884189984,0.8074222731404134,0.6388928257867889
2024-11-07,1243280.0,36.0,2024,11,4,7,3,312,45,0,0,0,-0.5000000000000004,0.8660254037844384,0.43388373911755823,-0.900968867902419,-0.7909456567567774,0.6118864012687242,1129294.0,1405103.0,2291902.0,1815746.0,1845595.0,1780135.0,4387960.0,2725484.0,2557357.0,26.0,27.0,22.0,49.0,1608766.3333333333,607472.9668259533,1129294.0,2291902.0,1726736.4285714286,766324.2147335213,730161.0,3045578.0,1703014.0714285714,561823.0944921096,730161.0,3045578.0,2086884.7,908728.3672275314,730161.0,4387960.0,2240556.1333333333,975501.9905106742,730161.0,4665267.0,28.714285714285715,28.214285714285715,32.766666666666666,342,116964,-0.31527867884605004,-0.5438314809406329,0.6540048506038021,0.5411386647283388
2024-11-08,1230198.0,22.0,2024,11,4,8,4,313,45,0,0,0,-0.5000000000000004,0.8660254037844384,-0.433883739117558,-0.9009688679024191,-0.780295851070776,0.6254105729852457,1243280.0,1129294.0,1405103.0,3045578.0,1830874.0,1430499.0,3067153.0,4275857.0,2411622.0,36.0,26.0,36.0,39.0,1259225.6666666667,138594.18939597253,1129294.0,1405103.0,1644955.5714285714,785547.3109959372,730161.0,3045578.0,1659991.5714285714,573014.999247467,730161.0,3045578.0,2037477.9,913093.6233303683,730161.0,4387960.0,2218654.85,982991.4633164133,730161.0,4665267.0,30.0,29.214285714285715,32.333333333333336,343,117649,-0.5960707622658162,-0.7122920621526866,0.7558137262760636,0.6102053916756595
2024-11-09,1686225.0,27.0,2024,11,4,9,5,314,45,1,0,0,-0.5000000000000004,0.8660254037844384,-0.9749279121818236,-0.2225209339563146,-0.7694148268839381,0.6387494220515268,1230198.0,1243280.0,1129294.0,1669371.0,1724615.0,1932041.0,1093094.0,4387960.0,3531829.0,22.0,39.0,27.0,96.0,1200924.0,62377.29840249208,1129294.0,1243280.0,1385615.5714285714,490235.90806156344,730161.0,2291902.0,1617086.142857143,581658.7626480082,730161.0,3045578.0,1935955.9333333333,820231.6227577385,730161.0,4387960.0,2198964.45,990861.7094878926,730161.0,4665267.0,29.428571428571427,28.214285714285715,31.766666666666666,344,118336,0.010096018200867272,-0.6157155033318444,0.8878349993798528,0.6354473151058982
2024-11-10,1465507.0,35.0,2024,11,4,10,6,315,45,1,0,0,-0.5000000000000004,0.8660254037844384,-0.7818314824680299,0.6234898018587334,-0.7583058084785625,0.6518989958787125,1686225.0,1230198.0,1243280.0,730161.0,1471999.0,3603814.0,961485.0,3067153.0,3894805.0,27.0,20.0,20.0,42.0,1386567.6666666667,259593.28332282856,1230198.0,1686225.0,1388023.2857142857,491900.35898262105,730161.0,2291902.0,1614344.0,581203.1529992855,730161.0,3045578.0,1845898.1,677656.8842394083,730161.0,3603814.0,2168204.3833333333,977338.2361732333,730161.0,4665267.0,27.714285714285715,28.214285714285715,29.466666666666665,345,119025,1.0071011735767865,-0.5221930565576611,1.2148391293970675,0.9134984211750367
2024-11-11,4206958.0,65.0,2024,11,4,11,0,316,46,0,0,0,-0.5000000000000004,0.8660254037844384,0.0,1.0,-0.7469720876965551,0.6648553979642866,1465507.0,1686225.0,1230198.0,2291902.0,1494465.0,2701937.0,1530984.0,1093094.0,1929744.0,35.0,35.0,26.0,26.0,1460643.3333333333,228052.401044861,1230198.0,1686225.0,1493072.7142857143,397443.7152846076,1129294.0,2291902.0,1613880.2857142857,581328.0358761373,730161.0,3045578.0,1792509.9,640179.7051357403,730161.0,3603814.0,2127716.0833333335,954653.9653694616,730161.0,4665267.0,29.857142857142858,29.285714285714285,29.233333333333334,346,119716,0.835574994044248,2.8486699222573724,0.9815375942363921,0.8175726114539172
2024-11-12,3196663.0,29.0,2024,11,4,12,1,317,46,0,0,0,-0.5000000000000004,0.8660254037844384,0.7818314824680298,0.6234898018587336,-0.7354170229639858,0.6776147890466887,4206958.0,1465507.0,1686225.0,1405103.0,2163723.0,2605869.0,1875031.0,961485.0,1310946.0,65.0,28.0,32.0,21.0,2452896.6666666665,1523065.159375108,1465507.0,4206958.0,1766652.142857143,1091703.1213547965,1129294.0,4206958.0,1807629.7857142857,902027.5267931084,730161.0,4206958.0,1896305.3666666667,763436.9574173033,730161.0,4206958.0,2165669.65,991216.6213075389,730161.0,4665267.0,34.142857142857146,32.07142857142857,30.533333333333335,347,120409,1.2750382000465446,2.324714374119201,2.3813165579932662,2.2185023962649053
2024-11-13,1548841.0,23.0,2024,11,4,13,2,318,46,0,0,0,-0.5000000000000004,0.8660254037844384,0.9749279121818236,-0.22252093395631434,-0.7236440382959124,0.690173388242972,3196663.0,4206958.0,1465507.0,1129294.0,1223771.0,2516435.0,2276566.0,1530984.0,4006106.0,29.0,26.0,31.0,24.0,2956376.0,1386431.3102808194,1465507.0,4206958.0,2022589.2857142857,1197676.9703780324,1129294.0,4206958.0,1881411.2142857143,972858.4635970906,730161.0,4206958.0,1970811.3,777989.2403330177,730161.0,4206958.0,2197098.2666666666,993549.042780252,730161.0,4665267.0,34.285714285714285,31.857142857142858,30.8,348,121104,0.37151264418300284,0.011663740444054282,1.5804805367942436,1.6220035880654835
2024-11-14,1791180.0,20.0,2024,11,4,14,3,319,46,0,0,0,-0.5000000000000004,0.8660254037844384,0.43388373911755823,-0.900968867902419,-0.711656622281775,0.7025274741691566,1548841.0,3196663.0,4206958.0,1243280.0,1815746.0,1845595.0,1780135.0,1875031.0,1124748.0,23.0,36.0,27.0,32.0,2984154.0,1341740.1211609459,1548841.0,4206958.0,2082524.5714285714,1155270.2464261847,1230198.0,4206958.0,1904630.5,959746.0030685817,730161.0,4206958.0,1971406.5333333334,777647.8844904036,730161.0,4206958.0,2156143.85,968034.3089418209,730161.0,4665267.0,33.857142857142854,31.285714285714285,30.766666666666666,349,121801,0.44068914484267424,-0.0447197939660731,0.7437324011680329,0.7856527681183837
2024-11-15,1715819.0,24.0,2024,11,4,15,4,320,46,0,0,0,-0.5000000000000004,0.8660254037844384,-0.433883739117558,-0.9009688679024191,-0.6994583270516471,0.7146733860429608,1791180.0,1548841.0,3196663.0,1230198.0,3045578.0,1830874.0,1430499.0,2276566.0,1481370.0,20.0,22.0,26.0,26.0,2178894.6666666665,889702.9464840072,1548841.0,3196663.0,2160796.0,1106462.9340515654,1230198.0,4206958.0,1902875.7857142857,959943.449078698,730161.0,4206958.0,1968611.5,778156.7462184137,730161.0,4206958.0,2167251.05,959787.7059839569,730161.0,4665267.0,31.571428571428573,30.785714285714285,30.366666666666667,350,122500,0.39475027597183543,-0.2463126480848787,0.8289445185940737,0.9098697228986014
2024-11-16,3656603.0,26.0,2024,11,4,16,5,321,46,1,0,0,-0.5000000000000004,0.8660254037844384,-0.9749279121818236,-0.2225209339563146,-0.6870527672236675,0.7266075247685652,1715819.0,1791180.0,1548841.0,1686225.0,1669371.0,1724615.0,1932041.0,1780135.0,1273414.0,24.0,27.0,39.0,32.0,1685280.0,124022.2585707583,1548841.0,1791180.0,2230170.4285714286,1052288.2653316145,1465507.0,4206958.0,1807893.0,902232.5389736982,730161.0,4206958.0,1949919.9333333333,777238.6258287334,730161.0,4206958.0,2171158.533333333,957422.3513089977,730161.0,4665267.0,31.857142857142858,30.642857142857142,30.3,351,123201,1.1685142848670849,1.0541155586514506,0.7693667613999775,0.8799433098090625
2024-11-17,1778228.0,21.0,2024,11,4,17,6,322,46,1,0,0,-0.5000000000000004,0.8660254037844384,-0.7818314824680299,0.6234898018587334,-0.6744436188329457,0.7383263540031063,3656603.0,1715819.0,1791180.0,1465507.0,730161.0,1471999.0,3603814.0,1430499.0,2571407.0,26.0,35.0,20.0,33.0,2387867.3333333335,1099403.230841316,1715819.0,3656603.0,2511653.0,1142225.1489650956,1465507.0,4206958.0,1949838.142857143,1026523.9551502006,730161.0,4206958.0,2012468.8666666667,836360.4580428061,730161.0,4206958.0,2210878.35,968912.8640977803,730161.0,4665267.0,31.714285714285715,29.714285714285715,30.1,352,123904,0.2133875853203021,0.24308230904041178,1.4558551678914244,1.8169736986076108
2024-11-18,1239490.0,28.0,2024,11,4,18,0,323,47,0,0,0,-0.5000000000000004,0.8660254037844384,0.0,1.0,-0.661634618242279,0.749826401204568,1778228.0,3656603.0,1715819.0,4206958.0,2291902.0,1494465.0,2701937.0,1932041.0,1553793.0,21.0,65.0,35.0,26.0,2383550.0,1102937.748210202,1715819.0,3656603.0,2556327.4285714286,1099817.4008217398,1548841.0,4206958.0,2024700.0714285714,967238.177170719,1129294.0,4206958.0,2024059.8333333333,830405.2811981235,730161.0,4206958.0,2197658.7,969321.4123305987,730161.0,4665267.0,29.714285714285715,29.785714285714285,29.7,353,124609,-0.7053714346565856,-0.35845564353965575,0.6956182451923776,0.8785451747597383
2024-11-19,1898053.0,29.0,2024,11,4,19,1,324,47,0,0,0,-0.5000000000000004,0.8660254037844384,0.7818314824680298,0.6234898018587336,-0.6486295610349818,0.7611042586607742,1239490.0,1778228.0,3656603.0,3196663.0,1405103.0,2163723.0,2605869.0,3603814.0,1511412.0,28.0,29.0,28.0,39.0,2224773.6666666665,1268921.2300242772,1239490.0,3656603.0,2132403.4285714286,913700.2167397601,1239490.0,3656603.0,1949527.7857142857,985595.9445932421,1129294.0,4206958.0,2000974.8,842588.577047949,730161.0,4206958.0,2192420.316666667,973699.3393377458,730161.0,4665267.0,24.428571428571427,29.285714285714285,29.766666666666666,354,125316,-0.40623925637453806,-0.47332104265092484,0.5812643064592977,0.6194430834411307
2024-11-20,452301.0,11.0,2024,11,4,20,2,325,47,0,0,0,-0.5000000000000004,0.8660254037844384,0.9749279121818236,-0.22252093395631434,-0.6354323008901775,0.7721565844991641,1898053.0,1239490.0,1778228.0,1548841.0,1129294.0,1223771.0,2516435.0,2701937.0,1451140.0,29.0,23.0,26.0,48.0,1638590.3333333333,350785.28291011,1239490.0,1898053.0,1946887.7142857143,784266.9233842322,1239490.0,3656603.0,1984738.5,973379.7560221859,1129294.0,4206958.0,1944116.1,786375.8388496194,730161.0,4206958.0,2198864.3333333335,970389.7702913805,730161.0,4665267.0,24.428571428571427,29.357142857142858,29.433333333333334,355,126025,-0.7079745435457868,-0.8326012042471753,0.9749165224438067,0.9763064047460951
2024-11-21,878329.0,22.0,2024,11,4,21,3,326,47,0,0,0,-0.5000000000000004,0.8660254037844384,0.43388373911755823,-0.900968867902419,-0.622046748440868,0.7829801036770624,452301.0,1898053.0,1239490.0,1791180.0,1243280.0,1815746.0,1845595.0,2605869.0,3781131.0,11.0,20.0,36.0,22.0,1196614.6666666667,723829.0074543346,452301.0,1898053.0,1790239.142857143,965576.2077587694,452301.0,3656603.0,1936381.857142857,1034070.6802486118,452301.0,4206958.0,1869128.2333333334,818234.9845764841,452301.0,4206958.0,2182217.0166666666,991766.8352998233,452301.0,4665267.0,22.714285714285715,28.285714285714285,28.2,356,126736,-0.5096366640985273,-0.6629419974680232,0.2526483692442047,0.24198500238444492
2024-11-22,1369635.0,25.0,2024,11,4,22,4,327,47,0,0,0,-0.5000000000000004,0.8660254037844384,-0.433883739117558,-0.9009688679024191,-0.6084768701151264,0.7935716089521472,878329.0,452301.0,1898053.0,1715819.0,1230198.0,3045578.0,1830874.0,2516435.0,2396921.0,22.0,24.0,22.0,33.0,1076227.6666666667,742914.9500967979,452301.0,1898053.0,1659831.857142857,1025228.5338889757,452301.0,3656603.0,1910313.9285714286,1057227.8838940784,452301.0,4206958.0,1811543.5666666667,825355.9850152329,452301.0,4206958.0,2133836.9833333334,983212.0161794939,452301.0,4665267.0,23.0,27.285714285714285,28.2,357,127449,-0.201760208973091,-0.4557240699640563,0.5291674552577313,0.4848511601717482
2024-11-23,2214749.0,28.0,2024,11,4,23,5,328,47,1,0,0,-0.5000000000000004,0.8660254037844384,-0.9749279121818236,-0.2225209339563146,-0.594726686960764,0.8039279618328208,1369635.0,878329.0,452301.0,3656603.0,1686225.0,1669371.0,1724615.0,1845595.0,1915917.0,25.0,26.0,27.0,22.0,900088.3333333334,459053.93836599216,452301.0,1369635.0,1610377.0,1030414.1930688175,452301.0,3656603.0,1920273.7142857143,1050966.1359231796,452301.0,4206958.0,1773316.9,818108.319807027,452301.0,4206958.0,2116715.55,987488.2459679516,452301.0,4665267.0,23.142857142857142,27.5,27.933333333333334,358,128164,-0.3943151608200289,0.20001896407391653,0.8505058132350375,0.7723577212848984
2024-11-24,1398211.0,24.0,2024,11,4,24,6,329,47,1,0,0,-0.5000000000000004,0.8660254037844384,-0.7818314824680299,0.6234898018587334,-0.5808002734538013,0.8140460935082175,2214749.0,1369635.0,878329.0,1778228.0,1465507.0,730161.0,1471999.0,1830874.0,3468224.0,28.0,21.0,35.0,36.0,1487571.0,675970.6200508962,878329.0,2214749.0,1404397.857142857,612610.9798679778,452301.0,2214749.0,1958025.4285714286,1051404.6228129398,452301.0,4206958.0,1785622.0333333334,821999.8982961406,452301.0,4206958.0,2121696.0833333335,987211.8869678484,452301.0,4665267.0,23.428571428571427,27.571428571428573,28.133333333333333,359,128881,-0.21370544159691557,-0.2363150058387415,1.5770096691159456,1.2403235167666409
2024-11-25,2208886.0,44.0,2024,11,4,25,0,330,48,0,0,0,-0.5000000000000004,0.8660254037844384,0.0,1.0,-0.5667017562911184,0.8239230057575536,1398211.0,2214749.0,1369635.0,1239490.0,4206958.0,2291902.0,1494465.0,1724615.0,2866305.0,24.0,28.0,65.0,27.0,1660865.0,479890.36355817004,1369635.0,2214749.0,1350109.7142857143,590397.0641635159,452301.0,2214749.0,1953218.5714285714,1053980.227556383,452301.0,4206958.0,1771199.9333333333,824968.7728755932,452301.0,4206958.0,2087195.8666666667,975457.5511784019,452301.0,4665267.0,23.857142857142858,26.785714285714285,27.733333333333334,360,129600,0.7820926348740208,0.2807994827831139,1.035627686554151,0.7894145509415293
2024-11-26,1337668.0,30.0,2024,11,4,26,1,331,48,0,0,0,-0.5000000000000004,0.8660254037844384,0.7818314824680298,0.6234898018587336,-0.5524353131676203,0.8335557718385695,2208886.0,1398211.0,2214749.0,1898053.0,3196663.0,1405103.0,2163723.0,1471999.0,2221646.0,44.0,29.0,29.0,20.0,1940615.3333333333,469745.079065577,1398211.0,2214749.0,1488594.857142857,668633.5823165562,452301.0,2214749.0,1810499.142857143,838598.9638900822,452301.0,3656603.0,1787342.3,828755.0377912816,452301.0,4206958.0,2076238.8833333333,970236.0601524448,452301.0,4665267.0,26.142857142857142,25.285714285714285,28.3,361,130321,-0.2952420190584773,-0.09125753482169485,1.4838731904795357,1.2358494508858209
2024-11-27,2031580.0,37.0,2024,11,4,27,2,332,48,0,0,0,-0.5000000000000004,0.8660254037844384,0.9749279121818236,-0.22252093395631434,-0.5380051715382992,0.8429415373547832,1337668.0,2208886.0,1398211.0,452301.0,1548841.0,1129294.0,1223771.0,1494465.0,4665267.0,30.0,11.0,23.0,26.0,1648255.0,486463.4645407532,1337668.0,2208886.0,1408539.857142857,644552.3677572447,452301.0,2214749.0,1677713.7857142857,744079.1223897755,452301.0,3656603.0,1782864.6,830877.7359863303,452301.0,4206958.0,2061505.9166666667,974691.9794592612,452301.0,4665267.0,26.285714285714285,25.357142857142858,28.633333333333333,362,131044,3.4916548935332887,0.3594028632319927,0.9496841663489618,0.7502914130439293
2024-11-28,1615850.0,42.0,2024,11,4,28,3,333,48,0,0,0,-0.5000000000000004,0.8660254037844384,0.43388373911755823,-0.900968867902419,-0.5234156073655503,0.8520775211013093,2031580.0,1337668.0,2208886.0,878329.0,1791180.0,1243280.0,1815746.0,2163723.0,1376526.0,37.0,22.0,20.0,32.0,1859378.0,460429.5249916018,1337668.0,2208886.0,1634151.142857143,518036.2971032743,878329.0,2214749.0,1712195.142857143,748817.8494616983,452301.0,3656603.0,1800768.4333333333,830235.6365982117,452301.0,4206958.0,2017611.1333333333,912782.6842904186,452301.0,4501096.0,30.0,26.357142857142858,29.0,363,131769,0.8396864956069992,-0.2532084744673879,1.2432020189075008,1.1281739297481022
2024-11-29,1737752.0,31.0,2024,11,4,29,4,334,48,0,0,0,-0.5000000000000004,0.8660254037844384,-0.433883739117558,-0.9009688679024191,-0.5086709438521042,0.8609610158889945,1615850.0,2031580.0,1337668.0,1369635.0,1715819.0,1230198.0,3045578.0,1223771.0,2416074.0,42.0,25.0,24.0,31.0,1661699.3333333333,349220.6851853509,1337668.0,2031580.0,1739511.2857142857,400319.06711509655,1337668.0,2214749.0,1699671.5714285714,748861.4051117597,452301.0,3656603.0,1782506.0,827999.2185452778,452301.0,4206958.0,2021599.8666666667,910453.6842262214,452301.0,4501096.0,32.857142857142854,27.928571428571427,29.333333333333332,364,132496,0.26877014679093336,0.41999769564730655,0.9289103285906494,0.9065046625369003
2024-11-30,2734525.0,39.0,2024,11,4,30,5,335,48,1,0,1,-0.5000000000000004,0.8660254037844384,-0.9749279121818236,-0.2225209339563146,-0.49377555015997737,0.8695893893466109,1737752.0,1615850.0,2031580.0,2214749.0,3656603.0,1686225.0,1669371.0,1815746.0,1770575.0,31.0,28.0,26.0,27.0,1795060.6666666667,213707.9097303738,1615850.0,2031580.0,1792099.4285714286,366371.43537301384,1337668.0,2214749.0,1701238.2142857143,748920.7245337683,452301.0,3656603.0,1799638.7,821330.0968015325,452301.0,4206958.0,2010294.5,909683.4972666618,452301.0,4501096.0,33.714285714285715,28.428571428571427,29.333333333333332,365,133225,0.23468844550782053,0.5060063467026775,0.9696738765132291,0.9656115974834282
2024-12-01,731755.0,27.0,2024,12,4,1,6,336,48,1,1,0,-2.4492935982947064e-16,1.0,-0.7818314824680299,0.6234898018587334,-0.4787338401157883,0.8779600847008883,2734525.0,1737752.0,1615850.0,1398211.0,1778228.0,1465507.0,730161.0,3045578.0,2101058.0,39.0,24.0,21.0,26.0,2029375.6666666667,613711.423330481,1615850.0,2734525.0,1866353.142857143,496035.309697613,1337668.0,2734525.0,1635375.5,586709.7859266696,452301.0,2734525.0,1830264.6666666667,838893.4658275128,452301.0,4206958.0,2026360.3333333333,913880.509612878,452301.0,4501096.0,35.285714285714285,29.357142857142858,29.733333333333334,366,133956,-0.4766490894435818,-0.7597319786260605,1.4651701959329086,1.4940598754934167
2024-12-02,2526525.0,49.0,2024,12,4,2,0,337,49,0,0,0,-2.4492935982947064e-16,1.0,0.0,1.0,-0.4635502709028512,0.8860706215341378,731755.0,2734525.0,1737752.0,2208886.0,1239490.0,4206958.0,2291902.0,1669371.0,2249824.0,27.0,44.0,28.0,39.0,1734677.3333333333,1001388.5401812454,731755.0,2734525.0,1771145.142857143,643040.9665291988,731755.0,2734525.0,1560627.4285714286,632021.7973626367,452301.0,2734525.0,1753137.2333333334,829619.8324126516,452301.0,4206958.0,2003538.6166666667,928956.5035862857,452301.0,4501096.0,35.714285714285715,29.785714285714285,29.766666666666666,367,134689,0.143800540181793,0.5134592610030964,0.4131536045767323,0.4173974439004271
2024-12-03,1892315.0,37.0,2024,12,4,3,1,338,49,0,0,0,-2.4492935982947064e-16,1.0,0.7818314824680298,0.6234898018587336,-0.4482293417404106,0.893918596519257,2526525.0,731755.0,2734525.0,1337668.0,1898053.0,3196663.0,1405103.0,730161.0,2782399.0,49.0,30.0,29.0,20.0,1997601.6666666667,1101177.4778087884,731755.0,2734525.0,1816522.142857143,688667.587140903,731755.0,2734525.0,1652558.5,673931.093509483,452301.0,2734525.0,1781709.0333333334,841313.1022962545,452301.0,4206958.0,2008150.3,930884.7000048001,452301.0,4501096.0,36.42857142857143,31.285714285714285,30.1,368,135424,0.4146372642539105,1.5916407477255017,1.3908583553108353,1.4180345683454374
2024-12-04,1326490.0,34.0,2024,12,4,4,2,339,49,0,0,0,-2.4492935982947064e-16,1.0,0.9749279121818236,-0.22252093395631434,-0.4327755925504317,0.9015016841318838,1892315.0,2526525.0,731755.0,2031580.0,452301.0,1548841.0,1129294.0,2291902.0,1125722.0,37.0,37.0,11.0,35.0,1716865.0,910157.6045389021,731755.0,2526525.0,1895757.4285714286,655499.0372504625,731755.0,2734525.0,1652148.642857143,673772.0353118333,452301.0,2734525.0,1820447.5,817647.6919467511,452301.0,4206958.0,1993315.5666666667,925413.1992000691,452301.0,4501096.0,37.42857142857143,31.857142857142858,30.666666666666668,369,136161,-0.3470648460803906,-0.4212274346808895,0.9981841407980014,1.0394779305637762
2024-12-05,4142433.0,40.0,2024,12,4,5,3,340,49,0,0,0,-2.4492935982947064e-16,1.0,0.43388373911755823,-0.900968867902419,-0.41719360261231697,0.9088176373395028,1326490.0,1892315.0,2526525.0,1615850.0,878329.0,1791180.0,1243280.0,1405103.0,1578449.0,34.0,42.0,22.0,28.0,1915110.0,600342.1602094858,1326490.0,2526525.0,1795030.2857142857,684673.8712924338,731755.0,2734525.0,1714590.7142857143,589225.4913805785,731755.0,2734525.0,1788267.1,817450.6632405666,452301.0,4206958.0,1996661.7,922581.5999821386,452301.0,4501096.0,37.0,33.5,30.633333333333333,370,136900,1.5636247176408702,1.9481347630743084,0.7389791752021375,0.7417739777240212
2024-12-06,1460544.0,33.0,2024,12,4,6,4,341,49,0,0,0,-2.4492935982947064e-16,1.0,-0.433883739117558,-0.9009688679024191,-0.4014879892059737,0.9158642882672868,4142433.0,1326490.0,1892315.0,1737752.0,1369635.0,1715819.0,1230198.0,1129294.0,4501096.0,40.0,31.0,25.0,26.0,2453746.0,1489559.4384357377,1326490.0,4142433.0,2155970.714285714,1108972.3349111273,731755.0,4142433.0,1947741.0,829619.2159579103,731755.0,4142433.0,1879511.4333333333,919596.2105704703,452301.0,4206958.0,2039394.7666666666,961444.1593308131,452301.0,4501096.0,36.714285714285715,34.785714285714285,31.033333333333335,371,137641,-0.15952103637342957,0.2933248560605121,1.9213772119221075,2.2039945735543367
2024-12-07,2811190.0,39.0,2024,12,4,7,5,342,49,1,0,0,-2.4492935982947064e-16,1.0,-0.9749279121818236,-0.2225209339563146,-0.38566340624360745,0.9226395488404875,1460544.0,4142433.0,1326490.0,2734525.0,2214749.0,3656603.0,1686225.0,1243280.0,2725484.0,33.0,39.0,28.0,36.0,2309822.3333333335,1588502.1279225042,1326490.0,4142433.0,2116369.5714285714,1131124.1831281325,731755.0,4142433.0,1954234.5,825089.6742549369,731755.0,4142433.0,1890553.1,912236.896130734,452301.0,4206958.0,1988718.9,908147.0244152246,452301.0,4387960.0,37.0,35.357142857142854,31.266666666666666,372,138384,0.02803594774229528,1.26110771507625,0.690117652284198,0.7725485203245547
2024-12-08,3719189.0,35.0,2024,12,4,8,6,343,49,1,0,0,-2.4492935982947064e-16,1.0,-0.7818314824680299,0.6234898018587334,-0.3697245428906732,0.9291414114031743,2811190.0,1460544.0,4142433.0,731755.0,1398211.0,1778228.0,1465507.0,1230198.0,4275857.0,39.0,27.0,24.0,22.0,2804722.3333333335,1340956.1980595498,1460544.0,4142433.0,2127321.714285714,1138454.446021698,731755.0,4142433.0,1996837.4285714286,854451.8444484412,731755.0,4142433.0,1942816.7666666666,918765.5435280895,452301.0,4206958.0,1990147.3333333333,909392.0816486375,452301.0,4387960.0,37.0,36.142857142857146,31.366666666666667,373,139129,4.082560419812642,2.0232442257262653,1.3214691417484576,1.446966100062653
2024-12-09,800798.0,33.0,2024,12,4,9,0,344,50,0,0,0,-2.4492935982947064e-16,1.0,0.0,1.0,-0.3536761221763721,0.935367949313148,3719189.0,2811190.0,1460544.0,2526525.0,2208886.0,1239490.0,4206958.0,1686225.0,4387960.0,35.0,49.0,44.0,27.0,2663641.0,1136528.6356080032,1460544.0,3719189.0,2554098.0,1086887.0049341237,1326490.0,4142433.0,2162621.5714285714,949271.1128729427,731755.0,4142433.0,2025783.1333333333,963487.6278230689,452301.0,4206958.0,1980869.5333333334,888271.9395999128,452301.0,4387960.0,38.142857142857146,36.92857142857143,31.8,374,139876,-0.6830437062764073,-0.525094219336091,1.4561653468269424,1.8359265307339414
2024-12-10,2285105.0,29.0,2024,12,4,10,1,345,50,0,0,0,-2.4492935982947064e-16,1.0,0.7818314824680298,0.6234898018587336,-0.33752289959411347,0.941317317512847,800798.0,3719189.0,2811190.0,1892315.0,1337668.0,1898053.0,3196663.0,1465507.0,3067153.0,33.0,37.0,30.0,35.0,2443725.6666666665,1493493.9017030913,800798.0,3719189.0,2307565.5714285714,1273825.8070525,800798.0,4142433.0,2062043.857142857,1016226.2075689547,731755.0,4142433.0,1996268.9,987509.9303206131,452301.0,4206958.0,1921083.5,843083.7001727037,452301.0,4206958.0,35.857142857142854,36.142857142857146,32.0,375,140625,0.20757114962360917,0.5592590141159339,0.34703152530753034,0.401147360458303
2024-12-11,3224080.0,43.0,2024,12,4,11,2,346,50,0,0,0,-2.4492935982947064e-16,1.0,0.9749279121818236,-0.22252093395631434,-0.32126966169236515,0.9469877530760751,2285105.0,800798.0,3719189.0,1326490.0,2031580.0,452301.0,1548841.0,4206958.0,1093094.0,29.0,34.0,37.0,65.0,2268364.0,1459267.5227767495,800798.0,3719189.0,2363678.4285714286,1261072.5587978489,800798.0,4142433.0,2129717.9285714286,995614.3498123294,731755.0,4142433.0,2023588.8333333333,983649.5511951172,452301.0,4206958.0,1908049.3666666667,831024.0817253874,452301.0,4206958.0,34.714285714285715,36.07142857142857,31.8,376,141376,1.4305347194475646,-0.23363152187400016,0.9667579872026343,1.12923384551193
2024-12-12,3493401.0,70.0,2024,12,4,12,3,347,50,0,0,0,-2.4492935982947064e-16,1.0,0.43388373911755823,-0.900968867902419,-0.3049212246562894,0.9523775757303973,3224080.0,2285105.0,800798.0,4142433.0,1615850.0,878329.0,1791180.0,3196663.0,961485.0,43.0,40.0,42.0,29.0,2103327.6666666665,1221824.9310217584,800798.0,3224080.0,2634762.714285714,1203602.1068265217,800798.0,4142433.0,2214896.5,1036734.7031056961,731755.0,4142433.0,1990826.2333333334,922913.3637368043,452301.0,4142433.0,1943565.8,841080.4169220213,452301.0,4206958.0,36.0,36.5,31.066666666666666,377,142129,-0.15667893723326365,0.09282742660080215,1.2236699656173973,1.619468312210138
2024-12-13,2952492.0,63.0,2024,12,4,13,4,348,50,0,0,0,-2.4492935982947064e-16,1.0,-0.433883739117558,-0.9009688679024191,-0.2884824328806098,0.9574851883550389,3493401.0,3224080.0,2285105.0,1460544.0,1737752.0,1369635.0,1715819.0,1548841.0,1530984.0,70.0,33.0,31.0,23.0,3000862.0,634322.088963476,2285105.0,3493401.0,2542043.8571428573,1087501.7777244376,800798.0,3719189.0,2349007.285714286,1074049.2105771033,731755.0,4142433.0,2000717.5,937753.3081022674,452301.0,4142433.0,1985764.4,854382.7481016145,452301.0,4206958.0,40.285714285714285,38.5,32.43333333333333,378,142884,1.021501577494413,0.9062589381350313,1.3742489100587059,1.7460740959180894
2024-12-14,673918.0,23.0,2024,12,4,14,5,349,50,1,0,0,-2.4492935982947064e-16,1.0,-0.9749279121818236,-0.2225209339563146,-0.27195815753410524,0.9623090774541487,2952492.0,3493401.0,3224080.0,2811190.0,2734525.0,2214749.0,3656603.0,1791180.0,1875031.0,63.0,39.0,39.0,20.0,3223324.3333333335,270455.29176616314,2952492.0,3493401.0,2755179.285714286,981223.6798942648,800798.0,3719189.0,2435774.4285714286,1069928.949639089,731755.0,4142433.0,2047505.8666666667,949374.8311168016,452301.0,4142433.0,2009456.2,861239.5667824879,452301.0,4206958.0,44.57142857142857,40.785714285714285,33.766666666666666,379,143641,-0.7602730516258239,-0.6237575229736821,1.0716151995294056,1.4419944030766798
2024-12-15,1050089.0,27.0,2024,12,4,15,6,350,50,1,0,0,-2.4492935982947064e-16,1.0,-0.7818314824680299,0.6234898018587334,-0.2553532951161881,0.9668478136052773,673918.0,2952492.0,3493401.0,3719189.0,731755.0,1398211.0,1778228.0,1715819.0,2276566.0,23.0,35.0,27.0,24.0,2373270.3333333335,1496326.9700083346,673918.0,3493401.0,2449854.714285714,1255172.5739105518,673918.0,3719189.0,2288588.214285714,1163328.0069264935,673918.0,4142433.0,2010263.8,981158.6405601067,452301.0,4142433.0,1989437.65,878209.170681996,452301.0,4206958.0,42.285714285714285,39.642857142857146,33.86666666666667,380,144400,-0.7176564568243238,-0.38799547038469673,0.27508488404239484,0.33523858908467635
2024-12-16,1915887.0,40.0,2024,12,4,16,0,351,51,0,0,0,-2.4492935982947064e-16,1.0,0.0,1.0,-0.23867276600594997,0.9711000518829505,1050089.0,673918.0,2952492.0,800798.0,2526525.0,2208886.0,1239490.0,3656603.0,1780135.0,27.0,33.0,49.0,26.0,1558833.0,1221511.4455137097,673918.0,2952492.0,2068554.7142857143,1209900.5357041694,673918.0,3493401.0,2311326.3571428573,1133280.7716064975,673918.0,4142433.0,1988072.8,995471.829773492,452301.0,4142433.0,1968996.3666666667,885654.904038047,452301.0,4206958.0,41.142857142857146,39.642857142857146,33.96666666666667,381,145161,1.3924722589217255,-0.47604730401413553,0.5076438117628437,0.5281944403645581
2024-12-17,1362256.0,25.0,2024,12,4,17,1,352,51,0,0,0,-2.4492935982947064e-16,1.0,0.7818314824680298,0.6234898018587336,-0.22192151300416674,0.9750645322571945,1915887.0,1050089.0,673918.0,2285105.0,1892315.0,1337668.0,1898053.0,1778228.0,1430499.0,40.0,29.0,37.0,21.0,1213298.0,636867.0446027128,673918.0,1915887.0,2227853.1428571427,1081790.5108919237,673918.0,3493401.0,2267709.3571428573,1136108.6292337894,673918.0,4142433.0,1930048.9333333333,944278.1486884847,452301.0,4142433.0,1971258.9,885337.5950883767,452301.0,4206958.0,42.142857142857146,39.0,34.43333333333333,382,145924,-0.4038540898558272,-0.2339250084915995,0.8599700595807418,0.9926623967461412
2024-12-18,1109749.0,30.0,2024,12,4,18,2,353,51,0,0,0,-2.4492935982947064e-16,1.0,0.9749279121818236,-0.22252093395631434,-0.20510449986861926,0.9787400799669153,1362256.0,1915887.0,1050089.0,3224080.0,1326490.0,2031580.0,452301.0,1239490.0,1932041.0,25.0,43.0,34.0,28.0,1442744.0,438474.95117622515,1050089.0,1915887.0,2096017.5714285714,1128859.3483433994,673918.0,3493401.0,2229848.0,1158198.6255831153,673918.0,4142433.0,1916183.2,949623.2810807215,452301.0,4142433.0,1970121.5166666666,886087.5958500975,452301.0,4206958.0,41.57142857142857,38.142857142857146,34.56666666666667,383,146689,-0.6557935907297585,-0.10467288965622958,0.6499258491767006,0.7109215862032399
2024-12-19,1363393.0,33.0,2024,12,4,19,3,354,51,0,0,0,-2.4492935982947064e-16,1.0,0.43388373911755823,-0.900968867902419,-0.1882267098432439,0.9821256058680006,1109749.0,1362256.0,1915887.0,3493401.0,4142433.0,1615850.0,878329.0,1898053.0,3603814.0,30.0,70.0,40.0,29.0,1462630.6666666667,412335.9359094551,1109749.0,1915887.0,1793970.2857142857,1057316.8464431877,673918.0,3493401.0,2214366.5,1172562.064940226,673918.0,4142433.0,1911858.5,953100.353732141,452301.0,4142433.0,1956416.65,893018.5315433402,452301.0,4206958.0,39.714285714285715,37.857142857142854,34.63333333333333,384,147456,-0.6097233040237866,-0.2816886567445693,0.6185994321294699,0.580455614262248
2024-12-20,896183.0,31.0,2024,12,4,20,4,355,51,0,0,0,-2.4492935982947064e-16,1.0,-0.433883739117558,-0.9009688679024191,-0.1712931441814778,0.9852201067560606,1363393.0,1109749.0,1362256.0,2952492.0,1460544.0,1737752.0,1369635.0,452301.0,2701937.0,33.0,63.0,33.0,11.0,1278466.0,146114.31401130298,1109749.0,1363393.0,1489683.4285714286,747965.2497433368,673918.0,2952492.0,2015863.642857143,1049864.1464840637,673918.0,3719189.0,1894036.5,958351.7341946992,452301.0,4142433.0,1919076.3,869497.6601511829,452301.0,4206958.0,34.42857142857143,37.357142857142854,34.766666666666666,385,148225,-0.6964655619727336,0.9813862892189051,0.9152233111080935,0.719834596640561
2024-12-21,800220.0,13.0,2024,12,4,21,5,356,51,1,0,0,-2.4492935982947064e-16,1.0,-0.9749279121818236,-0.2225209339563146,-0.154308820664281,0.9880226656636976,896183.0,1363393.0,1109749.0,673918.0,2811190.0,2734525.0,2214749.0,878329.0,2605869.0,31.0,23.0,39.0,22.0,1123108.3333333333,233891.32062846533,896183.0,1363393.0,1195925.0,401058.56399324496,673918.0,1915887.0,1975552.142857143,1083134.5550598025,673918.0,3719189.0,1908832.5666666667,938547.0427910606,673918.0,4142433.0,1888980.4,873184.6904570544,452301.0,4206958.0,29.857142857142858,37.214285714285715,35.43333333333333,386,148996,0.18741449256437726,-0.08892909149077396,0.749363881514309,0.46949272327482117
2024-12-22,865222.0,18.0,2024,12,4,22,6,357,51,1,0,0,-2.4492935982947064e-16,1.0,-0.7818314824680299,0.6234898018587334,-0.13727877211326517,0.9905324521322227,800220.0,896183.0,1363393.0,1050089.0,3719189.0,731755.0,1398211.0,1369635.0,2516435.0,13.0,27.0,35.0,25.0,1019932.0,301291.08555182087,800220.0,1363393.0,1213968.142857143,375699.36661751254,800220.0,1915887.0,1831911.4285714286,1097045.118182877,673918.0,3719189.0,1906228.9333333333,941607.7016297621,673918.0,4142433.0,1858886.25,879153.764796649,452301.0,4206958.0,28.428571428571427,35.357142857142854,35.13333333333333,387,149769,-0.17604888728479204,-0.3682827906705071,0.659177100081586,0.41979218026068504
2024-12-23,1256978.0,30.0,2024,12,4,23,0,358,52,0,0,0,-2.4492935982947064e-16,1.0,0.0,1.0,-0.12020804489935275,0.9927487224577402,865222.0,800220.0,896183.0,1915887.0,800798.0,2526525.0,2208886.0,2214749.0,1845595.0,18.0,40.0,33.0,28.0,853875.0,48977.445308991606,800220.0,896183.0,1187558.5714285714,395134.01205870573,800220.0,1915887.0,1628056.642857143,978086.077529803,673918.0,3493401.0,1889415.1666666667,955914.5855790152,673918.0,4142433.0,1831366.0333333334,884051.9745706137,452301.0,4206958.0,27.142857142857142,34.142857142857146,34.9,388,150544,-0.34391850876382585,-0.4324512619714469,0.7285720644154695,0.45793111819168736
2024-12-24,2827122.0,27.0,2024,12,4,24,1,359,52,0,0,0,-2.4492935982947064e-16,1.0,0.7818314824680298,0.6234898018587336,-0.10310169744743544,0.9946708199115211,1256978.0,865222.0,800220.0,1362256.0,2285105.0,1892315.0,1337668.0,1398211.0,1830874.0,30.0,25.0,29.0,24.0,974140.0,247091.715126175,800220.0,1256978.0,1093428.7142857143,241218.80526172556,800220.0,1363393.0,1660640.9285714286,955750.1714639971,673918.0,3493401.0,1857489.4666666666,960656.4800969145,673918.0,4142433.0,1821555.75,887151.8928723171,452301.0,4206958.0,25.714285714285715,33.92857142857143,34.96666666666667,389,151321,1.0753235808834756,1.021956628863598,1.1495747126241556,0.676708009685618
2024-12-25,746154.0,28.0,2024,12,4,25,2,360,52,0,0,0,-2.4492935982947064e-16,1.0,0.9749279121818236,-0.22252093395631434,-0.0859647987374467,0.9962981749346077,2827122.0,1256978.0,865222.0,1109749.0,3224080.0,1326490.0,2031580.0,2208886.0,1724615.0,27.0,30.0,43.0,44.0,1649774.0,1038257.8801588708,865222.0,2827122.0,1302695.2857142857,704272.187679756,800220.0,2827122.0,1699356.4285714286,993234.7049153425,673918.0,3493401.0,1905119.8333333333,972450.8017819491,673918.0,4142433.0,1838159.8833333333,896601.9202401403,452301.0,4206958.0,26.0,33.785714285714285,35.06666666666667,390,152100,-0.3276371503826541,-0.6622034817550566,2.170209742065544,1.4839601953297952
2024-12-26,2144253.0,38.0,2024,12,4,26,3,361,52,0,0,0,-2.4492935982947064e-16,1.0,0.43388373911755823,-0.900968867902419,-0.06880242680232064,0.9976303053065857,746154.0,2827122.0,1256978.0,1363393.0,3493401.0,4142433.0,1615850.0,1337668.0,1471999.0,28.0,33.0,70.0,30.0,1610084.6666666667,1084490.752744958,746154.0,2827122.0,1250753.142857143,733668.8531093578,746154.0,2827122.0,1522361.7142857143,918608.0784702688,673918.0,3493401.0,1856362.1,993144.8607177596,673918.0,4142433.0,1821852.2,907533.7522404437,452301.0,4206958.0,25.714285714285715,32.714285714285715,34.53333333333333,391,152881,0.5727328803947211,0.6029784670037708,0.5965637618111692,0.40194421120750096
2024-12-27,1365514.0,32.0,2024,12,4,27,4,362,52,0,0,0,-2.4492935982947064e-16,1.0,-0.433883739117558,-0.9009688679024191,-0.05161966722325418,0.9986668162884759,2144253.0,746154.0,2827122.0,896183.0,2952492.0,1460544.0,1737752.0,2031580.0,1494465.0,38.0,31.0,63.0,37.0,1905843.0,1060771.629678599,746154.0,2827122.0,1362304.5714285714,809132.0581256256,746154.0,2827122.0,1425994.0,751494.358452956,673918.0,2952492.0,1883248.2666666666,989529.9535275707,673918.0,4142433.0,1833056.4333333333,907291.0517214647,452301.0,4206958.0,26.428571428571427,30.428571428571427,34.8,392,153664,0.5236999586022051,-0.32785615136986973,1.573989433032177,1.1385928440520003
2024-12-28,1426035.0,27.0,2024,12,4,28,5,363,52,1,0,0,-2.4492935982947064e-16,1.0,-0.9749279121818236,-0.2225209339563146,-0.034421611622745804,0.9994074007397048,1365514.0,2144253.0,746154.0,800220.0,673918.0,2811190.0,2734525.0,1615850.0,2163723.0,32.0,13.0,23.0,42.0,1418640.3333333333,700561.9236872117,746154.0,2144253.0,1429351.857142857,783096.6028476107,746154.0,2827122.0,1312638.4285714286,609869.9677666159,673918.0,2827122.0,1861046.0666666667,993551.1835581117,673918.0,4142433.0,1830907.25,908258.9111227317,452301.0,4206958.0,26.571428571428573,28.214285714285715,34.63333333333333,393,154449,0.7820536852365599,-0.11747068106569297,0.9553378989058278,0.7337346584041212
2024-12-29,1004202.0,22.0,2024,12,4,29,6,364,52,1,0,0,-2.4492935982947064e-16,1.0,-0.7818314824680299,0.6234898018587334,-0.01721335615583528,0.9998518392091162,1426035.0,1365514.0,2144253.0,865222.0,1050089.0,3719189.0,731755.0,1737752.0,1223771.0,27.0,18.0,27.0,31.0,1645267.3333333333,433192.4739816304,1365514.0,2144253.0,1518754.0,733450.3666672522,746154.0,2827122.0,1366361.0714285714,581756.4380753136,746154.0,2827122.0,1854718.9,995768.4123851088,673918.0,4142433.0,1818612.45,908670.1609005119,452301.0,4206958.0,28.571428571428573,28.5,34.13333333333333,394,155236,0.16062929514043794,-0.42212582693042505,0.9389506134634049,0.7688685331238065
2024-12-30,1714024.0,27.0,2024,12,4,30,0,365,1,0,0,0,-2.4492935982947064e-16,1.0,0.0,1.0,6.432490598706546e-16,1.0,1004202.0,1426035.0,1365514.0,1256978.0,1915887.0,800798.0,2526525.0,2734525.0,1815746.0,22.0,30.0,40.0,39.0,1265250.3333333333,228090.71027187258,1004202.0,1426035.0,1538608.2857142857,714445.8201101733,746154.0,2827122.0,1363083.4285714286,583801.0699651228,746154.0,2827122.0,1830267.2333333334,1007674.8316420728,673918.0,4142433.0,1814952.9666666666,911543.9569222032,452301.0,4206958.0,29.142857142857142,28.142857142857142,33.833333333333336,395,156025,0.36360700028162785,-0.3731913220760461,0.6526690446969794,0.5486641413402346
2024-12-31,1972064.0,35.0,2024,12,4,31,1,366,1,0,0,1,-2.4492935982947064e-16,1.0,0.7818314824680298,0.6234898018587336,0.017213356155833904,0.9998518392091162,1714024.0,1004202.0,1426035.0,2827122.0,1362256.0,2285105.0,1892315.0,731755.0,3045578.0,27.0,27.0,25.0,27.0,1381420.3333333333,357007.9400830278,1004202.0,1714024.0,1603900.5714285714,705243.5106882915,746154.0,2827122.0,1348664.642857143,571459.9950700685,746154.0,2827122.0,1796250.5333333334,993217.7718592337,673918.0,4142433.0,1813257.6,911637.0478152069,452301.0,4206958.0,28.714285714285715,27.214285714285715,33.43333333333333,396,156816,-0.30244821412022543,1.6949785105670614,1.0686597601703847,0.9542232379017062
2025-01-01,1793356.0,69.0,2025,1,1,1,2,1,1,0,1,0,0.49999999999999994,0.8660254037844387,0.9749279121818236,-0.22252093395631434,0.017213356155834685,0.9998518392091162,1972064.0,1714024.0,1004202.0,746154.0,1109749.0,3224080.0,1326490.0,2526525.0,1669371.0,35.0,28.0,30.0,49.0,1563430.0,501196.6953083316,1004202.0,1972064.0,1481749.4285714286,503162.96086517733,746154.0,2144253.0,1392222.357142857,595317.9517906812,746154.0,2827122.0,1837594.1666666667,972987.6754691743,673918.0,4142433.0,1795365.7,897465.7635629729,452301.0,4206958.0,29.857142857142858,27.928571428571427,33.7,397,157609,1.4034663085636476,-0.2901886979151206,1.330902487272284,1.0731771115584552
2025-01-02,4518585.0,58.0,2025,1,1,2,3,2,1,0,0,0,0.49999999999999994,0.8660254037844387,0.43388373911755823,-0.900968867902419,0.03442161162274574,0.9994074007397048,1793356.0,1972064.0,1714024.0,2144253.0,1363393.0,3493401.0,4142433.0,1892315.0,730161.0,69.0,38.0,33.0,37.0,1826481.3333333333,132170.8219741582,1714024.0,1972064.0,1631349.7142857143,391231.83526339685,1004202.0,2144253.0,1441051.4285714286,598394.1417416532,746154.0,2827122.0,1813155.2,964255.276533406,673918.0,4142433.0,1797432.1166666667,897313.4684504131,452301.0,4206958.0,35.714285714285715,30.714285714285715,34.36666666666667,398,158404,1.1073003045815955,1.3878609005371727,1.0993081276783256,0.9890802508246399
2025-01-03,1363625.0,40.0,2025,1,1,3,4,3,1,0,0,0,0.49999999999999994,0.8660254037844387,-0.433883739117558,-0.9009688679024191,0.051619667223253764,0.998666816288476,4518585.0,1793356.0,1972064.0,1365514.0,896183.0,2952492.0,1460544.0,1326490.0,2291902.0,58.0,32.0,31.0,34.0,2761335.0,1524444.0984145622,1793356.0,4518585.0,1970540.0,1168052.6214357798,1004202.0,4518585.0,1666422.2857142857,1015611.822482878,746154.0,4518585.0,1900697.5333333334,1083529.2468783413,673918.0,4518585.0,1860572.5166666666,952530.2517582274,452301.0,4518585.0,38.57142857142857,32.5,35.06666666666667,399,159201,-0.0013833618695963572,0.027994933998748577,2.2930694124453197,2.377329859567696
2025-01-04,2250084.0,45.0,2025,1,1,4,5,4,1,1,0,0,0.49999999999999994,0.8660254037844387,-0.9749279121818236,-0.2225209339563146,0.06880242680231986,0.9976303053065857,1363625.0,4518585.0,1793356.0,1426035.0,800220.0,673918.0,2811190.0,4142433.0,1405103.0,40.0,27.0,13.0,40.0,2558522.0,1711009.1776688367,1363625.0,4518585.0,1970270.142857143,1168215.9050910953,1004202.0,4518585.0,1699811.0,995833.0958845095,746154.0,4518585.0,1901935.3666666667,1082871.6592876795,673918.0,4518585.0,1845101.2333333334,952944.3136042574,452301.0,4518585.0,39.714285714285715,33.142857142857146,35.266666666666666,400,160000,0.5778602909465756,-0.45682066553641304,0.6921005248663871,0.7169670557154054
2025-01-05,990147.0,36.0,2025,1,1,5,6,5,1,1,0,0,0.49999999999999994,0.8660254037844387,-0.7818314824680299,0.6234898018587334,0.08596479873744647,0.9962981749346078,2250084.0,1363625.0,4518585.0,1004202.0,865222.0,1050089.0,3719189.0,1460544.0,1129294.0,45.0,22.0,18.0,33.0,2710764.6666666665,1627148.781728432,1363625.0,4518585.0,2087991.4285714286,1145532.3508892932,1004202.0,4518585.0,1803372.7142857143,970141.631971368,746154.0,4518585.0,1838857.0666666667,999788.4526610688,673918.0,4518585.0,1859184.25,952575.2938741429,452301.0,4518585.0,42.285714285714285,35.42857142857143,35.43333333333333,401,160801,-0.01399618801794858,-0.3220697219666097,1.0776308605536147,1.2236318095559067
2025-01-06,1715198.0,42.0,2025,1,1,6,0,6,2,0,0,0,0.49999999999999994,0.8660254037844387,0.0,1.0,0.10310169744743485,0.9946708199115211,990147.0,2250084.0,1363625.0,1714024.0,1256978.0,1915887.0,800798.0,2811190.0,1243280.0,36.0,27.0,30.0,39.0,1534618.6666666667,647139.4258753867,990147.0,2250084.0,2085983.5714285714,1147758.7467926135,990147.0,4518585.0,1812295.9285714286,961383.889793529,746154.0,4518585.0,1823177.1666666667,1009567.0593956789,673918.0,4518585.0,1856865.1333333333,954549.7208612477,452301.0,4518585.0,44.285714285714285,36.714285714285715,35.53333333333333,402,161604,0.0006849379005194793,-0.3898676361256265,0.47466672967223067,0.5430887453523213
2025-01-07,1503984.0,45.0,2025,1,1,7,1,7,2,0,0,0,0.49999999999999994,0.8660254037844387,0.7818314824680298,0.6234898018587336,0.1202080448993527,0.9927487224577402,1715198.0,990147.0,2250084.0,1972064.0,2827122.0,1362256.0,2285105.0,3719189.0,1230198.0,42.0,35.0,27.0,35.0,1651809.6666666667,632355.8109121198,990147.0,2250084.0,2086151.2857142857,1147695.4202037097,990147.0,4518585.0,1845025.9285714286,948740.8356321945,746154.0,4518585.0,1786644.1,992263.0693987954,673918.0,4518585.0,1864730.4333333333,951347.09211046,452301.0,4518585.0,46.42857142857143,37.57142857142857,35.63333333333333,403,162409,-0.2373553799471011,-0.5956150655425148,0.8221829412590883,0.9600110061091629
2025-01-08,1386597.0,34.0,2025,1,1,8,2,8,2,0,0,0,0.49999999999999994,0.8660254037844387,0.9749279121818236,-0.22252093395631434,0.13727877211326478,0.9905324521322229,1503984.0,1715198.0,990147.0,1793356.0,746154.0,1109749.0,3224080.0,800798.0,1686225.0,45.0,69.0,28.0,33.0,1403109.6666666667,372902.7507197091,990147.0,1715198.0,2019282.7142857143,1168890.6182230664,990147.0,4518585.0,1750516.0714285714,908429.1840533126,746154.0,4518585.0,1712803.9333333333,923534.9965010567,673918.0,4518585.0,1869293.5333333334,948905.4654355041,452301.0,4518585.0,47.857142857142854,38.857142857142854,35.96666666666667,404,163216,-0.22681441944599956,0.7315190597379114,0.7448110110386439,0.8780829905458336
2025-01-09,1628458.0,38.0,2025,1,1,9,3,9,2,0,0,0,0.49999999999999994,0.8660254037844387,0.43388373911755823,-0.900968867902419,0.15430882066428117,0.9880226656636976,1386597.0,1503984.0,1715198.0,4518585.0,2144253.0,1363393.0,3493401.0,2285105.0,1465507.0,34.0,58.0,38.0,29.0,1535259.6666666667,166518.10650594428,1386597.0,1715198.0,1961174.2857142857,1191878.3404606509,990147.0,4518585.0,1796262.0,869242.0585248191,990147.0,4518585.0,1732330.5666666667,909676.0935808606,673918.0,4518585.0,1864299.7333333334,950672.0096925342,452301.0,4518585.0,42.857142857142854,39.285714285714285,36.0,405,164025,-0.6396088598532506,-0.2873596618098512,0.7070238530559679,0.8004228677140277
2025-01-10,1397426.0,30.0,2025,1,1,10,4,10,2,0,0,0,0.49999999999999994,0.8660254037844387,-0.433883739117558,-0.9009688679024191,0.1712931441814776,0.9852201067560606,1628458.0,1386597.0,1503984.0,1363625.0,1365514.0,896183.0,2952492.0,3224080.0,4206958.0,38.0,40.0,32.0,43.0,1506346.3333333333,120947.80400786575,1386597.0,1628458.0,1548299.0,387412.8773276994,990147.0,2250084.0,1759419.5,864274.7115381929,990147.0,4518585.0,1710442.3333333333,903797.8175445184,673918.0,4518585.0,1867015.5833333333,949745.747058676,452301.0,4518585.0,40.0,39.285714285714285,36.3,406,164836,0.024787606563388027,-0.5665659661050594,1.0517722997948071,0.9520683441144951
2025-01-11,864441.0,25.0,2025,1,1,11,5,11,2,1,0,0,0.49999999999999994,0.8660254037844387,-0.9749279121818236,-0.2225209339563146,0.1882267098432442,0.9821256058680006,1397426.0,1628458.0,1386597.0,2250084.0,1426035.0,800220.0,673918.0,3493401.0,3196663.0,30.0,45.0,27.0,70.0,1470827.0,136619.78601575946,1386597.0,1628458.0,1553127.7142857143,384930.1637088194,990147.0,2250084.0,1761698.9285714286,863197.3261812946,990147.0,4518585.0,1649553.8666666667,858714.4046277311,673918.0,4518585.0,1820190.05,900401.3049600206,452301.0,4518585.0,38.57142857142857,39.142857142857146,35.86666666666667,407,165649,-0.6158183427818695,-0.7525503084243692,0.8997495744531725,0.8471539052094409
2025-01-12,3443555.0,23.0,2025,1,1,12,6,12,2,1,0,0,0.49999999999999994,0.8660254037844387,-0.7818314824680299,0.6234898018587334,0.2051044998686192,0.9787400799669153,864441.0,1397426.0,1628458.0,990147.0,1004202.0,865222.0,1050089.0,2952492.0,1548841.0,25.0,36.0,22.0,63.0,1296775.0,391827.08166102116,864441.0,1628458.0,1355178.7142857143,317091.4867004423,864441.0,1715198.0,1721585.0714285714,892546.0094582057,864441.0,4518585.0,1561921.8666666667,795907.0161494908,673918.0,4518585.0,1781319.6833333333,890255.6500913514,452301.0,4518585.0,35.714285714285715,39.0,34.36666666666667,408,166464,2.4778219799686307,0.16632153448679962,0.6378797061136164,0.5534470183485064
2025-01-13,1974750.0,34.0,2025,1,1,13,0,13,3,0,0,0,0.49999999999999994,0.8660254037844387,0.0,1.0,0.2219215130041655,0.9750645322571948,3443555.0,864441.0,1397426.0,1715198.0,1714024.0,1256978.0,1915887.0,673918.0,1791180.0,23.0,42.0,27.0,23.0,1901807.3333333333,1361527.6909818337,864441.0,3443555.0,1705665.5714285714,813578.7366851968,864441.0,3443555.0,1895824.5714285714,975933.842480566,864441.0,4518585.0,1578290.6333333333,829819.0751997794,673918.0,4518585.0,1812898.25,915126.1817789435,452301.0,4518585.0,33.857142857142854,39.07142857142857,33.03333333333333,409,167281,0.15132480331716805,1.9302526420128265,2.018892248095193,2.1818256582612086
2025-01-14,1219626.0,23.0,2025,1,1,14,1,14,3,0,0,0,0.49999999999999994,0.8660254037844387,0.7818314824680298,0.6234898018587336,0.2386727660059501,0.9711000518829505,1974750.0,3443555.0,864441.0,1503984.0,1972064.0,2827122.0,1362256.0,1050089.0,1715819.0,34.0,45.0,35.0,27.0,2094248.6666666667,1293702.9043603183,864441.0,3443555.0,1742744.4285714286,819974.9829205854,864441.0,3443555.0,1914447.857142857,974684.6213558104,864441.0,4518585.0,1621651.7,814783.1515156282,746154.0,4518585.0,1815957.75,915359.1724456357,452301.0,4518585.0,32.714285714285715,39.57142857142857,33.4,410,168100,-0.18906983053011203,0.1614501247037156,1.1331265603980454,1.2177399129541813
2025-01-15,3978674.0,35.0,2025,1,1,15,2,15,3,0,0,0,0.49999999999999994,0.8660254037844387,0.9749279121818236,-0.22252093395631434,0.255353295116187,0.9668478136052775,1219626.0,1974750.0,3443555.0,1386597.0,1793356.0,746154.0,1109749.0,1915887.0,3656603.0,23.0,34.0,69.0,40.0,2212643.6666666665,1130889.0735789796,1219626.0,3443555.0,1702121.857142857,840560.2130510765,864441.0,3443555.0,1860702.2857142857,991857.1945663308,864441.0,4518585.0,1627302.9333333333,811262.5023977262,746154.0,4518585.0,1807687.8666666667,918515.2240217781,452301.0,4518585.0,29.571428571428573,38.714285714285715,33.266666666666666,411,168921,1.8693802164579902,1.0766746681824138,0.7165327176088535,0.7494769259106192
2025-01-16,2638115.0,26.0,2025,1,1,16,3,16,3,0,0,0,0.49999999999999994,0.8660254037844387,0.43388373911755823,-0.900968867902419,0.2719581575341055,0.9623090774541486,3978674.0,1219626.0,1974750.0,1628458.0,4518585.0,2144253.0,1363393.0,1362256.0,1778228.0,35.0,38.0,58.0,25.0,2391016.6666666665,1425848.8418865872,1219626.0,3978674.0,2072418.5714285714,1180575.0687683031,864441.0,3978674.0,2016796.4285714286,1141163.4531208612,864441.0,4518585.0,1696062.5,917080.9646406332,746154.0,4518585.0,1813055.7166666666,930368.1390997694,452301.0,4518585.0,29.714285714285715,36.285714285714285,33.1,412,169744,0.6200080075752644,0.9365780000234905,1.9198216300761086,2.345829826436231
2025-01-17,424782.0,13.0,2025,1,1,17,4,17,3,0,0,0,0.49999999999999994,0.8660254037844387,-0.433883739117558,-0.9009688679024191,0.288482432880609,0.9574851883550393,2638115.0,3978674.0,1219626.0,1397426.0,1363625.0,1365514.0,896183.0,1109749.0,1239490.0,26.0,30.0,40.0,30.0,2612138.3333333335,1379707.417166524,1219626.0,3978674.0,2216655.285714286,1178970.3707093622,864441.0,3978674.0,1882477.142857143,911626.1747123084,864441.0,3978674.0,1738591.1333333333,930551.6155929643,746154.0,4518585.0,1827387.1666666667,936425.7144697096,452301.0,4518585.0,28.0,34.0,33.13333333333333,413,170569,-0.6960254067120549,-0.61722695852846,1.1901331781273805,1.517386664075552
2025-01-18,1210158.0,25.0,2025,1,1,18,5,18,3,1,0,0,0.49999999999999994,0.8660254037844387,-0.9749279121818236,-0.2225209339563146,0.30492122465628907,0.9523775757303974,424782.0,2638115.0,3978674.0,864441.0,2250084.0,1426035.0,800220.0,1363393.0,1898053.0,13.0,25.0,45.0,33.0,2347190.3333333335,1794718.629248697,424782.0,3978674.0,2077706.142857143,1338179.8589528769,424782.0,3978674.0,1815416.9285714286,984359.1527982117,424782.0,3978674.0,1715758.9,954605.4547515833,424782.0,4518585.0,1813808.7,950889.9461713064,424782.0,4518585.0,25.571428571428573,32.07142857142857,32.56666666666667,414,171396,0.3999312850732439,-0.11239239162882603,0.20444758343731131,0.24757674286288128
2025-01-19,1638812.0,32.0,2025,1,1,19,6,19,3,1,0,0,0.49999999999999994,0.8660254037844387,-0.7818314824680299,0.6234898018587334,0.3212696616923644,0.9469877530760753,1210158.0,424782.0,2638115.0,3443555.0,990147.0,1004202.0,865222.0,896183.0,452301.0,25.0,23.0,36.0,31.0,1424351.6666666667,1122105.1364967213,424782.0,2638115.0,2127094.285714286,1291504.6239536158,424782.0,3978674.0,1741136.5,988264.7963724306,424782.0,3978674.0,1710651.0666666667,956962.9311589942,424782.0,4518585.0,1802343.7833333334,953998.8993769021,424782.0,4518585.0,25.571428571428573,30.642857142857142,32.3,415,172225,-0.5240929794935757,0.8286577629792129,0.5689254153553539,0.7074253911746506
2025-01-20,967755.0,27.0,2025,1,1,20,0,20,4,0,0,0,0.49999999999999994,0.8660254037844387,0.0,1.0,0.3375228995941133,0.9413173175128471,1638812.0,1210158.0,424782.0,1974750.0,1715198.0,1714024.0,1256978.0,800220.0,878329.0,32.0,34.0,42.0,13.0,1091250.6666666667,615687.7663762099,424782.0,1638812.0,1869273.857142857,1158156.316934005,424782.0,3978674.0,1787469.7142857143,965286.1409360956,424782.0,3978674.0,1735405.3666666667,944694.4927728479,424782.0,4518585.0,1822118.9666666666,937698.0808188133,424782.0,4518585.0,26.857142857142858,30.357142857142858,32.333333333333336,416,173056,-0.5099354348651728,0.2093611756766889,0.8767104904066262,0.9443395943552938
2025-01-21,2111030.0,34.0,2025,1,1,21,1,21,4,0,0,0,0.49999999999999994,0.8660254037844387,0.7818314824680298,0.6234898018587336,0.3536761221763716,0.9353679493131483,967755.0,1638812.0,1210158.0,1219626.0,1503984.0,1972064.0,2827122.0,865222.0,1369635.0,27.0,23.0,45.0,18.0,1272241.6666666667,339809.0060053234,967755.0,1638812.0,1725417.4285714286,1204484.9975202186,424782.0,3978674.0,1734080.9285714286,989945.9689394465,424782.0,3978674.0,1740989.8666666667,939456.2380256446,424782.0,4518585.0,1823609.4,936242.4787177,424782.0,4518585.0,25.857142857142858,29.285714285714285,32.8,417,173889,0.7308830739915351,1.4398709233006095,0.5608816649089139,0.555864809169098
2025-01-22,846354.0,20.0,2025,1,1,22,2,22,4,0,0,0,0.49999999999999994,0.8660254037844387,0.9749279121818236,-0.22252093395631434,0.3697245428906731,0.9291414114031743,2111030.0,967755.0,1638812.0,3978674.0,1386597.0,1793356.0,746154.0,1256978.0,2214749.0,34.0,35.0,34.0,30.0,1572532.3333333333,574512.1209046203,967755.0,2111030.0,1852760.857142857,1189121.6856664163,424782.0,3978674.0,1777441.357142857,992383.8242272708,424782.0,3978674.0,1782516.8,926859.5182402321,424782.0,4518585.0,1835965.9833333334,935041.0622246047,424782.0,4518585.0,27.428571428571427,28.5,33.333333333333336,418,174724,-0.7872773692943931,-0.32667556631858313,1.1393969123761714,1.1842973934383114
2025-01-23,1320431.0,28.0,2025,1,1,23,3,23,4,0,0,0,0.49999999999999994,0.8660254037844387,0.43388373911755823,-0.900968867902419,0.38566340624360707,0.9226395488404876,846354.0,2111030.0,967755.0,2638115.0,1628458.0,4518585.0,2144253.0,2827122.0,1398211.0,20.0,26.0,38.0,27.0,1308379.6666666667,697760.8608257745,846354.0,2111030.0,1405286.5714285714,771986.3682341016,424782.0,2638115.0,1738852.5714285714,1018900.257192999,424782.0,3978674.0,1768829.3333333333,937854.8116719164,424782.0,4518585.0,1813159.4,942305.6143919632,424782.0,4518585.0,25.285714285714285,27.5,33.0,419,175561,-0.499479363105854,-0.5329416275632958,0.602264347505735,0.47848256700099956
2025-01-24,1959282.0,15.0,2025,1,1,24,4,24,4,0,0,0,0.49999999999999994,0.8660254037844387,-0.433883739117558,-0.9009688679024191,0.401487989205973,0.9158642882672872,1320431.0,846354.0,2111030.0,424782.0,1397426.0,1363625.0,1365514.0,746154.0,2208886.0,28.0,13.0,30.0,28.0,1425938.3333333333,638905.4658432071,846354.0,2111030.0,1217046.0,550010.7061112451,424782.0,2111030.0,1716850.642857143,1024776.2609612838,424782.0,3978674.0,1718606.3,919388.569127151,424782.0,4518585.0,1811863.0666666667,942939.4237662016,424782.0,4518585.0,25.571428571428573,26.785714285714285,33.03333333333333,420,176400,3.612441205135811,1.625841314259523,1.0849474876052343,0.768315000358139
2025-01-25,935054.0,36.0,2025,1,1,25,5,25,4,1,0,0,0.49999999999999994,0.8660254037844387,-0.9749279121818236,-0.2225209339563146,0.4171936026123168,0.9088176373395029,1959282.0,1320431.0,846354.0,1210158.0,864441.0,2250084.0,1426035.0,2144253.0,1337668.0,15.0,25.0,25.0,38.0,1375355.6666666667,558493.2609730627,846354.0,1959282.0,1436260.2857142857,483376.729131186,846354.0,2111030.0,1756983.2142857143,1022303.3999370246,424782.0,3978674.0,1759043.9,901649.6418383754,424782.0,4518585.0,1807703.0,941707.9454751613,424782.0,4518585.0,25.857142857142858,25.714285714285715,32.6,421,177241,-0.22732899340416707,-0.5639255255793043,1.3641552436476396,1.1138334864752382
2025-01-26,877451.0,19.0,2025,1,1,26,6,26,4,1,0,0,0.49999999999999994,0.8660254037844387,-0.7818314824680299,0.6234898018587334,0.4327755925504312,0.901501684131884,935054.0,1959282.0,1320431.0,1638812.0,3443555.0,990147.0,1004202.0,1365514.0,2031580.0,36.0,32.0,23.0,32.0,1404922.3333333333,517315.02786244807,935054.0,1959282.0,1396959.7142857143,514974.4534805232,846354.0,2111030.0,1762027.0,1017725.0275442789,424782.0,3978674.0,1718737.2666666666,910816.7003233589,424782.0,4518585.0,1800992.7666666666,946536.0501679459,424782.0,4518585.0,27.428571428571427,26.5,32.53333333333333,422,178084,-0.46458105017537094,-0.3574207221603001,0.6693492950711943,0.5440354486601966
2025-01-27,738672.0,25.0,2025,1,1,27,0,27,5,0,0,0,0.49999999999999994,0.8660254037844387,0.0,1.0,0.4482293417404106,0.893918596519257,877451.0,935054.0,1959282.0,967755.0,1974750.0,1715198.0,1714024.0,1426035.0,1615850.0,19.0,27.0,34.0,27.0,1257262.3333333333,608648.6964516771,877451.0,1959282.0,1288193.857142857,535378.1873247488,846354.0,2111030.0,1578733.857142857,917753.2779692843,424782.0,3978674.0,1702468.5,921637.981686946,424782.0,4518585.0,1781757.2833333334,953472.3148438,424782.0,4518585.0,25.571428571428573,26.214285714285715,32.1,423,178929,-0.23671590433529147,-0.48200990859270637,0.6811482566343997,0.5153992570200271
2025-01-28,1297119.0,39.0,2025,1,1,28,1,28,5,0,0,0,0.49999999999999994,0.8660254037844387,0.7818314824680298,0.6234898018587336,0.4635502709028509,0.886070621534138,738672.0,877451.0,935054.0,2111030.0,1219626.0,1503984.0,1972064.0,1004202.0,1737752.0,25.0,34.0,23.0,22.0,850392.3333333334,100948.50698413962,738672.0,935054.0,1255467.7142857143,564442.9448735826,738672.0,2111030.0,1490442.5714285714,936000.6678360323,424782.0,3978674.0,1679556.4,937160.4174506005,424782.0,4518585.0,1767137.65,962739.1669936812,424782.0,4518585.0,25.285714285714285,25.571428571428573,32.03333333333333,424,179776,-0.3855516027721065,0.291691313102344,0.5883639950233687,0.4398018429151888
2025-01-29,1043074.0,34.0,2025,1,1,29,2,29,5,0,0,0,0.49999999999999994,0.8660254037844387,0.9749279121818236,-0.22252093395631434,0.47873384011578846,0.8779600847008882,1297119.0,738672.0,877451.0,846354.0,3978674.0,1386597.0,1793356.0,1714024.0,2734525.0,39.0,20.0,35.0,27.0,971080.6666666666,290758.74675119674,738672.0,1297119.0,1139194.7142857143,425575.52390211663,738672.0,1959282.0,1495977.7857142857,934503.8873036164,424782.0,3978674.0,1689320.3,931389.6658529502,424782.0,4518585.0,1759793.7666666666,964645.8344882344,424782.0,4518585.0,26.0,26.714285714285715,32.6,425,180625,0.23243229192512826,-0.3914472609485048,1.1386280007569256,0.7678348505017076
2025-01-30,4185205.0,32.0,2025,1,1,30,3,30,5,0,0,0,0.49999999999999994,0.8660254037844387,0.43388373911755823,-0.900968867902419,0.49377555015997715,0.869589389346611,1043074.0,1297119.0,738672.0,1320431.0,2638115.0,1628458.0,4518585.0,1972064.0,731755.0,34.0,28.0,26.0,35.0,1026288.3333333334,279601.6486116032,738672.0,1297119.0,1167297.5714285714,409194.79325899977,738672.0,1959282.0,1286292.0714285714,606291.0994056714,424782.0,2638115.0,1666955.3,938802.112577006,424782.0,4518585.0,1731602.9166666667,960383.5425478301,424782.0,4518585.0,28.0,26.642857142857142,32.833333333333336,426,181476,2.169574934244955,1.122246032583121,0.8935802022816315,0.6257360350334529
2025-01-31,1219510.0,32.0,2025,1,1,31,4,31,5,0,0,1,0.49999999999999994,0.8660254037844387,-0.433883739117558,-0.9009688679024191,0.5086709438521044,0.8609610158889943,4185205.0,1043074.0,1297119.0,1959282.0,424782.0,1397426.0,1363625.0,1793356.0,2526525.0,32.0,15.0,13.0,69.0,2175132.6666666665,1745401.9034108801,1043074.0,4185205.0,1576551.0,1219052.8489965727,738672.0,4185205.0,1396798.5,927526.2057458812,424782.0,4185205.0,1740726.6666666667,1044597.869951858,424782.0,4518585.0,1789160.4166666667,1002028.0431603553,424782.0,4518585.0,28.571428571428573,27.071428571428573,32.733333333333334,427,182329,-0.37757300888794976,-0.3199844314235433,2.6546588090077643,2.4042861410368848
2025-02-01,1441948.0,42.0,2025,2,1,1,5,32,5,1,1,0,0.8660254037844386,0.5000000000000001,-0.9749279121818236,-0.2225209339563146,0.5234156073655503,0.8520775211013093,1219510.0,4185205.0,1043074.0,935054.0,1210158.0,864441.0,2250084.0,4518585.0,1892315.0,32.0,36.0,25.0,58.0,2149263.0,1765383.0423018655,1043074.0,4185205.0,1470869.2857142857,1212391.1618546345,738672.0,4185205.0,1453564.7857142857,886890.1844143352,738672.0,4185205.0,1721598.4666666666,1048846.2777007953,424782.0,4518585.0,1767376.8333333333,999931.1447124426,424782.0,4518585.0,31.0,28.428571428571427,31.5,428,183184,0.5421013117958963,-0.680885055830531,0.8291083455507603,0.7083591346135416
2025-02-02,2302907.0,73.0,2025,2,1,2,6,33,5,1,0,0,0.8660254037844386,0.5000000000000001,-0.7818314824680299,0.6234898018587334,0.5380051715382996,0.8429415373547828,1441948.0,1219510.0,4185205.0,877451.0,1638812.0,3443555.0,990147.0,1363625.0,1326490.0,42.0,19.0,32.0,40.0,2282221.0,1651781.082393484,1219510.0,4185205.0,1543282.7142857143,1189985.0464018018,738672.0,4185205.0,1470121.2142857143,884156.0539918806,738672.0,4185205.0,1619043.9,906714.8822799588,424782.0,4185205.0,1759870.7166666666,1000667.4825608042,424782.0,4518585.0,31.857142857142858,29.642857142857142,30.966666666666665,429,184041,1.6245419972169386,0.6888125401045009,0.9343382043045719,0.8906169869760789
2025-02-03,2200143.0,41.0,2025,2,1,3,0,34,6,0,0,0,0.8660254037844386,0.5000000000000001,0.0,1.0,0.5524353131676196,0.8335557718385699,2302907.0,1441948.0,1219510.0,738672.0,967755.0,1974750.0,1715198.0,2250084.0,4142433.0,73.0,25.0,27.0,45.0,1654788.3333333333,572200.1577440574,1219510.0,2302907.0,1746919.2857142857,1178969.088872096,738672.0,4185205.0,1517556.5714285714,911300.3837179164,738672.0,4185205.0,1650353.3,913780.4388798565,424782.0,4185205.0,1776144.3333333333,1001439.3789423777,424782.0,4518585.0,39.57142857142857,32.57142857142857,32.06666666666667,430,184900,1.978511436740529,-0.02219517138026847,1.3182675460923658,1.3954024268621754
2025-02-04,1055720.0,40.0,2025,2,1,4,1,35,6,0,0,0,0.8660254037844386,0.5000000000000001,0.7818314824680298,0.6234898018587336,0.5667017562911176,0.8239230057575542,2200143.0,2302907.0,1441948.0,1297119.0,2111030.0,1219626.0,1503984.0,990147.0,1460544.0,41.0,39.0,34.0,36.0,1981666.0,470225.2115390991,1441948.0,2302907.0,1955700.857142857,1097233.6130134156,1043074.0,4185205.0,1605584.2857142857,913625.3746437831,738672.0,4185205.0,1648688.6,912695.0370464108,424782.0,4185205.0,1743772.8333333333,953917.4086294948,424782.0,4518585.0,41.857142857142854,33.57142857142857,31.933333333333334,431,185761,-0.186103973498191,0.06622552004904322,1.1249895360859308,1.334480629028429
2025-02-05,4626624.0,33.0,2025,2,1,5,2,36,6,0,0,0,0.8660254037844386,0.5000000000000001,0.9749279121818236,-0.22252093395631434,0.5808002734538009,0.8140460935082178,1055720.0,2200143.0,2302907.0,1043074.0,846354.0,3978674.0,1386597.0,1715198.0,2811190.0,40.0,34.0,20.0,42.0,1852923.3333333333,692307.7176605242,1055720.0,2302907.0,1921215.2857142857,1124828.8986454348,1043074.0,4185205.0,1530205.0,912248.8727617486,738672.0,4185205.0,1650874.3666666667,911140.7416776698,424782.0,4185205.0,1737025.7666666666,957380.020199979,424782.0,4518585.0,42.0,34.0,32.06666666666667,432,186624,3.435566412354253,1.6974285184567612,0.549506350407521,0.6394914242515244
2025-02-06,805077.0,22.0,2025,2,1,6,3,37,6,0,0,0,0.8660254037844386,0.5000000000000001,0.43388373911755823,-0.900968867902419,0.5947266869607634,0.8039279618328213,4626624.0,1055720.0,2200143.0,4185205.0,1320431.0,2638115.0,1628458.0,1503984.0,3719189.0,33.0,32.0,28.0,45.0,2627495.6666666665,1823406.5840026801,1055720.0,4626624.0,2433151.0,1432072.9306437816,1055720.0,4626624.0,1800224.2857142857,1206329.037403238,738672.0,4626624.0,1747921.9,1060961.6282492036,424782.0,4626624.0,1767283.0,1018631.7910737421,424782.0,4626624.0,41.857142857142854,34.92857142857143,31.766666666666666,433,187489,-0.8076373797699277,-0.46470374684837074,1.9014948106385505,2.646928332438652
2025-02-07,3583232.0,32.0,2025,2,1,7,4,38,6,0,0,0,0.8660254037844386,0.5000000000000001,-0.433883739117558,-0.9009688679024191,0.6084768701151261,0.7935716089521474,805077.0,4626624.0,1055720.0,1219510.0,1959282.0,424782.0,1397426.0,1386597.0,800798.0,22.0,32.0,15.0,34.0,2162473.6666666665,2137693.412842993,805077.0,4626624.0,1950275.5714285714,1307271.2193745219,805077.0,4626624.0,1763413.2857142857,1229732.0699874456,738672.0,4626624.0,1724625.0,1074094.9062576478,424782.0,4626624.0,1718714.4666666666,993140.9003520336,424782.0,4626624.0,40.42857142857143,34.5,31.0,434,188356,1.938255528859952,1.5841913692298484,0.4128016634132803,0.46681278538812787
2025-02-08,1950566.0,37.0,2025,2,1,8,5,39,6,1,0,0,0.8660254037844386,0.5000000000000001,-0.9749279121818236,-0.2225209339563146,0.6220467484408675,0.7829801036770629,3583232.0,805077.0,4626624.0,1441948.0,935054.0,1210158.0,864441.0,1628458.0,2285105.0,32.0,42.0,36.0,38.0,3004977.6666666665,1975307.2985782044,805077.0,4626624.0,2287950.1428571427,1389730.6579532395,805077.0,4626624.0,1879409.7142857143,1322705.145667332,738672.0,4626624.0,1797846.1666666667,1123971.3003458686,424782.0,4626624.0,1765088.3666666667,1014289.6379158777,424782.0,4626624.0,40.42857142857143,35.714285714285715,30.933333333333334,435,189225,0.35272977943726125,0.197799390589134,1.566132029225662,1.9930692994960544
2025-02-09,2489380.0,23.0,2025,2,1,9,6,40,6,1,0,0,0.8660254037844386,0.5000000000000001,-0.7818314824680299,0.6234898018587334,0.6354323008901774,0.7721565844991642,1950566.0,3583232.0,805077.0,2302907.0,877451.0,1638812.0,3443555.0,1397426.0,3224080.0,37.0,73.0,19.0,30.0,2112958.3333333335,1396178.6251946148,805077.0,3583232.0,2360609.8571428573,1350879.9728018565,805077.0,4626624.0,1951946.2857142857,1294477.306870671,738672.0,4626624.0,1808583.1,1123835.8816923716,424782.0,4626624.0,1759512.7166666666,1012300.1504927924,424782.0,4626624.0,39.714285714285715,35.785714285714285,30.9,436,190096,0.08097287471877936,0.7814038095756054,0.8262974900735397,1.0785050462983978
2025-02-10,1508546.0,35.0,2025,2,1,10,0,41,7,0,0,0,0.8660254037844386,0.5000000000000001,0.0,1.0,0.6486295610349814,0.7611042586607747,2489380.0,1950566.0,3583232.0,2200143.0,738672.0,967755.0,1974750.0,864441.0,3493401.0,23.0,41.0,25.0,25.0,2674392.6666666665,831908.547864081,1950566.0,3583232.0,2387248.8571428573,1351390.9427712413,805077.0,4626624.0,2067084.0714285714,1262854.837156395,738672.0,4626624.0,1844981.5666666667,1127736.432696465,424782.0,4626624.0,1747267.7166666666,998635.4809841486,424782.0,4626624.0,32.57142857142857,36.07142857142857,30.666666666666668,437,190969,-0.31434184050763975,0.7451115807787924,1.042781942297954,1.3492709330953208
2025-02-11,1218134.0,29.0,2025,2,1,11,1,42,7,0,0,0,0.8660254037844386,0.5000000000000001,0.7818314824680298,0.6234898018587336,0.6616346182422783,0.7498264012045686,1508546.0,2489380.0,1950566.0,1055720.0,1297119.0,2111030.0,1219626.0,3443555.0,2952492.0,35.0,40.0,39.0,23.0,1982830.6666666667,491212.3679482468,1508546.0,2489380.0,2288449.285714286,1392020.4442582391,805077.0,4626624.0,2122075.0714285714,1216469.6847550594,805077.0,4626624.0,1866451.7333333334,1114478.2981324212,424782.0,4626624.0,1714186.8,972341.5944446219,424782.0,4626624.0,31.714285714285715,36.785714285714285,31.0,438,191844,0.1538419277838821,-0.646256847937669,0.6592001008792916,0.8082427062316032
2025-02-12,3840280.0,37.0,2025,2,1,12,2,43,7,0,0,0,0.8660254037844386,0.5000000000000001,0.9749279121818236,-0.22252093395631434,0.6744436188329455,0.7383263540031065,1218134.0,1508546.0,2489380.0,4626624.0,1043074.0,846354.0,3978674.0,1974750.0,673918.0,29.0,33.0,34.0,34.0,1738686.6666666667,666138.2311272367,1218134.0,2489380.0,2311651.285714286,1369215.7422374699,805077.0,4626624.0,2116433.285714286,1220765.5777436388,805077.0,4626624.0,1792271.0333333334,1079395.9408293124,424782.0,4626624.0,1685280.8333333333,960614.0137242747,424782.0,4626624.0,30.142857142857142,36.07142857142857,31.2,439,192721,-0.16996064517021484,0.944691733130776,0.5269540468875712,0.6796594808177356
2025-02-13,1408727.0,26.0,2025,2,1,13,3,44,7,0,0,0,0.8660254037844386,0.5000000000000001,0.43388373911755823,-0.900968867902419,0.6870527672236669,0.7266075247685656,3840280.0,1218134.0,1508546.0,805077.0,4185205.0,1320431.0,2638115.0,1219626.0,1050089.0,37.0,22.0,32.0,23.0,2188986.6666666665,1437415.0538272946,1218134.0,3840280.0,2199316.4285714286,1164601.772430653,805077.0,3840280.0,2316233.714285714,1259858.2376286772,805077.0,4626624.0,1854455.3666666667,1142181.9368661067,424782.0,4626624.0,1738053.5333333334,990617.397574103,424782.0,4626624.0,30.714285714285715,36.285714285714285,31.3,440,193600,0.7498040560095494,0.15504835088789515,1.7461243639663362,2.070839810452165
2025-02-14,1993546.0,33.0,2025,2,1,14,4,45,7,0,0,0,0.8660254037844386,0.5000000000000001,-0.433883739117558,-0.9009688679024191,0.699458327051647,0.7146733860429609,1408727.0,3840280.0,1218134.0,3583232.0,1219510.0,1959282.0,424782.0,3978674.0,1915887.0,26.0,32.0,32.0,35.0,2155713.6666666665,1461986.395785653,1218134.0,3840280.0,2285552.1428571427,1061983.647202164,1218134.0,3840280.0,2117913.8571428573,1157385.6539400052,805077.0,4626624.0,1860758.7333333334,1139075.2633140017,424782.0,4626624.0,1744030.8333333333,987472.9256423942,424782.0,4626624.0,31.285714285714285,35.857142857142854,31.4,441,194481,-0.44364584821747516,-0.49894210985871174,0.6163617856641705,0.7570712821411452
2025-02-15,978449.0,18.0,2025,2,1,15,5,46,7,1,0,0,0.8660254037844386,0.5000000000000001,-0.9749279121818236,-0.2225209339563146,0.7116566222817746,0.7025274741691571,1993546.0,1408727.0,3840280.0,1950566.0,1441948.0,935054.0,1210158.0,2638115.0,1362256.0,33.0,37.0,42.0,26.0,2414184.3333333335,1269178.8501051867,1408727.0,3840280.0,2058454.142857143,895091.7705420719,1218134.0,3840280.0,2173202.1428571427,1129315.0723792969,805077.0,4626624.0,1794587.8,1067190.8147608025,424782.0,4626624.0,1745325.15,987752.8572623438,424782.0,4626624.0,31.428571428571427,35.92857142857143,31.333333333333332,442,195364,-0.4983768813769952,-0.62911055810683,0.9684675303152247,1.1108656818016929
2025-02-16,1201390.0,23.0,2025,2,1,16,6,47,7,1,0,0,0.8660254037844386,0.5000000000000001,-0.7818314824680299,0.6234898018587334,0.7236440382959124,0.6901733882429719,978449.0,1993546.0,1408727.0,2489380.0,2302907.0,877451.0,1638812.0,424782.0,1109749.0,18.0,23.0,73.0,13.0,1460240.6666666667,509505.37116140826,978449.0,1993546.0,1919580.2857142857,985469.8782812026,978449.0,3840280.0,2140095.0714285714,1158810.4073229895,805077.0,4626624.0,1739265.6,1064970.759636237,424782.0,4626624.0,1738928.3666666667,991511.3326215589,424782.0,4626624.0,28.714285714285715,34.214285714285715,31.066666666666666,443,196249,-0.5173938892414979,1.828250726254879,0.5097202796266029,0.5625644524907524
2025-02-17,1830426.0,31.0,2025,2,1,17,0,48,8,0,0,0,0.8660254037844386,0.5000000000000001,0.0,1.0,0.7354170229639855,0.6776147890466889,1201390.0,978449.0,1993546.0,1508546.0,2200143.0,738672.0,967755.0,1210158.0,1363393.0,23.0,35.0,41.0,25.0,1391128.3333333333,533484.7291200793,978449.0,1993546.0,1735581.7142857143,981583.9697547868,978449.0,3840280.0,2061415.2857142857,1184026.1381951408,805077.0,4626624.0,1765152.5333333334,1041087.9235851378,738672.0,4626624.0,1740455.7166666666,990595.8615358059,424782.0,4626624.0,28.714285714285715,30.642857142857142,31.4,444,197136,0.21337102083728304,0.5125512536379547,0.692211717899112,0.6806154013960946
2025-02-18,1929859.0,27.0,2025,2,1,18,1,49,8,0,0,0,0.8660254037844386,0.5000000000000001,0.7818314824680298,0.6234898018587336,0.7469720876965552,0.6648553979642865,1830426.0,1201390.0,978449.0,1218134.0,1055720.0,1297119.0,2111030.0,1638812.0,896183.0,31.0,29.0,40.0,32.0,1336755.0,441824.585724913,978449.0,1830426.0,1781564.5714285714,976702.9400822346,978449.0,3840280.0,2035006.9285714286,1184816.7563579986,805077.0,4626624.0,1785828.1333333333,1035831.7523275613,738672.0,4626624.0,1748239.6,989416.9873951388,424782.0,4626624.0,28.142857142857142,29.928571428571427,31.6,445,198025,0.5842748006376967,0.1775963319770663,1.0274261339471118,1.0249732131744518
2025-02-19,2135397.0,37.0,2025,2,1,19,2,50,8,0,0,0,0.8660254037844386,0.5000000000000001,0.9749279121818236,-0.22252093395631434,0.7583058084785624,0.6518989958787126,1929859.0,1830426.0,1201390.0,3840280.0,4626624.0,1043074.0,846354.0,967755.0,800220.0,27.0,37.0,33.0,27.0,1653891.6666666667,395019.04906513594,1201390.0,1929859.0,1883239.5714285714,944798.4254451399,978449.0,3840280.0,2097445.4285714286,1151813.0514162795,805077.0,4626624.0,1795529.7,1035770.2895711104,738672.0,4626624.0,1765467.5333333334,983309.7825362247,424782.0,4626624.0,27.857142857142858,29.0,31.433333333333334,446,198916,-0.4439475767391961,1.2065471116139932,1.024754911312778,1.0748131874398958
2025-02-20,1620823.0,18.0,2025,2,1,20,3,51,8,0,0,0,0.8660254037844386,0.5000000000000001,0.43388373911755823,-0.900968867902419,0.7694148268839378,0.6387494220515272,2135397.0,1929859.0,1830426.0,1408727.0,805077.0,4185205.0,1320431.0,2111030.0,865222.0,37.0,26.0,22.0,34.0,1965227.3333333333,155531.4018528871,1830426.0,2135397.0,1639684.857142857,442381.47680232214,978449.0,2135397.0,1919500.642857143,894777.5052744526,805077.0,3840280.0,1834451.1,1025479.4548337704,738672.0,4626624.0,1787720.4833333334,976177.4546941419,424782.0,4626624.0,27.857142857142858,29.285714285714285,31.766666666666666,447,199809,0.15055862491455052,-0.2322122376280773,1.3023215959443077,1.1640522879023594
2025-02-21,1145976.0,21.0,2025,2,1,21,4,52,8,0,0,0,0.8660254037844386,0.5000000000000001,-0.433883739117558,-0.9009688679024191,0.7802958510707755,0.6254105729852463,1620823.0,2135397.0,1929859.0,1993546.0,3583232.0,1219510.0,1959282.0,846354.0,1256978.0,18.0,33.0,32.0,20.0,1895359.6666666667,259015.93265535668,1620823.0,2135397.0,1669984.2857142857,431044.48269743467,978449.0,2135397.0,1977768.2142857143,841604.9197149086,978449.0,3840280.0,1818110.8666666667,1024825.7419026233,738672.0,4626624.0,1800313.8333333333,968921.8079948473,424782.0,4626624.0,26.714285714285715,29.0,31.233333333333334,448,200704,-0.4251569815795572,0.35401498663679737,0.9705618273568015,0.8914874388114872
2025-02-22,1439565.0,20.0,2025,2,1,22,5,53,8,1,0,0,0.8660254037844386,0.5000000000000001,-0.9749279121818236,-0.2225209339563146,0.7909456567567772,0.6118864012687243,1145976.0,1620823.0,2135397.0,978449.0,1950566.0,1441948.0,935054.0,1320431.0,2827122.0,21.0,18.0,37.0,28.0,1634065.3333333333,494843.407912366,1145976.0,2135397.0,1548902.857142857,443858.75953859,978449.0,2135397.0,1803678.5,728430.7712934671,978449.0,3840280.0,1828098.2666666666,1016454.752678422,738672.0,4626624.0,1798463.8,970082.0998404407,424782.0,4626624.0,25.0,28.214285714285715,31.266666666666666,449,201601,0.47127239130501436,0.09022357094009456,0.7398630551394905,0.6268678335818125
2025-02-23,1875393.0,15.0,2025,2,1,23,6,54,8,1,0,0,0.8660254037844386,0.5000000000000001,-0.7818314824680299,0.6234898018587334,0.8013610881746766,0.5981809144059165,1439565.0,1145976.0,1620823.0,1201390.0,2489380.0,2302907.0,877451.0,1959282.0,746154.0,20.0,23.0,23.0,15.0,1402121.3333333333,239627.71017210052,1145976.0,1620823.0,1614776.5714285714,373770.27943949663,1145976.0,2135397.0,1767178.4285714286,733290.7483812255,978449.0,3840280.0,1832069.4,1014634.0704683048,738672.0,4626624.0,1775337.85,961646.5366695998,424782.0,4626624.0,25.285714285714285,27.0,31.0,450,202500,0.5610193192884908,-0.042816194912217845,0.8914948516539573,0.7857589892609964
2025-02-24,2994978.0,29.0,2025,2,1,24,0,55,9,0,0,0,0.8660254037844386,0.5000000000000001,0.0,1.0,0.8115390590073611,0.5842981736283684,1875393.0,1439565.0,1145976.0,1830426.0,1508546.0,2200143.0,738672.0,935054.0,2144253.0,15.0,31.0,35.0,36.0,1486978.0,367012.6488269728,1145976.0,1875393.0,1711062.7142857143,334255.55268721085,1145976.0,2135397.0,1723322.2142857143,704573.3744535059,978449.0,3840280.0,1829273.1,1014386.9546915727,738672.0,4626624.0,1794158.5,952166.2923750961,424782.0,4626624.0,24.142857142857142,26.428571428571427,31.0,451,203401,0.6362191096498848,2.203000040639364,1.0960398963417806,1.025212145742481
2025-02-25,874347.0,22.0,2025,2,1,25,1,56,9,0,0,0,0.8660254037844386,0.5000000000000001,0.7818314824680298,0.6234898018587336,0.8214765533024142,0.5702422926917871,2994978.0,1875393.0,1439565.0,1929859.0,1218134.0,1055720.0,1297119.0,877451.0,1365514.0,29.0,27.0,29.0,19.0,2103312.0,802363.8221299555,1439565.0,2994978.0,1877427.2857142857,593128.8954268157,1145976.0,2994978.0,1829495.9285714286,777899.8812631042,978449.0,3840280.0,1897937.2333333334,1021463.5062006413,738672.0,4626624.0,1808337.25,963731.7770471864,424782.0,4626624.0,23.857142857142858,26.0,30.766666666666666,452,204304,-0.5469373669268066,-0.0035375194740219114,1.5952564569554186,1.5780174114293242
2025-02-26,2175208.0,30.0,2025,2,1,26,2,57,9,0,0,0,0.8660254037844386,0.5000000000000001,0.9749279121818236,-0.22252093395631434,0.8311706263658079,0.5560174366570446,874347.0,2994978.0,1875393.0,2135397.0,3840280.0,4626624.0,1043074.0,738672.0,1426035.0,22.0,37.0,37.0,25.0,1914906.0,1060867.5305696705,874347.0,2994978.0,1726639.857142857,701792.2715163924,874347.0,2994978.0,1804939.7142857143,803682.4329443191,874347.0,3840280.0,1897833.7666666666,1021570.5898725429,738672.0,4626624.0,1800151.1333333333,969624.9664072101,424782.0,4626624.0,23.142857142857142,25.5,30.866666666666667,453,205209,0.0186433717009062,1.9447549115168843,0.5063864339647635,0.4607078951575896
2025-02-27,1277729.0,24.0,2025,2,1,27,3,58,9,0,0,0,0.8660254037844386,0.5000000000000001,0.43388373911755823,-0.900968867902419,0.8406184056344782,0.5416278206559814,2175208.0,874347.0,2994978.0,1620823.0,1408727.0,805077.0,4185205.0,1297119.0,1004202.0,30.0,18.0,26.0,39.0,2014844.3333333333,1069371.9365732037,874347.0,2994978.0,1732327.142857143,705806.7387251303,874347.0,2994978.0,1686006.0,567940.0169129489,874347.0,2994978.0,1945718.3,998776.4970499631,805077.0,4626624.0,1812637.35,969549.3657849466,424782.0,4626624.0,22.142857142857142,25.0,31.033333333333335,454,206116,-0.21167888165456686,-0.014948512819563973,1.2556565940613327,1.117946004825056
2025-02-28,1183656.0,17.0,2025,2,1,28,4,59,9,0,0,1,0.8660254037844386,0.5000000000000001,-0.433883739117558,-0.9009688679024191,0.8498170915275278,0.5270777086423722,1277729.0,2175208.0,874347.0,1145976.0,1993546.0,3583232.0,1219510.0,1043074.0,1714024.0,24.0,21.0,33.0,34.0,1442428.0,665885.9930806403,874347.0,2175208.0,1683313.7142857143,726451.3058849155,874347.0,2994978.0,1676649.0,573907.4525462774,874347.0,2994978.0,1945071.9666666666,999216.8719979062,805077.0,4626624.0,1817196.1333333333,966321.3897269606,424782.0,4626624.0,23.0,24.857142857142858,30.533333333333335,455,207025,0.032880269743868984,0.13477663137994045,0.7590557773968963,0.6569057710443927
2025-03-01,1314083.0,27.0,2025,3,1,1,5,60,9,1,1,0,1.0,6.123233995736766e-17,-0.9749279121818236,-0.2225209339563146,0.8587639582758029,0.5123714121284237,1183656.0,1277729.0,2175208.0,1439565.0,978449.0,1950566.0,1441948.0,4185205.0,1972064.0,17.0,20.0,18.0,32.0,1545531.0,547341.0961904748,1183656.0,2175208.0,1688696.5714285714,721931.6894191676,874347.0,2994978.0,1618799.7142857143,580289.9649564404,874347.0,2994978.0,1949758.0333333334,995162.290127684,805077.0,4626624.0,1808356.6666666667,969701.0294771814,424782.0,4626624.0,22.428571428571427,23.714285714285715,29.966666666666665,456,207936,-0.08716660935768791,-0.6860170529281122,0.7009287636550794,0.6070784065325302
2025-03-02,908330.0,21.0,2025,3,1,2,6,61,9,1,0,0,1.0,6.123233995736766e-17,-0.7818314824680299,0.6234898018587334,0.8674563547295969,0.49751328890718066,1314083.0,1183656.0,1277729.0,1875393.0,1201390.0,2489380.0,2302907.0,1219510.0,1793356.0,27.0,15.0,23.0,32.0,1258489.3333333333,67308.42564140048,1183656.0,1314083.0,1670770.5714285714,730653.997321313,874347.0,2994978.0,1642773.5714285714,558316.8773327342,874347.0,2994978.0,1854053.9666666666,906911.6423334958,805077.0,4626624.0,1797390.3166666667,971537.099653726,424782.0,4626624.0,23.428571428571427,24.357142857142858,29.8,457,208849,-0.5156588512381138,-0.25516805930250674,0.7865131349999838,0.7087620013362071
2025-03-03,2259170.0,47.0,2025,3,1,3,0,62,10,0,0,0,1.0,6.123233995736766e-17,0.0,1.0,0.8758917051442429,0.48250774176121847,908330.0,1314083.0,1183656.0,2994978.0,1830426.0,1508546.0,2200143.0,1441948.0,4518585.0,21.0,29.0,31.0,42.0,1135356.3333333333,207143.71243734125,908330.0,1314083.0,1532618.7142857143,775561.6588502581,874347.0,2994978.0,1621840.7142857143,581164.870097509,874347.0,2994978.0,1843681.3,916151.8676259778,805077.0,4626624.0,1782639.8833333333,978294.3759781661,424782.0,4626624.0,24.285714285714285,24.214285714285715,29.433333333333334,458,209764,-0.24568060266218983,0.5667485928757486,0.5926653456162007,0.49267191677867533
2025-03-04,1518512.0,21.0,2025,3,1,4,1,63,10,0,0,0,1.0,6.123233995736766e-17,0.7818314824680298,0.6234898018587336,0.8840675099433636,0.4673592171580022,2259170.0,908330.0,1314083.0,874347.0,1929859.0,1218134.0,1055720.0,2302907.0,1363625.0,47.0,22.0,27.0,73.0,1493861.0,693132.2192504044,908330.0,2259170.0,1427503.2857142857,565834.5808130645,874347.0,2259170.0,1652465.2857142857,603855.215506098,874347.0,2994978.0,1870922.0333333334,915944.44533018,805077.0,4626624.0,1744982.9666666666,912466.7251557196,424782.0,4626624.0,26.857142857142858,25.357142857142858,29.6,459,210681,0.7367383887632714,-0.34061080191253923,1.5826023117484944,1.2075169139864923
2025-03-05,1838009.0,27.0,2025,3,1,5,2,64,10,0,0,0,1.0,6.123233995736766e-17,0.9749279121818236,-0.22252093395631434,0.8919813464595485,0.45207220393230435,1518512.0,2259170.0,908330.0,2175208.0,2135397.0,3840280.0,4626624.0,2200143.0,2250084.0,21.0,30.0,37.0,41.0,1562004.0,676469.394686848,908330.0,2259170.0,1519526.857142857,510560.96319388616,908330.0,2259170.0,1623083.357142857,599310.1559085866,874347.0,2994978.0,1844775.5333333334,914382.1207054034,805077.0,4626624.0,1747564.4166666667,911588.2146610327,424782.0,4626624.0,26.714285714285715,24.928571428571427,27.866666666666667,460,211600,-0.15501919816403764,-0.16459566491814395,0.9993321229314991,0.8231418796281376
2025-03-06,945858.0,28.0,2025,3,1,6,3,65,10,0,0,0,1.0,6.123233995736766e-17,0.43388373911755823,-0.900968867902419,0.8996308696522433,0.43665123195606403,1838009.0,1518512.0,2259170.0,1277729.0,1620823.0,1408727.0,805077.0,1055720.0,990147.0,27.0,24.0,18.0,40.0,1871897.0,371490.06130580476,1518512.0,2259170.0,1471355.5714285714,450796.4780389015,908330.0,2259170.0,1601841.357142857,584850.7545375781,874347.0,2994978.0,1832704.4,911916.0124499395,805077.0,4626624.0,1740696.5,909287.4422714881,424782.0,4626624.0,26.285714285714285,24.214285714285715,27.4,461,212521,-0.25973504553782534,-0.10406357746372144,1.24919430468832,1.0028944111227103
2025-03-07,728952.0,19.0,2025,3,1,7,4,66,10,0,0,0,1.0,6.123233995736766e-17,-0.433883739117558,-0.9009688679024191,0.9070138128026359,0.4211008707960896,945858.0,1838009.0,1518512.0,1183656.0,1145976.0,1993546.0,3583232.0,4626624.0,1715198.0,28.0,17.0,21.0,33.0,1434126.3333333333,452022.18668371125,945858.0,1838009.0,1423945.4285714286,490276.6539699234,908330.0,2259170.0,1553629.5714285714,610426.5759551005,874347.0,2994978.0,1829042.3333333333,915357.9110907612,805077.0,4626624.0,1739958.35,909924.8106848479,424782.0,4626624.0,26.857142857142858,24.928571428571427,27.0,462,213444,-0.3841521523145238,-0.8424440801759555,0.6642515794646223,0.5171329185564686
2025-03-08,1797988.0,21.0,2025,3,1,8,5,67,10,1,0,0,1.0,6.123233995736766e-17,-0.9749279121818236,-0.2225209339563146,0.9141279881853337,0.40542572835999735,728952.0,945858.0,1838009.0,1314083.0,1439565.0,978449.0,1950566.0,805077.0,1503984.0,19.0,27.0,20.0,22.0,1170939.6666666667,587790.9278087949,728952.0,1838009.0,1358987.7142857143,553468.9856299349,728952.0,2259170.0,1523842.142857143,641246.2295661095,728952.0,2994978.0,1699119.9333333333,769591.5557029205,728952.0,3840280.0,1723520.9166666667,919240.0685756635,424782.0,4626624.0,27.142857142857142,24.785714285714285,26.533333333333335,463,214369,0.3682453848044606,1.2333118447055376,0.5363933701072038,0.42901739053225163
2025-03-09,910815.0,22.0,2025,3,1,9,6,68,10,1,0,0,1.0,6.123233995736766e-17,-0.7818314824680299,0.6234898018587334,0.9209712877166346,0.38963044953078796,1797988.0,728952.0,945858.0,908330.0,1875393.0,1201390.0,2489380.0,3583232.0,1386597.0,21.0,21.0,15.0,32.0,1157599.3333333333,565097.590249086,728952.0,1797988.0,1428117.0,576659.9689611938,728952.0,2259170.0,1549443.7857142857,644767.9693960523,728952.0,2994978.0,1732216.9666666666,750941.0977214802,728952.0,3840280.0,1728420.9833333334,918833.4919180142,424782.0,4626624.0,26.285714285714285,24.857142857142858,26.5,464,215296,0.0027357898561095636,-0.7458118815639065,1.2589920853823602,1.0379692813307895
2025-03-10,2393824.0,20.0,2025,3,1,10,0,69,11,0,0,0,1.0,6.123233995736766e-17,0.0,1.0,0.9275416835791966,0.37371971479046906,910815.0,1797988.0,728952.0,2259170.0,2994978.0,1830426.0,1508546.0,1950566.0,1628458.0,22.0,47.0,29.0,37.0,1145918.3333333333,571983.1075585397,728952.0,1797988.0,1428472.0,576287.2938725889,728952.0,2259170.0,1480545.357142857,658645.4908419291,728952.0,2994978.0,1643136.4,678838.9568722652,728952.0,3840280.0,1720491.2833333334,923872.719113609,424782.0,4626624.0,26.428571428571427,25.357142857142858,26.166666666666668,465,216225,0.05960330563879655,0.22724583531139167,0.6376148779955085,0.55431490654093
2025-03-11,2161131.0,19.0,2025,3,1,11,1,70,11,0,0,0,1.0,6.123233995736766e-17,0.7818314824680298,0.6234898018587336,0.9338372288229252,0.35769823883312546,2393824.0,910815.0,1797988.0,1518512.0,874347.0,1929859.0,1218134.0,2489380.0,1397426.0,20.0,21.0,22.0,23.0,1700875.6666666667,746258.6867061071,910815.0,2393824.0,1447708.2857142857,609904.0012380882,728952.0,2393824.0,1437605.7857142857,565300.3849900321,728952.0,2393824.0,1657911.6666666667,690485.0171996992,728952.0,3840280.0,1733247.3833333333,927855.656175179,424782.0,4626624.0,22.571428571428573,24.714285714285715,25.6,466,217156,0.4231899385714436,-0.13185974017626878,1.6535264898473034,1.4438790968959947
2025-03-12,1473392.0,30.0,2025,3,1,12,2,71,11,0,0,0,1.0,6.123233995736766e-17,0.9749279121818236,-0.22252093395631434,0.9398560579418954,0.3415707691678556,2161131.0,2393824.0,910815.0,1838009.0,2175208.0,2135397.0,3840280.0,1508546.0,864441.0,19.0,27.0,30.0,35.0,1821923.3333333333,797574.6387419322,910815.0,2393824.0,1539511.0,667939.8649589095,728952.0,2393824.0,1529518.9285714286,571253.3280773605,728952.0,2393824.0,1646970.0333333334,679366.2294613925,728952.0,3840280.0,1745975.8,928408.8688293396,424782.0,4626624.0,22.285714285714285,24.5,25.466666666666665,467,218089,-0.19837606888758433,-0.02330323370981064,1.4037775631353073,1.3121859877596234
2025-03-13,4425339.0,18.0,2025,3,1,13,3,72,11,0,0,0,1.0,6.123233995736766e-17,0.43388373911755823,-0.900968867902419,0.9455963874271426,0.3253420847119801,1473392.0,2161131.0,2393824.0,945858.0,1277729.0,1620823.0,1408727.0,1218134.0,3443555.0,30.0,28.0,24.0,29.0,2009449.0,478596.21655315085,1473392.0,2393824.0,1487422.857142857,654871.5424901806,728952.0,2393824.0,1479389.2142857143,540181.5052867677,728952.0,2393824.0,1645798.2333333334,679643.4832509614,728952.0,3840280.0,1756124.9833333334,921914.5205109656,424782.0,4626624.0,22.714285714285715,24.5,25.3,468,219024,3.6786504951060306,2.632883574385084,0.9905670017940907,0.8952446114952082
2025-03-14,4728435.0,20.0,2025,3,1,14,4,73,11,0,0,0,1.0,6.123233995736766e-17,-0.433883739117558,-0.9009688679024191,0.9510565162951535,0.30901699437494745,4425339.0,1473392.0,2161131.0,728952.0,1183656.0,1145976.0,1993546.0,3840280.0,1974750.0,18.0,19.0,17.0,37.0,2686620.6666666665,1544539.5155295718,1473392.0,4425339.0,1984491.5714285714,1237043.3867288635,728952.0,4425339.0,1704218.5,949640.70745882,728952.0,4425339.0,1752705.0666666667,842729.9790915156,728952.0,4425339.0,1772488.05,960286.6363499584,424782.0,4626624.0,21.285714285714285,24.071428571428573,24.933333333333334,469,219961,5.486620518223422,0.23127350089056006,2.2299610961886533,2.524862330897581
2025-03-15,1008850.0,21.0,2025,3,1,15,5,74,11,1,0,0,1.0,6.123233995736766e-17,-0.9749279121818236,-0.2225209339563146,0.9562348265919056,0.29260033563334836,4728435.0,4425339.0,1473392.0,1797988.0,1314083.0,1439565.0,978449.0,1408727.0,1219626.0,20.0,21.0,27.0,26.0,3542388.6666666665,1798201.1014656632,1473392.0,4728435.0,2555846.285714286,1463408.151138946,910815.0,4728435.0,1957417.0,1231040.6651176205,728952.0,4728435.0,1782310.2333333334,929707.5229595801,728952.0,4728435.0,1818382.8,1033155.5070517445,424782.0,4728435.0,21.428571428571427,24.285714285714285,24.366666666666667,470,220900,-0.43890059332987763,-0.2838569857751005,1.8500467052456318,2.6529808961242005
2025-03-16,2745811.0,29.0,2025,3,1,16,6,75,11,1,0,0,1.0,6.123233995736766e-17,-0.7818314824680299,0.6234898018587334,0.9611297838723007,0.27609697309746883,1008850.0,4728435.0,4425339.0,910815.0,908330.0,1875393.0,1201390.0,1993546.0,3978674.0,21.0,22.0,21.0,33.0,3387541.3333333335,2065574.0463029458,1008850.0,4728435.0,2443112.285714286,1558806.495603578,910815.0,4728435.0,1935614.642857143,1245923.8298827854,728952.0,4728435.0,1768981.0,938077.1329889107,728952.0,4728435.0,1814869.8666666667,1035581.3974180653,424782.0,4728435.0,21.428571428571427,23.857142857142858,24.2,471,221841,2.0146747693000226,0.3773502091248459,0.4129364032505143,0.5703000767108296
2025-03-17,5012628.0,26.0,2025,3,1,17,0,76,12,0,0,0,1.0,6.123233995736766e-17,0.0,1.0,0.9657399376548549,0.2595117970697999,2745811.0,1008850.0,4728435.0,2393824.0,2259170.0,2994978.0,1830426.0,978449.0,2638115.0,29.0,20.0,47.0,18.0,2827698.6666666665,1861144.093164289,1008850.0,4728435.0,2705254.5714285714,1404868.1811544779,1008850.0,4728435.0,2066863.2857142857,1226005.9599697925,728952.0,4728435.0,1794056.5,954202.6189863458,728952.0,4728435.0,1794322.15,1003659.1659025465,424782.0,4728435.0,22.428571428571427,24.428571428571427,24.066666666666666,472,222784,1.0939835175852528,4.123034516873133,1.0149917235145867,1.5305041953806917
2025-03-18,796239.0,14.0,2025,3,1,18,1,77,12,0,0,0,1.0,6.123233995736766e-17,0.7818314824680298,0.6234898018587336,0.9700639218515071,0.2428497220959356,5012628.0,2745811.0,1008850.0,2161131.0,1518512.0,874347.0,1929859.0,1201390.0,424782.0,26.0,19.0,21.0,23.0,2922429.6666666665,2007723.8812601508,1008850.0,5012628.0,3079369.4285714286,1637537.6480269479,1008850.0,5012628.0,2263538.8571428573,1458112.2657652448,728952.0,5012628.0,1928529.1333333333,1107281.1800239177,728952.0,5012628.0,1833897.3666666667,1081305.7538143708,424782.0,5012628.0,23.285714285714285,22.928571428571427,24.333333333333332,473,223729,-0.6315637506472306,-0.3372352025570381,1.627809886495315,2.5991974470906793
2025-03-19,1123207.0,14.0,2025,3,1,19,2,78,12,0,0,0,1.0,6.123233995736766e-17,0.9749279121818236,-0.22252093395631434,0.9741004551724205,0.22611568550828828,796239.0,5012628.0,2745811.0,1473392.0,1838009.0,2175208.0,2135397.0,1830426.0,1210158.0,14.0,30.0,27.0,31.0,2851559.3333333335,2110182.7130209184,796239.0,5012628.0,2884384.8571428573,1834510.2503906821,796239.0,5012628.0,2211947.9285714286,1498713.0133405216,728952.0,5012628.0,1915024.1,1118865.7246866494,728952.0,5012628.0,1840088.3166666667,1074140.846730775,728952.0,5012628.0,22.571428571428573,22.428571428571427,24.033333333333335,474,224676,-0.2376726628079968,-0.3863685284190675,0.2760515809907277,0.41578536792304593
2025-03-20,920788.0,22.0,2025,3,1,20,3,79,12,0,0,0,1.0,6.123233995736766e-17,0.43388373911755823,-0.900968867902419,0.9778483415056568,0.20931464596304847,1123207.0,796239.0,5012628.0,4425339.0,945858.0,1277729.0,1620823.0,1929859.0,1638812.0,14.0,18.0,28.0,27.0,2310691.3333333335,2345649.873971886,796239.0,5012628.0,2834358.4285714286,1883520.4294717093,796239.0,5012628.0,2160890.6428571427,1524387.8895107938,728952.0,5012628.0,1891450.1333333333,1128121.727209705,728952.0,5012628.0,1838639.1333333333,1075063.3845618153,728952.0,5012628.0,20.285714285714285,21.5,23.466666666666665,475,225625,-0.7919282567956941,-0.5228729145497159,0.3962826256120748,0.5938337893267924
2025-03-21,3191972.0,19.0,2025,3,1,21,4,80,12,0,0,0,1.0,6.123233995736766e-17,-0.433883739117558,-0.9009688679024191,0.9813064702716093,0.19245158197082998,920788.0,1123207.0,796239.0,4728435.0,728952.0,1183656.0,1145976.0,2135397.0,967755.0,22.0,20.0,19.0,37.0,946744.6666666666,165022.20960926608,796239.0,1123207.0,2333708.285714286,1855706.2400904333,796239.0,5012628.0,2159099.9285714286,1525938.930080023,728952.0,5012628.0,1857814.4333333333,1141896.0221595382,728952.0,5012628.0,1826672.0666666667,1081303.6917001156,728952.0,5012628.0,20.857142857142858,21.071428571428573,23.3,476,226576,-0.32494112745549003,0.49479089836690787,0.39456002519105393,0.49562969448348027
2025-03-22,622467.0,17.0,2025,3,1,22,5,81,12,1,0,0,1.0,6.123233995736766e-17,-0.9749279121818236,-0.2225209339563146,0.9844738167520922,0.1755314904214282,3191972.0,920788.0,1123207.0,1008850.0,1797988.0,1314083.0,1439565.0,1620823.0,2111030.0,19.0,21.0,21.0,18.0,1745322.3333333333,1256916.7858057765,920788.0,3191972.0,2114213.5714285714,1598255.765775809,796239.0,5012628.0,2335029.9285714286,1489928.9489533214,796239.0,5012628.0,1893033.6,1166775.4249780027,728952.0,5012628.0,1863742.35,1089454.0365965737,728952.0,5012628.0,20.714285714285715,21.071428571428573,22.7,477,227529,-0.38299350745898797,-0.6159562148365367,1.5097680022189948,1.68616764118714
2025-03-23,525362.0,12.0,2025,3,1,23,6,82,12,1,0,0,1.0,6.123233995736766e-17,-0.7818314824680299,0.6234898018587334,0.9873494423939864,0.15855938510313475,622467.0,3191972.0,920788.0,2745811.0,910815.0,908330.0,1875393.0,1145976.0,846354.0,17.0,29.0,22.0,21.0,1578409.0,1405324.8809392764,622467.0,3191972.0,2059016.0,1648670.2096993194,622467.0,5012628.0,2251064.1428571427,1554257.224404183,622467.0,5012628.0,1859755.0666666667,1188835.9842865716,622467.0,5012628.0,1838932.9666666666,1100619.0766104367,622467.0,5012628.0,20.142857142857142,20.785714285714285,22.666666666666668,478,228484,-0.8086678216381245,-0.5415593345759423,0.30231285235277433,0.33470375274507475
2025-03-24,108100.0,1.0,2025,3,1,24,0,83,13,0,0,0,1.0,6.123233995736766e-17,0.0,1.0,0.989932495087353,0.141540295217043,525362.0,622467.0,3191972.0,5012628.0,2393824.0,2259170.0,2994978.0,1439565.0,1320431.0,12.0,26.0,20.0,20.0,1446600.3333333333,1512315.7859251238,525362.0,3191972.0,1741809.0,1707080.6471794653,525362.0,5012628.0,2223531.785714286,1582973.5759065393,525362.0,5012628.0,1839067.9333333333,1206946.6248846648,525362.0,5012628.0,1833583.1,1106291.0792612578,525362.0,5012628.0,17.714285714285715,20.071428571428573,22.366666666666667,479,229441,-0.9784344659128904,-0.9249078714750637,0.301618604565713,0.2856675332529859
2025-03-25,230508.0,1.0,2025,3,1,25,1,84,13,0,0,0,1.0,6.123233995736766e-17,0.7818314824680298,0.6234898018587336,0.9922222094179323,0.12447926388678915,108100.0,525362.0,622467.0,796239.0,2161131.0,1518512.0,874347.0,1875393.0,1959282.0,1.0,14.0,19.0,15.0,418643.0,273285.6772554909,108100.0,622467.0,1041162.1428571428,1001594.7328135251,108100.0,3191972.0,2060265.7857142857,1679018.5006865077,108100.0,5012628.0,1794685.7666666666,1245992.7297518498,108100.0,5012628.0,1813377.5833333333,1126705.022437403,108100.0,5012628.0,14.142857142857142,18.714285714285715,21.733333333333334,480,230400,-0.7105040069627335,-0.8770881623211775,0.10382628752074434,0.060233385703380236
2025-03-26,0.0,0.0,2025,3,1,26,2,85,13,0,0,0,1.0,6.123233995736766e-17,0.9749279121818236,-0.22252093395631434,0.994217906893952,0.10738134666416309,230508.0,108100.0,525362.0,1123207.0,1473392.0,1838009.0,2175208.0,2994978.0,935054.0,1.0,14.0,30.0,29.0,287990.0,214487.83043331967,108100.0,525362.0,960343.4285714285,1046470.5119409426,108100.0,3191972.0,1922364.142857143,1747964.6254321882,108100.0,5012628.0,1739856.2666666666,1278096.4941359288,108100.0,5012628.0,1784564.6833333333,1144868.916145461,108100.0,5012628.0,12.285714285714286,17.428571428571427,21.266666666666666,481,231361,-1.0,-1.0,0.24002663332938634,0.132486806189814
2025-03-27,0.0,0.0,2025,3,1,27,3,86,13,0,0,0,1.0,6.123233995736766e-17,0.43388373911755823,-0.900968867902419,0.995918996147179,0.09025161003104117,0.0,230508.0,108100.0,920788.0,4425339.0,945858.0,1277729.0,874347.0,877451.0,0.0,22.0,18.0,22.0,112869.33333333333,115327.9862883507,0.0,230508.0,799885.2857142857,1101976.2885235883,0.0,3191972.0,1817121.857142857,1819949.0500847667,0.0,5012628.0,1640023.6666666667,1293553.800699837,0.0,5012628.0,1768980.45,1162851.5206266334,0.0,5012628.0,10.285714285714286,15.285714285714286,20.3,482,232324,-1.0,-1.0,0.0,0.0
2025-03-28,0.0,0.0,2025,3,1,28,4,87,13,0,0,0,1.0,6.123233995736766e-17,-0.433883739117558,-0.9009688679024191,0.9973249731081555,0.07309512989807777,0.0,0.0,230508.0,3191972.0,4728435.0,728952.0,1183656.0,2175208.0,738672.0,0.0,19.0,20.0,30.0,76836.0,133083.8558503349,0.0,230508.0,668344.1428571428,1139458.053999119,0.0,3191972.0,1501026.2142857143,1713276.0765249275,0.0,5012628.0,1610878.7666666666,1320959.6268506586,0.0,5012628.0,1754356.2666666666,1179649.6962821218,0.0,5012628.0,7.142857142857143,14.0,19.566666666666666,483,233289,-1.0,-1.0,0.0,0.0
2025-03-29,0.0,0.0,2025,3,1,29,5,88,13,1,0,0,1.0,6.123233995736766e-17,-0.9749279121818236,-0.2225209339563146,0.9984354211555643,0.055916990100603484,0.0,0.0,0.0,622467.0,1008850.0,1797988.0,1314083.0,1277729.0,1297119.0,0.0,17.0,21.0,24.0,0.0,0.0,0.0,0.0,212348.14285714287,262249.18454678584,0.0,622467.0,1163280.857142857,1478018.4017062488,0.0,5012628.0,1538371.8333333333,1348330.2700028692,0.0,5012628.0,1742045.0666666667,1194194.2066776387,0.0,5012628.0,4.428571428571429,12.571428571428571,18.566666666666666,484,234256,-1.0,-1.0,0.0,0.0
2025-03-30,0.0,0.0,2025,3,1,30,6,89,13,1,0,0,1.0,6.123233995736766e-17,-0.7818314824680299,0.6234898018587334,0.9992500112396835,0.03872228089217446,0.0,0.0,0.0,525362.0,2745811.0,910815.0,908330.0,1183656.0,1043074.0,0.0,12.0,29.0,17.0,0.0,0.0,0.0,0.0,123424.28571428571,197564.29290203672,0.0,525362.0,1091220.142857143,1510366.0828910584,0.0,5012628.0,1495780.8666666667,1376728.68750467,0.0,5012628.0,1720426.4166666667,1213962.6124440883,0.0,5012628.0,2.0,11.071428571428571,17.766666666666666,485,235225,-1.0,-1.0,0.0,0.0
2025-03-31,0.0,0.0,2025,3,1,31,0,90,14,0,0,1,1.0,6.123233995736766e-17,0.0,1.0,0.9997685019798909,0.021516097436222254,0.0,0.0,0.0,108100.0,5012628.0,2393824.0,2259170.0,1314083.0,4185205.0,0.0,1.0,26.0,27.0,0.0,0.0,0.0,0.0,48372.57142857143,89851.92299701704,0.0,230508.0,895090.7857142857,1456292.1966389767,0.0,5012628.0,1456325.6666666667,1402698.2812131913,0.0,5012628.0,1703041.85,1231173.7241941642,0.0,5012628.0,0.2857142857142857,9.0,17.2,486,236196,-1.0,-1.0,0.0,0.0
2025-04-01,0.0,0.0,2025,4,2,1,1,91,14,0,1,0,0.8660254037844387,-0.4999999999999998,0.7818314824680298,0.6234898018587336,0.9999907397361901,0.004303538296244289,0.0,0.0,0.0,230508.0,796239.0,2161131.0,1518512.0,908330.0,1219510.0,0.0,1.0,14.0,21.0,0.0,0.0,0.0,0.0,32929.71428571428,87123.83474427319,0.0,230508.0,537045.9285714285,860346.961913671,0.0,3191972.0,1412522.9,1427590.2359978657,0.0,5012628.0,1633288.4333333333,1206471.3985880872,0.0,5012628.0,0.14285714285714285,7.142857142857143,16.3,487,237169,-1.0,-1.0,0.0,0.0
2025-04-11,902778.0,28.0,2025,4,2,11,4,101,15,0,0,0,0.8660254037844387,-0.4999999999999998,-0.433883739117558,-0.9009688679024191,0.9859481499638304,-0.16705162550211924,2060193.0,1306720.0,3760907.0,762038.0,0.0,3191972.0,4728435.0,1473392.0,1508546.0,38.0,18.0,0.0,30.0,2375940.0,1257191.546165102,1306720.0,3760907.0,1539586.857142857,1079253.9137400165,762038.0,3760907.0,769793.4285714285,1084324.7093625234,0.0,3760907.0,1256340.2,1527743.7255072559,0.0,5012628.0,1451655.1166666667,1188643.4125703906,0.0,5012628.0,25.571428571428573,12.785714285714286,14.1,497,247009,0.18468895251942816,-0.38727914906555755,1.33814665307242,1.6398368849456542
2025-04-12,1241946.0,25.0,2025,4,2,12,5,102,15,1,0,0,0.8660254037844387,-0.4999999999999998,-0.9749279121818236,-0.2225209339563146,0.9829265519799822,-0.18399835165768005,902778.0,2060193.0,1306720.0,773739.0,0.0,622467.0,1008850.0,4425339.0,1218134.0,28.0,20.0,0.0,18.0,1423230.3333333333,587437.9659898846,902778.0,2060193.0,1559692.5714285714,1063551.2586770884,773739.0,3760907.0,834277.5714285715,1061630.4256041402,0.0,3760907.0,1237319.7333333334,1528500.135187703,0.0,5012628.0,1441558.9833333334,1190722.8268653103,0.0,5012628.0,27.0,14.785714285714286,14.033333333333333,498,248004,0.6051226576403671,-0.7193557374926531,0.5788179135668494,0.7296238600898415
2025-04-13,863624.0,29.0,2025,4,2,13,6,103,15,1,0,0,0.8660254037844387,-0.4999999999999998,-0.7818314824680299,0.6234898018587334,0.9796136916454901,-0.20089055513063506,1241946.0,902778.0,2060193.0,1246302.0,0.0,525362.0,2745811.0,4728435.0,3840280.0,25.0,21.0,0.0,20.0,1401639.0,595003.1607000079,902778.0,2060193.0,1626579.2857142857,1019703.4469540175,867209.0,3760907.0,922988.0,1038185.1771585366,0.0,3760907.0,1131206.6333333333,1405062.5472978314,0.0,5012628.0,1441955.85,1190651.0634901088,0.0,5012628.0,27.714285714285715,16.571428571428573,14.266666666666667,499,249001,-0.3070507790246666,-0.8173552137229337,0.7635324087227754,1.097894905672848
2025-04-14,3140448.0,39.0,2025,4,2,14,0,104,16,0,0,0,0.8660254037844387,-0.4999999999999998,0.0,1.0,0.9760105506323683,-0.21772323039653177,863624.0,1241946.0,902778.0,867209.0,0.0,108100.0,5012628.0,1008850.0,1408727.0,29.0,24.0,0.0,21.0,1002782.6666666666,208044.66813002643,863624.0,1241946.0,1571911.0,1053196.7465853663,863624.0,3760907.0,984675.4285714285,1004226.1658944376,0.0,3760907.0,1002379.6,1230159.4864493606,0.0,5012628.0,1392344.9166666667,1150358.688809833,0.0,5012628.0,28.857142857142858,18.642857142857142,14.566666666666666,500,250000,2.6213277306854517,2.1128988452198048,0.5494102401471839,0.8615737989879283
2025-04-15,1303299.0,37.0,2025,4,2,15,1,105,16,0,0,0,0.8660254037844387,-0.4999999999999998,0.7818314824680298,0.6234898018587336,0.9721181966290613,-0.23449138957040985,3140448.0,863624.0,1241946.0,3760907.0,0.0,230508.0,796239.0,2745811.0,1993546.0,39.0,34.0,0.0,29.0,1748672.6666666667,1220065.9071449104,863624.0,3140448.0,1896659.4285714286,1146066.6749550914,863624.0,3760907.0,1208993.142857143,1112288.8412351082,0.0,3760907.0,1073432.8666666667,1290620.2213480412,0.0,5012628.0,1421206.9333333333,1172291.6620892715,0.0,5012628.0,31.0,21.428571428571427,15.166666666666666,501,251001,-0.6534615187240738,-0.5253500696151338,1.6557785507993903,2.925611929278856
2025-04-16,638440.0,29.0,2025,4,2,16,2,106,16,0,0,0,0.8660254037844387,-0.4999999999999998,0.9749279121818236,-0.22252093395631434,0.9679377830240642,-0.25119006388481935,1303299.0,3140448.0,863624.0,1306720.0,0.0,0.0,1123207.0,5012628.0,978449.0,37.0,24.0,0.0,26.0,1769123.6666666667,1207777.4409220985,863624.0,3140448.0,1545572.5714285714,805671.2173154872,863624.0,3140448.0,1302085.9285714286,1056457.2692606254,0.0,3760907.0,1025349.1333333333,1252472.6519539678,0.0,5012628.0,1409702.8166666667,1169964.4084890066,0.0,5012628.0,31.428571428571427,24.071428571428573,15.433333333333334,502,252004,-0.5114179013101506,-0.8726336763869172,0.8432467191077038,1.2710782675195447
2025-04-17,882986.0,22.0,2025,4,2,17,3,107,16,0,0,0,0.8660254037844387,-0.4999999999999998,0.43388373911755823,-0.900968867902419,0.9634705485641488,-0.2678143051621742,638440.0,1303299.0,3140448.0,2060193.0,0.0,0.0,920788.0,796239.0,1201390.0,29.0,38.0,0.0,14.0,1694062.3333333333,1295967.9760797846,638440.0,3140448.0,1450104.0,875278.6105785593,638440.0,3140448.0,1347688.7857142857,1008624.6907420501,0.0,3760907.0,879542.8666666667,1001816.737108958,0.0,3760907.0,1404036.0,1172908.3512106817,0.0,5012628.0,32.142857142857146,26.142857142857142,15.533333333333333,503,253009,-0.5714061740817487,0.1089459320631117,0.4402718701555199,0.7258770711421835
2025-04-18,805935.0,19.0,2025,4,2,18,4,108,16,0,0,0,0.8660254037844387,-0.4999999999999998,-0.433883739117558,-0.9009688679024191,0.9587178169872964,-0.2843591872810034,882986.0,638440.0,1303299.0,902778.0,762038.0,0.0,3191972.0,1123207.0,1830426.0,22.0,28.0,18.0,14.0,941575.0,336279.46065883955,638440.0,1303299.0,1281931.5714285714,851284.9459003835,638440.0,3140448.0,1410759.2142857143,943365.5902196644,638440.0,3760907.0,882434.4333333333,1001693.1864568703,0.0,3760907.0,1398729.2666666666,1174559.8817711524,0.0,5012628.0,29.857142857142858,27.714285714285715,15.8,504,254016,-0.10727221974837668,-0.2824697495653072,0.6887933955913181,1.0006250511605528
2025-04-19,1361805.0,22.0,2025,4,2,19,5,109,16,1,0,0,0.8660254037844387,-0.4999999999999998,-0.9749279121818236,-0.2225209339563146,0.9536809966304457,-0.30081980763566735,805935.0,882986.0,638440.0,1241946.0,773739.0,0.0,622467.0,920788.0,1929859.0,19.0,25.0,20.0,22.0,775787.0,125029.44835917691,638440.0,882986.0,1268096.857142857,859223.6674996075,638440.0,3140448.0,1413894.7142857143,941113.8145759869,638440.0,3760907.0,871858.7,1000737.8881812808,0.0,3760907.0,1381654.4166666667,1175623.9885080603,0.0,5012628.0,28.571428571428573,27.785714285714285,15.966666666666667,505,255025,0.09650902696252495,0.4789560680634413,0.6355468791365418,0.9243871742060956
2025-04-20,1524118.0,24.0,2025,4,2,20,6,110,16,1,0,0,0.8660254037844387,-0.4999999999999998,-0.7818314824680299,0.6234898018587334,0.9483615800121715,-0.3171912885891061,1361805.0,805935.0,882986.0,863624.0,1246302.0,0.0,525362.0,3191972.0,2135397.0,22.0,29.0,21.0,19.0,1016908.6666666666,301163.28579415736,805935.0,1361805.0,1285219.5714285714,859809.756287761,638440.0,3140448.0,1455899.4285714286,923298.8603291133,638440.0,3760907.0,886559.2666666667,1004712.7468204262,0.0,3760907.0,1372186.85,1173419.6124352906,0.0,5012628.0,28.142857142857142,27.928571428571427,15.966666666666667,506,256036,0.7647934749381675,-0.5225152350960472,1.0595893731110093,1.5360563599094597
2025-04-21,1883743.0,29.0,2025,4,2,21,0,111,17,0,0,0,0.8660254037844387,-0.4999999999999998,0.0,1.0,0.9427611433904207,-0.3334687789181868,1524118.0,1361805.0,805935.0,3140448.0,867209.0,0.0,108100.0,622467.0,1620823.0,24.0,39.0,24.0,17.0,1230619.3333333333,376635.05509489315,805935.0,1524118.0,1379575.857142857,841887.2425286395,638440.0,3140448.0,1475743.4285714286,921431.1578285961,638440.0,3760907.0,830964.1333333333,914873.4999611456,0.0,3760907.0,1361998.8666666667,1169327.3980430437,0.0,5012628.0,27.428571428571427,28.142857142857142,16.133333333333333,507,257049,-0.4001674283414341,2.026253600592481,1.1047728851652232,1.8341561793842367
2025-04-22,2205543.0,23.0,2025,4,2,22,1,112,17,0,0,0,0.8660254037844387,-0.4999999999999998,0.7818314824680298,0.6234898018587336,0.9368813462954315,-0.3496474552512284,1883743.0,1524118.0,1361805.0,1303299.0,3760907.0,0.0,230508.0,525362.0,1145976.0,29.0,37.0,34.0,12.0,1589888.6666666667,267112.62494747987,1361805.0,1883743.0,1200046.5714285714,443573.2236128389,638440.0,1883743.0,1548353.0,909767.4818525411,638440.0,3760907.0,873006.6666666666,933747.6797962722,0.0,3760907.0,1366380.8666666667,1170805.4750083687,0.0,5012628.0,26.0,28.5,16.533333333333335,508,258064,0.6922770599839331,3.198139568526083,1.5697249130569457,2.15776473642813
2025-04-23,519706.0,18.0,2025,4,2,23,2,113,17,0,0,0,0.8660254037844387,-0.4999999999999998,0.9749279121818236,-0.22252093395631434,0.9307239310379795,-0.36572252349726897,2205543.0,1883743.0,1524118.0,638440.0,1306720.0,0.0,0.0,108100.0,1439565.0,23.0,29.0,24.0,1.0,1871134.6666666667,340887.4230715076,1524118.0,2205543.0,1328938.5714285714,586602.2500317277,638440.0,2205543.0,1437255.5714285714,686322.747342874,638440.0,3140448.0,929012.7,962133.9993512691,0.0,3760907.0,1384040.3166666667,1175406.4970748243,0.0,5012628.0,24.0,27.714285714285715,16.9,509,259081,-0.18597518952446587,3.807641073080481,1.6596275007874168,2.374071958327373
2025-04-24,853446.0,24.0,2025,4,2,24,3,114,17,0,0,0,0.8660254037844387,-0.4999999999999998,0.43388373911755823,-0.900968867902419,0.9242907221930933,-0.3816892202666588,519706.0,2205543.0,1883743.0,882986.0,2060193.0,0.0,0.0,230508.0,1875393.0,18.0,22.0,38.0,1.0,1536330.6666666667,895004.5221429515,519706.0,2205543.0,1311976.5714285714,611101.2340932438,519706.0,2205543.0,1381040.2857142857,728756.6513491395,519706.0,3140448.0,942732.9,952914.5879430366,0.0,3760907.0,1368709.3333333333,1180657.2002532962,0.0,5012628.0,22.428571428571427,27.285714285714285,17.466666666666665,510,260100,-0.03345466406035883,2.7024571815294913,0.39612445169970373,0.551275976472233
2025-05-04,880878.0,18.0,2025,5,2,4,6,124,18,1,0,0,0.49999999999999994,-0.8660254037844387,-0.7818314824680299,0.6234898018587334,0.8452490573530633,-0.5343725582809786,1726464.0,755477.0,656912.0,596894.0,1524118.0,863624.0,1246302.0,762038.0,1838009.0,22.0,17.0,24.0,18.0,1046284.3333333334,591110.8601745812,656912.0,1726464.0,1085637.5714285714,542028.8266669514,596894.0,1969652.0,1164153.0714285714,571810.361182328,519706.0,2205543.0,1273883.7333333334,753779.9143715615,519706.0,3760907.0,1265103.1166666667,1163395.23246132,0.0,5012628.0,23.0,22.642857142857142,24.866666666666667,520,270400,0.47576956712582136,0.15595022820384286,1.5902765761212339,1.3552759602969522
2025-05-05,851812.0,33.0,2025,5,2,5,0,125,19,0,0,0,0.49999999999999994,-0.8660254037844387,0.0,1.0,0.8359254794186372,-0.548842958284719,880878.0,1726464.0,755477.0,930806.0,1883743.0,3140448.0,867209.0,773739.0,945858.0,18.0,31.0,29.0,20.0,1120939.6666666667,528134.5864401737,755477.0,1726464.0,1126206.7142857143,508970.6457877224,656912.0,1969652.0,1118207.357142857,566479.5504527758,519706.0,2205543.0,1277845.0666666667,751305.4685894037,519706.0,3760907.0,1249150.9333333333,1161967.6401445572,0.0,5012628.0,23.142857142857142,22.214285714285715,24.866666666666667,521,271441,-0.08486623420992129,0.10090353465445066,0.7821636905784994,0.6893464810235732
2025-05-06,1828290.0,21.0,2025,5,2,6,1,126,19,0,0,0,0.49999999999999994,-0.8660254037844387,0.7818314824680298,0.6234898018587336,0.8263541987239096,-0.5631507242749186,851812.0,880878.0,1726464.0,963258.0,2205543.0,1303299.0,3760907.0,1246302.0,728952.0,33.0,26.0,23.0,21.0,1153051.3333333333,496802.5491171852,851812.0,1726464.0,1114921.857142857,514866.69694217213,656912.0,1969652.0,1044498.0,524811.0831712624,519706.0,2205543.0,1280447.5,749632.4472815762,519706.0,3760907.0,1247583.5,1162447.0333954336,0.0,5012628.0,23.428571428571427,22.5,25.3,522,272484,0.8980273197834848,0.46697188963830594,0.764010495034053,0.6652455489194208
2025-05-07,910133.0,22.0,2025,5,2,7,2,127,19,0,0,0,0.49999999999999994,-0.8660254037844387,0.9749279121818236,-0.22252093395631434,0.8165380514459161,-0.5772916165517272,1828290.0,851812.0,880878.0,1969652.0,519706.0,638440.0,1306720.0,867209.0,1797988.0,21.0,19.0,18.0,24.0,1186993.3333333333,555569.3197948688,851812.0,1828290.0,1238497.857142857,572934.1557527729,656912.0,1969652.0,1017551.3571428572,467125.86465890903,519706.0,1969652.0,1299847.1,756219.9673087006,519706.0,3760907.0,1265905.8,1162797.6362354732,0.0,5012628.0,22.714285714285715,22.357142857142858,25.3,523,273529,-0.5379219273252331,0.049496718784053206,1.4762157152356803,1.406542354096878
2025-05-08,427903.0,16.0,2025,5,2,8,3,128,19,0,0,0,0.49999999999999994,-0.8660254037844387,0.43388373911755823,-0.900968867902419,0.8064799463209448,-0.5912614448635781,910133.0,1828290.0,851812.0,656912.0,853446.0,882986.0,2060193.0,3760907.0,910815.0,22.0,25.0,24.0,34.0,1196745.0,547710.8270145843,851812.0,1828290.0,1087138.0,479998.2179268999,656912.0,1828290.0,1045439.0,446308.454022734,596894.0,1969652.0,1301277.9,755413.3481023026,519706.0,3760907.0,1251108.2166666666,1161560.3688359342,0.0,5012628.0,23.142857142857142,22.642857142857142,25.233333333333334,524,274576,-0.3486144262854081,-0.8862234562035168,0.837182583995776,0.6994147829606574
2025-05-09,1940146.0,20.0,2025,5,2,9,4,129,19,0,0,0,0.49999999999999994,-0.8660254037844387,-0.433883739117558,-0.9009688679024191,0.7961828637826158,-0.6050560696488488,427903.0,910133.0,1828290.0,755477.0,930491.0,805935.0,902778.0,1306720.0,2393824.0,16.0,21.0,18.0,24.0,1055442.0,711411.952776308,427903.0,1828290.0,1054422.4285714286,520319.44500945957,427903.0,1828290.0,1015043.0714285715,474020.5038029675,427903.0,1969652.0,1190177.7666666666,612837.9907932426,427903.0,3140448.0,1243059.6833333333,1165624.2057927938,0.0,5012628.0,21.857142857142858,22.071428571428573,24.633333333333333,525,275625,1.568107301744461,0.4847450104077385,0.4058174299078019,0.35952864520266486
2025-05-10,583278.0,23.0,2025,5,2,10,5,130,19,1,0,0,0.49999999999999994,-0.8660254037844387,-0.9749279121818236,-0.2225209339563146,0.7856498550787147,-0.6186714032625031,1940146.0,427903.0,910133.0,1726464.0,781633.0,1361805.0,1241946.0,2060193.0,2161131.0,20.0,22.0,20.0,38.0,1092727.3333333333,772479.9289860761,427903.0,1940146.0,1223660.857142857,594283.9255374005,427903.0,1940146.0,1087161.2857142857,533269.4912848021,427903.0,1969652.0,1211291.9666666666,627722.6946899364,427903.0,3140448.0,1235498.3833333333,1159488.1101968507,0.0,5012628.0,21.714285714285715,22.214285714285715,24.5,526,276676,-0.6621545540480427,-0.7168818649514875,1.5855259148601633,1.6017162281188526
2025-05-11,833151.0,18.0,2025,5,2,11,6,131,19,1,0,0,0.49999999999999994,-0.8660254037844387,-0.7818314824680299,0.6234898018587334,0.7748840413670407,-0.6321034111873487,583278.0,1940146.0,427903.0,880878.0,596894.0,1524118.0,863624.0,902778.0,1473392.0,23.0,18.0,17.0,28.0,983775.6666666666,831876.4983555751,427903.0,1940146.0,1060348.5714285714,590144.5005973413,427903.0,1940146.0,1072993.0714285714,544527.533418654,427903.0,1969652.0,1162061.4666666666,616667.8247244608,427903.0,3140448.0,1209200.8333333333,1156026.581733721,0.0,5012628.0,21.857142857142858,22.428571428571427,24.0,527,277729,-0.054181169242505774,-0.07712527332300964,0.5500813748578635,0.501933862133053
2025-05-12,580847.0,20.0,2025,5,2,12,0,132,20,0,0,0,0.49999999999999994,-0.8660254037844387,0.0,1.0,0.7638886127905428,-0.6453481132295501,833151.0,583278.0,1940146.0,851812.0,930806.0,1883743.0,3140448.0,1241946.0,4425339.0,18.0,33.0,31.0,25.0,1118858.3333333333,722145.5549931283,583278.0,1940146.0,1053530.4285714286,592833.1455057868,427903.0,1940146.0,1089868.5714285714,532158.1596069655,427903.0,1969652.0,1159740.5666666667,617807.2893697475,427903.0,3140448.0,1198530.15,1156501.4065550114,0.0,5012628.0,21.857142857142858,22.5,23.666666666666668,528,278784,-0.31810422957178347,-0.5323089731759674,0.790818164720444,0.7183942891595554
2025-05-13,405003.0,18.0,2025,5,2,13,1,133,20,0,0,0,0.49999999999999994,-0.8660254037844387,0.7818314824680298,0.6234898018587336,0.7526668275320085,-0.6584015846980488,580847.0,833151.0,583278.0,1828290.0,963258.0,2205543.0,1303299.0,863624.0,4728435.0,20.0,21.0,26.0,29.0,665758.6666666666,144971.10879183206,580847.0,833151.0,1014821.1428571428,616570.7945400992,427903.0,1940146.0,1064871.5,548182.5985298088,427903.0,1969652.0,1137703.9333333333,626503.1906557152,427903.0,3140448.0,1134455.2833333334,1078567.289694316,0.0,5012628.0,20.0,21.714285714285715,23.5,529,279841,-0.7784798910457312,-0.5310424443970987,0.5723639126838396,0.510543194043629
2025-05-14,1808457.0,29.0,2025,5,2,14,2,134,20,0,0,0,0.49999999999999994,-0.8660254037844387,0.9749279121818236,-0.22252093395631434,0.7412220108485958,-0.6712599575675313,405003.0,580847.0,833151.0,910133.0,1969652.0,519706.0,638440.0,3140448.0,1008850.0,18.0,22.0,19.0,39.0,606333.6666666666,215208.86391906167,405003.0,833151.0,811494.4285714285,532558.5389888628,405003.0,1940146.0,1024996.1428571428,575753.3268356293,405003.0,1969652.0,1122416.5666666667,638894.5444690046,405003.0,3140448.0,1062398.0833333333,973713.9500174138,0.0,5012628.0,19.571428571428573,21.142857142857142,23.133333333333333,530,280900,0.987024973273137,-0.4241404411090392,0.49908290893996105,0.36083127425922706
2025-05-15,936217.0,18.0,2025,5,2,15,3,135,20,0,0,0,0.49999999999999994,-0.8660254037844387,0.43388373911755823,-0.900968867902419,0.7295575540864875,-0.6839194216246106,1808457.0,405003.0,580847.0,427903.0,656912.0,853446.0,882986.0,1303299.0,2745811.0,29.0,16.0,25.0,37.0,931435.6666666666,764594.7242986531,405003.0,1808457.0,939826.4285714285,654552.3495982721,405003.0,1940146.0,1013482.2142857143,556705.6156350278,405003.0,1940146.0,1078016.8666666667,530986.7697247672,405003.0,2205543.0,1075724.8666666667,978429.1531103739,0.0,5012628.0,20.571428571428573,21.857142857142858,22.8,531,281961,1.1879187572884509,-0.28165601293333303,1.9242457383848235,1.6775776482903513
2025-05-16,701605.0,19.0,2025,5,2,16,4,136,20,0,0,0,0.49999999999999994,-0.8660254037844387,-0.433883739117558,-0.9009688679024191,0.717676913675962,-0.6963762255968722,936217.0,1808457.0,405003.0,1940146.0,755477.0,930491.0,805935.0,638440.0,5012628.0,18.0,20.0,21.0,29.0,1049892.3333333333,708598.8594298845,405003.0,1808457.0,1012442.7142857143,615314.042689507,405003.0,1940146.0,1033432.5714285715,547879.1425793682,405003.0,1940146.0,1065780.8,529844.6441735631,405003.0,2205543.0,1045564.9666666667,953653.0160810606,0.0,5012628.0,20.857142857142858,21.357142857142858,22.166666666666668,532,283024,-0.6383751532101193,0.09893647014598082,0.9247110841826818,0.87843297608664
2025-05-17,2148784.0,21.0,2025,5,2,17,5,137,20,1,0,0,0.49999999999999994,-0.8660254037844387,-0.9749279121818236,-0.2225209339563146,0.705583610107178,-0.7086266782644596,701605.0,936217.0,1808457.0,583278.0,1726464.0,781633.0,1361805.0,882986.0,796239.0,19.0,23.0,22.0,22.0,1148759.6666666667,583233.3378171496,701605.0,1808457.0,835508.2857142857,463413.85049532604,405003.0,1808457.0,1029584.5714285715,550165.9296116979,405003.0,1940146.0,1067886.3,528210.9009919917,405003.0,2205543.0,973714.5833333334,799669.0112204405,0.0,3760907.0,20.714285714285715,21.214285714285715,21.833333333333332,533,284089,2.6839791660237484,1.4335425476734625,0.8397343413538859,0.6570034656311257
2025-05-18,369632.0,13.0,2025,5,2,18,6,138,20,1,0,0,0.49999999999999994,-0.8660254037844387,-0.7818314824680299,0.6234898018587334,0.6932812268869777,-0.7206671495538609,2148784.0,701605.0,936217.0,833151.0,880878.0,596894.0,1524118.0,805935.0,1123207.0,21.0,18.0,18.0,19.0,1262202.0,776711.9348117422,701605.0,2148784.0,1059152.0,658213.7177125677,405003.0,2148784.0,1059750.2857142857,600583.0493946935,405003.0,2148784.0,1110079.5666666667,562382.232460838,405003.0,2205543.0,996257.0,813525.0982265418,0.0,3760907.0,20.428571428571427,21.142857142857142,21.8,534,285156,-0.5563445281827664,-0.5413625168282802,2.02877773917247,1.9357026870176004
2025-05-19,745042.0,25.0,2025,5,2,19,0,139,21,0,0,0,0.49999999999999994,-0.8660254037844387,0.0,1.0,0.6807734094770161,-0.7324940716135789,369632.0,2148784.0,701605.0,580847.0,851812.0,930806.0,1883743.0,1361805.0,920788.0,13.0,20.0,33.0,22.0,1073340.3333333333,946036.9064219076,369632.0,2148784.0,992935.0,706297.8986572637,369632.0,2148784.0,1023232.7142857143,627246.637862098,369632.0,2148784.0,1095536.1333333333,575995.4748444598,369632.0,2205543.0,983697.4166666666,817340.0433500096,0.0,3760907.0,19.714285714285715,20.785714285714285,21.6,535,286225,0.28268201436867196,-0.4529011128612393,0.37226203125078683,0.3373982735515433
2025-05-20,501350.0,21.0,2025,5,2,20,1,140,21,0,0,0,0.49999999999999994,-0.8660254037844387,0.7818314824680298,0.6234898018587336,0.6680638642135335,-0.7441039398713607,745042.0,369632.0,2148784.0,405003.0,1828290.0,963258.0,2205543.0,1524118.0,3191972.0,25.0,18.0,21.0,24.0,1087819.3333333333,937799.384176239,369632.0,2148784.0,1016391.4285714285,692931.3724198225,369632.0,2148784.0,1015606.2857142857,630133.6378207024,369632.0,2148784.0,1074977.3666666667,577169.66864582,369632.0,2205543.0,980768.3166666667,817884.0421408506,0.0,3760907.0,20.428571428571427,20.214285714285715,21.7,536,287296,0.2378920649970494,-0.6710556531712112,0.7330266460896674,0.6930769178054942
2025-05-21,1219866.0,34.0,2025,5,2,21,2,141,21,0,0,0,0.49999999999999994,-0.8660254037844387,0.9749279121818236,-0.22252093395631434,0.6551563572090853,-0.7554933140726803,501350.0,745042.0,369632.0,1808457.0,910133.0,1969652.0,519706.0,1883743.0,622467.0,21.0,29.0,22.0,29.0,538674.6666666666,190467.8846455045,369632.0,745042.0,1030155.2857142857,679591.6761202307,369632.0,2148784.0,920824.8571428572,597438.4203075045,369632.0,2148784.0,1040885.1,579924.8623631542,369632.0,2205543.0,935924.6166666667,766755.0691096791,0.0,3760907.0,20.857142857142858,20.214285714285715,21.6,537,288369,-0.32546585293429703,-0.35242440184250184,0.4866742004360785,0.4816573894659459
2025-05-22,630908.0,24.0,2025,5,2,22,3,142,21,0,0,0,0.49999999999999994,-0.8660254037844387,0.43388373911755823,-0.900968867902419,0.6420547132365637,-0.766658819300159,1219866.0,501350.0,745042.0,936217.0,427903.0,656912.0,853446.0,2205543.0,525362.0,34.0,18.0,16.0,23.0,822086.0,365401.3464890351,501350.0,1219866.0,946070.8571428572,598862.0231000426,369632.0,2148784.0,942948.6428571428,602723.5290148404,369632.0,2148784.0,1018755.8666666667,558940.0735121587,369632.0,2205543.0,945881.2666666667,766494.3946336937,0.0,3760907.0,21.571428571428573,21.071428571428573,21.766666666666666,538,289444,-0.3261092246776121,-0.7139443665346811,1.2894023643049388,1.1974075830270883
2025-05-23,741091.0,18.0,2025,5,2,23,4,143,21,0,0,0,0.49999999999999994,-0.8660254037844387,-0.433883739117558,-0.9009688679024191,0.6287628145958344,-0.7775971469736269,630908.0,1219866.0,501350.0,701605.0,1940146.0,755477.0,930491.0,519706.0,108100.0,24.0,19.0,20.0,18.0,784041.3333333334,382953.87959561555,501350.0,1219866.0,902455.2857142857,610700.2316730943,369632.0,2148784.0,957449.0,591720.9051787406,369632.0,2148784.0,966268.0333333333,515929.6682871257,369632.0,2148784.0,947640.3666666667,765633.5783596428,0.0,3760907.0,22.428571428571427,21.642857142857142,21.8,539,290521,0.05627953050505626,0.42598122784805253,0.6991016729439861,0.6529327042141275
2025-05-24,1074581.0,24.0,2025,5,2,24,5,144,21,1,0,0,0.49999999999999994,-0.8660254037844387,-0.9749279121818236,-0.2225209339563146,0.6152845999633276,-0.7883050558305255,741091.0,630908.0,1219866.0,2148784.0,583278.0,1726464.0,781633.0,853446.0,230508.0,18.0,21.0,23.0,24.0,863955.0,313112.68468875525,630908.0,1219866.0,908096.1428571428,608714.9713865616,369632.0,2148784.0,871802.2142857143,521105.28751893464,369632.0,2148784.0,973647.5333333333,510880.6660060761,369632.0,2148784.0,958190.2166666667,758194.2023024956,0.0,3760907.0,22.285714285714285,21.5,21.8,540,291600,-0.49991204327656946,0.259108367723324,0.8160931040498701,0.7611491578095373
2025-05-25,470568.0,25.0,2025,5,2,25,6,145,21,1,0,0,0.49999999999999994,-0.8660254037844387,-0.7818314824680299,0.6234898018587334,0.6016240632249226,-0.7987793728863649,1074581.0,741091.0,630908.0,369632.0,833151.0,880878.0,596894.0,930491.0,0.0,24.0,13.0,18.0,18.0,815526.6666666666,231012.84398563908,630908.0,1074581.0,754638.5714285715,301874.6327908635,369632.0,1219866.0,906895.2857142857,516704.8741992925,369632.0,2148784.0,981018.7,510681.8202743296,369632.0,2148784.0,972258.1,752271.1323944218,0.0,3760907.0,22.714285714285715,21.571428571428573,21.8,541,292681,0.2730715955328543,-0.494279901686314,1.4239677650795934,1.0953725958536775
2025-05-26,648733.0,24.0,2025,5,2,26,0,146,22,0,0,0,0.49999999999999994,-0.8660254037844387,0.0,1.0,0.5877852522924732,-0.8090169943749473,470568.0,1074581.0,741091.0,745042.0,580847.0,851812.0,930806.0,781633.0,0.0,25.0,25.0,20.0,20.0,762080.0,302553.01954037725,470568.0,1074581.0,769058.0,282187.98509799514,470568.0,1219866.0,880996.5,529611.1688660503,369632.0,2148784.0,965687.9333333333,519085.3235846334,369632.0,2148784.0,980100.9,744374.5652960027,0.0,3760907.0,24.428571428571427,22.071428571428573,22.033333333333335,542,293764,-0.12926653799383123,-0.17002864515699823,0.611875827310814,0.48728785330858093
2025-05-27,966653.0,25.0,2025,5,2,27,1,147,22,0,0,0,0.49999999999999994,-0.8660254037844387,0.7818314824680298,0.6234898018587336,0.5737722679043246,-0.8190148866680801,648733.0,470568.0,1074581.0,501350.0,405003.0,1828290.0,963258.0,596894.0,0.0,24.0,21.0,18.0,17.0,731294.0,310354.9018188691,470568.0,1074581.0,755299.5714285715,285877.77996716014,470568.0,1219866.0,885845.5,526955.7932347495,369632.0,2148784.0,961257.9333333333,521272.7489767628,369632.0,2148784.0,990913.1166666667,734543.6584425521,0.0,3760907.0,24.285714285714285,22.357142857142858,22.166666666666668,543,294849,0.9281001296499451,0.6194717990128901,0.8589082061479106,0.6748792155612205
2025-05-28,2438783.0,16.0,2025,5,2,28,2,148,22,0,0,0,0.49999999999999994,-0.8660254037844387,0.9749279121818236,-0.22252093395631434,0.5595892624101765,-0.8287700871745038,966653.0,648733.0,470568.0,1219866.0,1808457.0,910133.0,1969652.0,930806.0,0.0,25.0,34.0,29.0,31.0,695318.0,251302.01645629486,470568.0,966653.0,821771.4285714285,270680.30431664595,470568.0,1219866.0,925963.3571428572,508592.28434915125,369632.0,2148784.0,973583.2333333333,516711.8761665606,369632.0,2148784.0,1007024.0,722950.8141145408,0.0,3760907.0,24.857142857142858,22.857142857142858,22.433333333333334,544,295936,0.9992220457001015,1.6200765787930032,1.1763039774702733,0.9928817248530404
2025-05-29,293539.0,16.0,2025,5,2,29,3,149,22,0,0,0,0.49999999999999994,-0.8660254037844387,0.43388373911755823,-0.900968867902419,0.545240438540651,-0.8382797052177744,2438783.0,966653.0,648733.0,630908.0,936217.0,427903.0,656912.0,963258.0,0.0,16.0,24.0,18.0,26.0,1351389.6666666667,955032.1867001831,648733.0,2438783.0,995902.4285714285,668780.3402557665,470568.0,2438783.0,970986.6428571428,610429.1269031937,369632.0,2438783.0,1023849.1333333333,581671.9175297557,369632.0,2438783.0,1047670.3833333333,733848.9625109326,0.0,3760907.0,22.285714285714285,21.928571428571427,21.933333333333334,545,297025,-0.5347356508397421,-0.6952644047596802,2.4488172034064726,2.381974961545441
2025-05-30,572439.0,12.0,2025,5,2,30,4,150,22,0,0,0,0.49999999999999994,-0.8660254037844387,-0.433883739117558,-0.9009688679024191,0.5307300481619334,-0.8475409228928311,293539.0,2438783.0,966653.0,741091.0,701605.0,1940146.0,755477.0,1969652.0,0.0,16.0,18.0,19.0,19.0,1232991.6666666667,1097141.8180460234,293539.0,2438783.0,947706.8571428572,710332.8588585373,293539.0,2438783.0,925081.0714285715,636839.0828354496,293539.0,2438783.0,1001525.1666666666,596734.0766960476,293539.0,2438783.0,1052562.7,727698.8168237724,0.0,3760907.0,21.142857142857142,21.785714285714285,21.6,546,298116,-0.22757259229973106,-0.709370487781598,0.3097360726975852,0.29309198587287955
2025-05-31,490864.0,8.0,2025,5,2,31,5,151,22,1,0,1,0.49999999999999994,-0.8660254037844387,-0.9749279121818236,-0.2225209339563146,0.5160623910158528,-0.8565509959010036,572439.0,293539.0,2438783.0,1074581.0,2148784.0,583278.0,1726464.0,656912.0,0.0,12.0,24.0,21.0,25.0,1101587.0,1166411.6594547569,293539.0,2438783.0,923613.7142857143,721284.6314848514,293539.0,2438783.0,915854.9285714285,641246.1065180381,293539.0,2438783.0,954951.4,572605.2708869282,293539.0,2438783.0,1062103.35,717343.9427773446,0.0,3760907.0,20.285714285714285,21.285714285714285,21.366666666666667,547,299209,-0.543204281482736,-0.25277053851961906,0.6197818321079189,0.5994430711343006
2025-06-01,1553093.0,15.0,2025,6,2,1,6,152,22,1,1,0,1.2246467991473532e-16,-1.0,-0.7818314824680299,0.6234898018587334,0.5012418134457758,-0.865307254363206,490864.0,572439.0,293539.0,470568.0,369632.0,833151.0,880878.0,755477.0,0.0,8.0,25.0,13.0,21.0,452280.6666666667,143397.37692277573,293539.0,572439.0,840225.5714285715,734542.4012008782,293539.0,2438783.0,797432.0714285715,541346.112056224,293539.0,2438783.0,949416.4666666667,576375.6455123493,293539.0,2438783.0,1070284.4166666667,707760.7644251462,0.0,3760907.0,18.0,20.357142857142858,20.8,548,300304,2.300464544975434,1.0557780051543595,0.5842050238549885,0.5170165224997502
2025-06-02,921298.0,22.0,2025,6,2,2,0,153,23,0,0,0,1.2246467991473532e-16,-1.0,0.0,1.0,0.48627270710868997,-0.8738071036110808,1553093.0,490864.0,572439.0,648733.0,745042.0,580847.0,851812.0,1726464.0,0.0,15.0,24.0,25.0,22.0,872132.0,591138.3364298069,490864.0,1553093.0,994872.0,757346.2286702164,293539.0,2438783.0,881965.0,561433.0621909322,293539.0,2438783.0,976003.6666666666,585446.0168730995,293539.0,2438783.0,1096169.3,696261.0367246282,0.0,3760907.0,16.571428571428573,20.5,20.6,549,301401,0.4201497380278173,-0.46636709482502964,1.561098312144678,1.5912778333141508
2025-06-03,1058497.0,22.0,2025,6,2,3,1,154,23,0,0,0,1.2246467991473532e-16,-1.0,0.7818314824680298,0.6234898018587336,0.4711595076738638,-0.8820480249558537,921298.0,1553093.0,490864.0,966653.0,501350.0,405003.0,1828290.0,880878.0,762038.0,22.0,25.0,21.0,18.0,988418.3333333334,534285.9407380406,490864.0,1553093.0,1033809.8571428572,743463.4814623665,293539.0,2438783.0,894554.7142857143,560101.106769194,293539.0,2438783.0,949164.8,568053.4329118405,293539.0,2438783.0,1111524.2666666666,681683.270327403,293539.0,3760907.0,16.285714285714285,20.285714285714285,20.6,550,302500,0.09501237776120283,0.20163859240439652,0.8911677458233892,0.9706407148684822
2025-06-04,2488280.0,24.0,2025,6,2,4,2,155,23,0,0,0,1.2246467991473532e-16,-1.0,0.9749279121818236,-0.22252093395631434,0.4559066935084588,-0.8900275764346767,1058497.0,921298.0,1553093.0,2438783.0,1219866.0,1808457.0,910133.0,851812.0,773739.0,22.0,16.0,34.0,33.0,1177629.3333333333,332318.54468315956,921298.0,1553093.0,1046930.4285714285,742890.9807196604,293539.0,2438783.0,934350.9285714285,549710.9052640626,293539.0,2438783.0,955085.4333333333,568242.7602456252,293539.0,2438783.0,1116465.25,680179.9266327647,293539.0,3760907.0,15.857142857142858,20.357142857142858,20.733333333333334,551,303601,0.02029577867321529,1.921161007358431,1.0110480802858643,1.1082746768587508
2025-06-05,582665.0,16.0,2025,6,2,5,3,156,23,0,0,0,1.2246467991473532e-16,-1.0,0.43388373911755823,-0.900968867902419,0.440518784350495,-0.8977433935342337,2488280.0,1058497.0,921298.0,293539.0,630908.0,936217.0,427903.0,1828290.0,1246302.0,24.0,16.0,24.0,21.0,1489358.3333333333,867807.1580151509,921298.0,2488280.0,1054001.4285714286,758420.1857134466,293539.0,2488280.0,1024951.9285714285,687617.0757917436,293539.0,2488280.0,1009634.3666666667,632860.168571472,293539.0,2488280.0,1145040.9333333333,701227.2470492936,293539.0,3760907.0,17.0,19.642857142857142,20.433333333333334,552,304704,0.9849662225462374,-0.681306029131046,2.3607937641721817,2.4645357588362597
2025-06-06,668944.0,22.0,2025,6,2,6,4,157,23,0,0,0,1.2246467991473532e-16,-1.0,-0.433883739117558,-0.9009688679024191,0.42500033996955416,-0.9051931898913974,582665.0,2488280.0,1058497.0,572439.0,741091.0,701605.0,1940146.0,910133.0,867209.0,16.0,12.0,18.0,22.0,1376480.6666666667,991805.0923726563,582665.0,2488280.0,1095305.142857143,716835.6406828155,490864.0,2488280.0,1021506.0,689860.9127138,293539.0,2488280.0,968113.5333333333,617984.3263838673,293539.0,2488280.0,1133980.3166666667,704827.5678125265,293539.0,3760907.0,17.0,19.071428571428573,20.266666666666666,553,305809,0.16858564842716867,-0.26500412577062915,0.5319659126954315,0.6018560633005647
2025-06-07,1587301.0,27.0,2025,6,2,7,5,158,23,1,0,0,1.2246467991473532e-16,-1.0,-0.9749279121818236,-0.2225209339563146,0.4093559588156213,-0.9123747579707273,668944.0,582665.0,2488280.0,490864.0,1074581.0,2148784.0,583278.0,427903.0,3760907.0,22.0,8.0,24.0,16.0,1246629.6666666667,1076165.7303409793,582665.0,2488280.0,1109091.5714285714,705949.051044256,490864.0,2488280.0,1016352.6428571428,692381.6543105365,293539.0,2488280.0,960073.9,620329.0505667072,293539.0,2488280.0,1130675.9,706562.084918463,293539.0,3760907.0,18.428571428571427,19.357142857142858,20.266666666666666,554,306916,2.233687946152091,2.7094878979581822,0.6031458693156987,0.69676303042922
2025-06-08,334625.0,15.0,2025,6,2,8,6,159,23,1,0,0,1.2246467991473532e-16,-1.0,-0.7818314824680299,0.6234898018587334,0.39359027665646673,-0.9192859697186104,1587301.0,668944.0,582665.0,1553093.0,470568.0,369632.0,833151.0,1940146.0,1306720.0,27.0,15.0,25.0,20.0,946303.3333333334,556793.9681465068,582665.0,1587301.0,1265725.4285714286,666448.8161264041,582665.0,2488280.0,1052975.5,709057.5994596696,293539.0,2488280.0,998720.5,622144.1504920727,293539.0,2488280.0,1094449.1333333333,619817.0443012062,293539.0,3140448.0,21.142857142857142,19.571428571428573,20.633333333333333,555,308025,-0.7845428445044823,-0.8275258666100386,1.2540642418723627,1.5893345535612817
2025-06-09,1070034.0,21.0,2025,6,2,9,0,160,24,0,0,0,1.2246467991473532e-16,-1.0,0.0,1.0,0.3777079652039649,-0.9259247771938498,334625.0,1587301.0,668944.0,921298.0,648733.0,745042.0,580847.0,583278.0,2060193.0,15.0,22.0,24.0,23.0,863623.3333333334,648632.6559496779,334625.0,1587301.0,1091658.5714285714,734529.0031471088,334625.0,2488280.0,1043265.2857142857,718514.6934262791,293539.0,2488280.0,945203.1333333333,607245.1808634758,293539.0,2488280.0,1078247.55,626839.5470983395,293539.0,3140448.0,21.142857142857142,18.857142857142858,20.466666666666665,556,309136,0.16144179190663607,0.8345180171376256,0.30652899061846917,0.35402442945773843
2025-06-10,3191186.0,13.0,2025,6,2,10,1,161,24,0,0,0,1.2246467991473532e-16,-1.0,0.7818314824680298,0.6234898018587336,0.36171373072976765,-0.9322892131745133,1070034.0,334625.0,1587301.0,1058497.0,966653.0,501350.0,405003.0,833151.0,902778.0,21.0,22.0,25.0,18.0,997320.0,629495.6589135464,334625.0,1587301.0,1112906.5714285714,730921.985582788,334625.0,2488280.0,1073358.2142857143,709485.5340530194,293539.0,2488280.0,961428.3333333334,603734.0648417162,293539.0,2488280.0,1061744.9,613440.5832124136,293539.0,3140448.0,21.0,18.642857142857142,20.4,557,310249,2.014827628231351,2.8302612611639426,0.9614769356842431,1.1129628313429498
2025-06-11,376434.0,9.0,2025,6,2,11,2,162,24,0,0,0,1.2246467991473532e-16,-1.0,0.9749279121818236,-0.22252093395631434,0.3456123126707335,-0.9383773917408641,3191186.0,1070034.0,334625.0,2488280.0,2438783.0,1219866.0,1808457.0,580847.0,1241946.0,13.0,24.0,16.0,20.0,1531948.3333333333,1483242.6723851808,334625.0,3191186.0,1417576.4285714286,1070202.5215545043,334625.0,3191186.0,1232253.4285714286,905714.6468126929,293539.0,3191186.0,1040029.5,727308.91995245,293539.0,3191186.0,1099885.0333333334,671757.375687208,293539.0,3191186.0,19.714285714285715,17.785714285714285,20.233333333333334,558,311364,-0.8487171861687591,-0.3519222790166774,2.2511562238770697,3.0683610416819906
2025-06-12,589064.0,18.0,2025,6,2,12,3,163,24,0,0,0,1.2246467991473532e-16,-1.0,0.43388373911755823,-0.900968867902419,0.3294084822245304,-0.9441875088341993,376434.0,3191186.0,1070034.0,582665.0,293539.0,630908.0,936217.0,405003.0,863624.0,9.0,16.0,16.0,18.0,1545884.6666666667,1466469.433060687,376434.0,3191186.0,1115884.142857143,1014268.5701804081,334625.0,3191186.0,1084942.7857142857,860994.7113867092,293539.0,3191186.0,1033215.7333333333,732696.6555614702,293539.0,3191186.0,1085459.8333333333,677919.739653473,293539.0,3191186.0,17.571428571428573,17.285714285714285,19.866666666666667,559,312481,0.010982296860116876,0.45446823850687523,0.33734147259783365,0.36433243112312913
2025-06-13,341259.0,13.0,2025,6,2,13,4,164,24,0,0,0,1.2246467991473532e-16,-1.0,-0.433883739117558,-0.9009688679024191,0.3131070409358269,-0.9497178427914316,589064.0,376434.0,3191186.0,668944.0,572439.0,741091.0,701605.0,1808457.0,3140448.0,18.0,22.0,12.0,29.0,1385561.3333333333,1567326.7709323836,376434.0,3191186.0,1116798.2857142857,1013710.6222311365,334625.0,3191186.0,1106051.7142857143,843545.2753992418,334625.0,3191186.0,1039351.1,728010.4566612323,293539.0,3191186.0,1080883.8333333333,680364.7642200259,293539.0,3191186.0,17.857142857142858,17.428571428571427,19.866666666666667,560,313600,-0.4898541581956038,-0.811298250386932,0.5274578297039957,0.5667613186727758
2025-06-14,332989.0,15.0,2025,6,2,14,5,165,24,1,0,0,1.2246467991473532e-16,-1.0,-0.9749279121818236,-0.2225209339563146,0.29671281927349075,-0.9549667548552551,341259.0,589064.0,376434.0,1587301.0,490864.0,1074581.0,2148784.0,936217.0,1303299.0,13.0,27.0,8.0,18.0,435585.6666666667,134074.67791619842,341259.0,589064.0,1069986.142857143,1044924.5139535882,334625.0,3191186.0,1089538.857142857,856950.7721294252,334625.0,3191186.0,990444.5,723831.5329382311,293539.0,3191186.0,1034230.6833333333,630919.77362498,293539.0,3191186.0,16.571428571428573,17.5,19.333333333333332,561,314721,-0.7902168523802354,-0.6443249802129207,0.3189377752956213,0.34455136052550145
2025-06-15,721640.0,21.0,2025,6,2,15,6,166,24,1,0,0,1.2246467991473532e-16,-1.0,-0.7818314824680299,0.6234898018587334,0.28023067519921585,-0.9599326896597447,332989.0,341259.0,589064.0,334625.0,1553093.0,470568.0,369632.0,701605.0,638440.0,15.0,15.0,15.0,19.0,421104.0,145516.38885362368,332989.0,589064.0,890798.7142857143,1048967.4783979582,332989.0,3191186.0,1078262.0714285714,866421.2830024544,332989.0,3191186.0,970336.9,733701.2499128525,293539.0,3191186.0,1018058.85,636318.5473995727,293539.0,3191186.0,14.857142857142858,18.0,19.233333333333334,562,315844,1.156563317146059,0.028555953848675538,0.3738094753167743,0.3431684397449999
2025-06-16,633290.0,21.0,2025,6,2,16,0,167,25,0,0,0,1.2246467991473532e-16,-1.0,0.0,1.0,0.26366549272800704,-0.9646141756912435,721640.0,332989.0,341259.0,1070034.0,921298.0,648733.0,745042.0,2148784.0,882986.0,21.0,21.0,22.0,21.0,465296.0,222038.92221184785,332989.0,721640.0,946086.5714285715,1024685.7131614968,332989.0,3191186.0,1018872.5714285715,859841.274640203,332989.0,3191186.0,971004.7333333333,733457.286289838,293539.0,3191186.0,1019445.5166666667,635567.4713120651,293539.0,3191186.0,15.714285714285714,18.428571428571427,19.3,563,316969,-0.4081589930787246,-0.7052798233791763,0.7627631781205163,0.7431889621410016
2025-06-17,2987728.0,24.0,2025,6,2,17,1,168,25,0,0,0,1.2246467991473532e-16,-1.0,0.7818314824680298,0.6234898018587336,0.24702218048093552,-0.9690098257244062,633290.0,721640.0,332989.0,3191186.0,1058497.0,966653.0,501350.0,369632.0,805935.0,21.0,13.0,22.0,13.0,562639.6666666666,203730.21904060376,332989.0,721640.0,883694.5714285715,1029167.4841786533,332989.0,3191186.0,998300.5714285715,865780.192849537,332989.0,3191186.0,920488.2666666667,701013.0101484405,293539.0,3191186.0,1015283.9166666666,637291.2801997608,293539.0,3191186.0,15.714285714285714,18.357142857142858,19.3,564,318096,-0.0637562335758555,7.08297982858627,0.7166390068190981,0.6879935605190405
2025-06-18,771602.0,22.0,2025,6,2,18,2,169,25,0,0,0,1.2246467991473532e-16,-1.0,0.9749279121818236,-0.22252093395631434,0.23030567023061221,-0.9731183372332619,2987728.0,633290.0,721640.0,376434.0,2488280.0,2438783.0,1219866.0,745042.0,1361805.0,24.0,9.0,24.0,25.0,1447552.6666666667,1334562.2779328555,633290.0,2987728.0,854629.1428571428,953208.6729036875,332989.0,2987728.0,1136102.7857142857,1016510.8130708117,332989.0,3191186.0,1007758.1333333333,787679.1437448843,293539.0,3191186.0,1051647.1333333333,685561.0353063273,293539.0,3191186.0,17.285714285714285,18.5,19.666666666666668,565,319225,1.0497670242326675,0.03564899696929837,3.495935078941509,2.9647272506921634
2025-06-19,1382521.0,13.0,2025,6,2,19,3,170,25,0,0,0,1.2246467991473532e-16,-1.0,0.43388373911755823,-0.900968867902419,0.21352091543979612,-0.9769384927771817,771602.0,2987728.0,633290.0,589064.0,582665.0,293539.0,630908.0,501350.0,1524118.0,22.0,18.0,16.0,21.0,1464206.6666666667,1321219.3202407132,633290.0,2987728.0,911081.7142857143,931625.3992034052,332989.0,2987728.0,1013482.9285714285,941635.3950197111,332989.0,3191186.0,1008643.4666666667,787388.5473266402,293539.0,3191186.0,1041810.4166666666,685269.5098843161,293539.0,3191186.0,19.142857142857142,18.357142857142858,19.566666666666666,566,320356,1.3469792755965395,1.7575964894784084,0.8469075692128603,0.7649898358534618
2025-06-20,330900.0,10.0,2025,6,2,20,4,171,25,0,0,0,1.2246467991473532e-16,-1.0,-0.433883739117558,-0.9009688679024191,0.19667288979357647,-0.980469160361632,1382521.0,771602.0,2987728.0,341259.0,668944.0,572439.0,741091.0,1219866.0,1883743.0,13.0,13.0,22.0,34.0,1713950.3333333333,1144634.292782779,771602.0,2987728.0,1024432.7142857143,934181.9731757679,332989.0,2987728.0,1070615.5,937742.4200843552,332989.0,3191186.0,1038015.8333333334,784241.2691801668,293539.0,3191186.0,1039450.4666666667,683822.6639015919,293539.0,3191186.0,18.428571428571427,18.142857142857142,19.3,567,321489,-0.03035524337819662,-0.7287406977487692,1.34954788217981,1.331888161628877
2025-06-21,486201.0,14.0,2025,6,2,21,5,172,25,1,0,0,1.2246467991473532e-16,-1.0,-0.9749279121818236,-0.2225209339563146,0.1797665857255624,-0.9837092937736097,330900.0,1382521.0,771602.0,332989.0,1587301.0,490864.0,1074581.0,630908.0,2205543.0,10.0,15.0,27.0,24.0,828341.0,528101.474624905,330900.0,1382521.0,1022952.8571428572,935451.9162854617,330900.0,2987728.0,1046469.5,953106.9687378958,330900.0,3191186.0,1008383.6333333333,793868.7023510366,293539.0,3191186.0,1013569.75,680705.2411762355,293539.0,3191186.0,18.0,17.285714285714285,18.5,568,322624,0.46011129496770165,-0.22936307670849,0.3234753172538324,0.3281489197778531
2025-06-22,325950.0,9.0,2025,6,2,22,6,173,25,1,0,0,1.2246467991473532e-16,-1.0,-0.7818314824680299,0.6234898018587334,0.16280701293851715,-0.986657932891657,486201.0,330900.0,1382521.0,721640.0,334625.0,1553093.0,470568.0,741091.0,519706.0,14.0,21.0,15.0,18.0,733207.3333333334,567658.1528000216,330900.0,1382521.0,1044840.2857142857,918252.0297980495,330900.0,2987728.0,967819.5,950472.2787944638,330900.0,3191186.0,1003560.0666666667,796676.000113228,293539.0,3191186.0,984914.05,665700.4278371921,293539.0,3191186.0,17.857142857142858,16.357142857142858,18.166666666666668,569,323761,-0.5483204922121834,-0.5601754710285242,0.4653352351049689,0.48447623231454473
2025-06-23,3879206.0,15.0,2025,6,2,23,0,174,26,0,0,0,1.2246467991473532e-16,-1.0,0.0,1.0,0.1457991969198751,-0.9893142039703663,325950.0,486201.0,330900.0,633290.0,1070034.0,921298.0,648733.0,1074581.0,853446.0,9.0,21.0,21.0,24.0,381017.0,91125.63315006011,325950.0,486201.0,988313.1428571428,952986.3880123417,325950.0,2987728.0,967199.8571428572,950919.5545784514,325950.0,3191186.0,989722.0333333333,804954.6460136755,293539.0,3191186.0,981684.7833333333,668459.5992932462,293539.0,3191186.0,16.142857142857142,15.928571428571429,17.866666666666667,570,324900,5.125481217135909,2.6099707700024473,0.3298043766348202,0.32933489305296865
2025-06-24,666767.0,19.0,2025,6,2,24,1,175,26,0,0,0,1.2246467991473532e-16,-1.0,0.7818314824680298,0.6234898018587336,0.12874817745258132,-0.99167731989929,3879206.0,325950.0,486201.0,2987728.0,3191186.0,1058497.0,966653.0,470568.0,930491.0,15.0,24.0,13.0,25.0,1563785.6666666667,2006813.0420545738,325950.0,3879206.0,1452015.4285714286,1424498.7273598923,325950.0,3879206.0,1167855.0,1229782.7855972126,325950.0,3879206.0,1083209.5333333334,962581.4188894136,293539.0,3879206.0,1032114.1166666667,765684.0618667147,293539.0,3879206.0,15.285714285714286,15.5,17.566666666666666,571,326041,-0.7768314250828723,0.41694080345454854,2.6716010888510824,3.581214788668465
2025-06-25,559328.0,25.0,2025,6,2,25,2,176,26,0,0,0,1.2246467991473532e-16,-1.0,0.9749279121818236,-0.22252093395631434,0.11165900712169512,-0.993746580436178,666767.0,3879206.0,325950.0,771602.0,376434.0,2488280.0,2438783.0,648733.0,781633.0,19.0,22.0,9.0,24.0,1623974.3333333333,1960507.95959219,325950.0,3879206.0,1120449.5714285714,1269109.2883508047,325950.0,3879206.0,987539.3571428572,1087084.4107811197,325950.0,3879206.0,1089749.5,958935.0819785596,293539.0,3879206.0,1027718.7166666667,767033.0795084412,293539.0,3879206.0,14.571428571428571,15.928571428571429,17.366666666666667,572,327184,-0.2751081516118413,-0.1378147866687836,0.5950888081021559,0.6118534580653627
2025-06-26,316659.0,12.0,2025,6,2,26,3,177,26,0,0,0,1.2246467991473532e-16,-1.0,0.43388373911755823,-0.900968867902419,0.09453674981719912,-0.9955213724144752,559328.0,666767.0,3879206.0,1382521.0,589064.0,582665.0,293539.0,966653.0,596894.0,25.0,13.0,18.0,25.0,1701767.0,1886482.5028928837,559328.0,3879206.0,1090124.7142857143,1281311.5627990607,325950.0,3879206.0,1000603.2142857143,1080253.1262444747,325950.0,3879206.0,1086769.3333333333,960490.593477728,293539.0,3879206.0,1024013.6333333333,768776.8513542785,293539.0,3879206.0,15.0,17.071428571428573,17.4,573,328329,-0.7709553778929941,-0.6724170927933809,0.5130862484541415,0.5146703931039645
2025-06-27,571623.0,12.0,2025,6,2,27,4,178,26,0,0,0,1.2246467991473532e-16,-1.0,-0.433883739117558,-0.9009688679024191,0.07738647923346301,-0.9970011699250151,316659.0,559328.0,666767.0,330900.0,341259.0,668944.0,572439.0,2438783.0,930806.0,12.0,10.0,13.0,16.0,514251.3333333333,179353.93032865057,316659.0,666767.0,937858.7142857143,1303905.3522501437,316659.0,3879206.0,981145.7142857143,1090639.313605521,316659.0,3879206.0,1065102.8666666667,970571.8567307509,293539.0,3879206.0,1019343.05,772259.1064117063,293539.0,3879206.0,14.857142857142858,16.642857142857142,16.966666666666665,574,329476,0.727479601087942,-0.765611372557542,0.337640409132597,0.2973036782738293
2025-06-28,594815.0,16.0,2025,6,2,28,5,179,26,1,0,0,1.2246467991473532e-16,-1.0,-0.9749279121818236,-0.2225209339563146,0.06021327736579302,-0.9981855344718586,571623.0,316659.0,559328.0,486201.0,332989.0,1587301.0,490864.0,293539.0,963258.0,12.0,14.0,15.0,16.0,482536.6666666667,143785.7502687053,316659.0,571623.0,972247.7142857143,1288310.6832905528,316659.0,3879206.0,997600.2857142857,1081945.7816100437,316659.0,3879206.0,1002864.2,938792.2884454164,293539.0,3879206.0,1013356.6666666666,774346.3919139291,293539.0,3879206.0,15.142857142857142,16.571428571428573,16.833333333333332,575,330625,0.22339320569065058,1.0263576560525178,0.5879396696961708,0.5699904334006539
2025-06-29,418530.0,16.0,2025,6,2,29,6,180,26,1,0,0,1.2246467991473532e-16,-1.0,-0.7818314824680299,0.6234898018587334,0.04302223300453059,-0.99907411510223,594815.0,571623.0,316659.0,325950.0,721640.0,334625.0,1553093.0,572439.0,1969652.0,16.0,9.0,21.0,12.0,494365.6666666667,154334.73928229662,316659.0,594815.0,987764.0,1282120.3310383935,316659.0,3879206.0,1016302.1428571428,1071789.2286807802,316659.0,3879206.0,1012906.7333333333,932533.3349035903,316659.0,3879206.0,1007215.95,776209.0895554399,293539.0,3879206.0,15.428571428571429,16.642857142857142,16.833333333333332,576,331776,0.2840312931431201,-0.26886532888220405,0.6021833150428645,0.5872357053472709
2025-06-30,834067.0,19.0,2025,6,2,30,0,181,27,0,0,1,1.2246467991473532e-16,-1.0,0.0,1.0,0.02581844022713308,-0.9996666485105112,418530.0,594815.0,571623.0,3879206.0,633290.0,1070034.0,921298.0,490864.0,656912.0,16.0,15.0,21.0,8.0,528322.6666666666,95787.73124118985,418530.0,594815.0,1000989.7142857143,1274611.077878492,316659.0,3879206.0,994651.4285714285,1081219.438612844,316659.0,3879206.0,1007776.4333333333,935458.8856990038,316659.0,3879206.0,981363.9166666666,769412.0673268269,293539.0,3879206.0,16.428571428571427,16.285714285714285,16.966666666666665,577,332929,-0.784990278938525,0.6991814433325728,0.4181161844391722,0.41530044378559755
2025-07-01,199869.0,9.0,2025,7,3,1,1,182,27,0,1,0,-0.4999999999999997,-0.8660254037844388,0.7818314824680298,0.6234898018587336,0.008606996888688698,-0.9999629591162655,834067.0,418530.0,594815.0,666767.0,2987728.0,3191186.0,1058497.0,1553093.0,755477.0,19.0,19.0,24.0,15.0,615804.0,208562.10869427113,418530.0,834067.0,565969.8571428572,166752.64692394427,316659.0,834067.0,1008992.6428571428,1077382.4068727281,316659.0,3879206.0,1019216.5333333333,931007.3651513837,316659.0,3879206.0,984316.5,768485.2490459394,293539.0,3879206.0,17.0,16.142857142857142,17.333333333333332,578,334084,-0.7002416136371477,-0.8713090587620961,1.4736950907784336,0.8183413168075243
2025-07-02,445874.0,16.0,2025,7,3,2,2,183,27,0,0,0,-0.4999999999999997,-0.8660254037844388,0.9749279121818236,-0.22252093395631434,-0.008606996888688009,-0.9999629591162655,199869.0,834067.0,418530.0,559328.0,771602.0,376434.0,2488280.0,921298.0,1726464.0,9.0,25.0,22.0,22.0,484155.3333333333,322151.8106147077,199869.0,834067.0,499270.14285714284,207992.9814235924,199869.0,834067.0,809859.8571428572,931248.970480788,199869.0,3879206.0,974109.0666666667,937011.6198680366,199869.0,3879206.0,975056.3666666667,774612.5380418405,199869.0,3879206.0,15.571428571428571,15.071428571428571,17.133333333333333,579,335241,-0.20283983637507866,-0.5160371562729974,0.40032235626232693,0.20518133629937127
2025-07-03,1770552.0,17.0,2025,7,3,3,3,184,27,0,0,0,-0.4999999999999997,-0.8660254037844388,0.43388373911755823,-0.900968867902419,-0.02581844022713239,-0.9996666485105112,445874.0,199869.0,834067.0,316659.0,1382521.0,589064.0,582665.0,1058497.0,880878.0,16.0,12.0,13.0,22.0,493270.0,319744.5252275653,199869.0,834067.0,483062.4285714286,206950.82096144892,199869.0,834067.0,786593.5714285715,936333.436053532,199869.0,3879206.0,958261.6,941942.9938854245,199869.0,3879206.0,953713.2,771192.5517583236,199869.0,3879206.0,14.285714285714286,14.642857142857142,16.933333333333334,580,336400,4.591352211685125,0.6727038432796691,0.9230152742754042,0.4652946544033487
2025-07-04,1497928.0,22.0,2025,7,3,4,4,185,27,0,0,0,-0.4999999999999997,-0.8660254037844388,-0.433883739117558,-0.9009688679024191,-0.04302223300453034,-0.99907411510223,1770552.0,445874.0,199869.0,571623.0,330900.0,341259.0,668944.0,2488280.0,851812.0,17.0,12.0,10.0,24.0,805431.6666666666,844821.0214988344,199869.0,1770552.0,690761.4285714285,513961.5788282408,199869.0,1770552.0,814310.0714285715,960755.0625561717,199869.0,3879206.0,981996.7666666667,953456.675372941,199869.0,3879206.0,968541.1,778288.7336545781,199869.0,3879206.0,15.0,14.928571428571429,16.766666666666666,581,337561,1.620482380869909,-0.3980066551995756,2.563188861980465,1.8030120465773427
2025-07-05,981771.0,20.0,2025,7,3,5,5,186,27,1,0,0,-0.4999999999999997,-0.8660254037844388,-0.9749279121818236,-0.2225209339563146,-0.060213277365792774,-0.9981855344718586,1497928.0,1770552.0,445874.0,594815.0,486201.0,332989.0,1587301.0,582665.0,1828290.0,22.0,16.0,14.0,16.0,1238118.0,699513.315095574,445874.0,1770552.0,823090.7142857143,591563.6985897945,199869.0,1770552.0,897669.2142857143,966198.7171898278,199869.0,3879206.0,948985.0333333333,915911.3032076217,199869.0,3879206.0,979309.7,781111.0607619229,199869.0,3879206.0,16.428571428571427,15.785714285714286,16.7,582,338724,0.6505484898665972,0.6849664901787477,1.8198820300140497,1.5784527125138013
2025-07-06,755300.0,16.0,2025,7,3,6,6,187,27,1,0,0,-0.4999999999999997,-0.8660254037844388,-0.7818314824680299,0.6234898018587334,-0.07738647923346322,-0.9970011699250151,981771.0,1497928.0,1770552.0,418530.0,325950.0,721640.0,334625.0,668944.0,910133.0,20.0,16.0,9.0,22.0,1416750.3333333333,400607.32227997633,981771.0,1770552.0,878370.1428571428,584717.1084827905,199869.0,1770552.0,933067.0714285715,959015.6972012448,199869.0,3879206.0,962288.5666666667,913301.8343422648,199869.0,3879206.0,965201.05,773120.7958476335,199869.0,3879206.0,17.0,16.214285714285715,16.833333333333332,583,339889,0.8046496069576853,0.12909301824965916,1.1177190026137696,1.0202459366225454
2025-07-07,1977188.0,32.0,2025,7,3,7,0,188,28,0,0,0,-0.4999999999999997,-0.8660254037844388,0.0,1.0,-0.09453674981719933,-0.9955213724144752,755300.0,981771.0,1497928.0,834067.0,3879206.0,633290.0,1070034.0,1587301.0,427903.0,16.0,19.0,15.0,27.0,1078333.0,380614.3080324229,755300.0,1497928.0,926480.1428571428,553602.7276087147,199869.0,1770552.0,963734.9285714285,944868.2100214604,199869.0,3879206.0,965167.1,912481.1123428097,199869.0,3879206.0,962620.5,773565.9946835557,199869.0,3879206.0,17.0,16.714285714285715,16.633333333333333,584,341056,1.370538577836073,0.24562890088269332,0.8152360369761992,0.7825587921511208
2025-07-08,2332883.0,21.0,2025,7,3,8,1,189,28,0,0,0,-0.4999999999999997,-0.8660254037844388,0.7818314824680298,0.6234898018587336,-0.11165900712169444,-0.9937465804361781,1977188.0,755300.0,981771.0,199869.0,666767.0,2987728.0,3191186.0,334625.0,1940146.0,32.0,9.0,19.0,15.0,1238086.3333333333,650019.7948619205,755300.0,1977188.0,1089783.142857143,676711.1155582878,199869.0,1977188.0,827876.5,545949.9504445754,199869.0,1977188.0,978163.3333333334,924346.9322039495,199869.0,3879206.0,988441.9166666666,781234.0977467047,199869.0,3879206.0,18.857142857142858,17.928571428571427,16.8,585,342225,10.672060199430627,5.9716339185655585,1.814294901659334,2.0213270449038845
2025-07-09,801646.0,26.0,2025,7,3,9,2,190,28,0,0,0,-0.4999999999999997,-0.8660254037844388,0.9749279121818236,-0.22252093395631434,-0.12874817745258066,-0.99167731989929,2332883.0,1977188.0,755300.0,445874.0,559328.0,771602.0,376434.0,1070034.0,583278.0,21.0,16.0,25.0,21.0,1688457.0,827475.8142948947,755300.0,2332883.0,1394499.4285714286,689324.9805952334,445874.0,2332883.0,946884.7857142857,674571.3290770717,199869.0,2332883.0,1044771.9333333333,948067.415436046,199869.0,3879206.0,994987.5333333333,790928.2968198728,199869.0,3879206.0,20.571428571428573,18.071428571428573,17.0,586,343396,0.7979204887479422,-0.250821936499214,1.6729178601312749,2.232911246531061
2025-07-10,687822.0,20.0,2025,7,3,10,3,191,28,0,0,0,-0.4999999999999997,-0.8660254037844388,0.43388373911755823,-0.900968867902419,-0.14579919691987442,-0.9893142039703664,801646.0,2332883.0,1977188.0,1770552.0,316659.0,1382521.0,589064.0,3191186.0,833151.0,26.0,17.0,12.0,13.0,1703905.6666666667,801363.907863545,801646.0,2332883.0,1445324.0,617051.6723157524,755300.0,2332883.0,964193.2142857143,666927.7502729899,199869.0,2332883.0,1035825.6666666666,949086.5641084578,199869.0,3879206.0,998627.0,789502.8272244629,199869.0,3879206.0,22.0,18.142857142857142,17.166666666666668,587,344569,-0.6115211527252518,-0.7844619523901145,0.5546479543687091,0.7739198069688046
2025-07-11,792777.0,19.0,2025,7,3,11,4,192,28,0,0,0,-0.4999999999999997,-0.8660254037844388,-0.433883739117558,-0.9009688679024191,-0.16280701293851646,-0.9866579328916572,687822.0,801646.0,2332883.0,1497928.0,571623.0,330900.0,341259.0,376434.0,580847.0,20.0,22.0,12.0,9.0,1274117.0,918682.7841050465,687822.0,2332883.0,1290648.2857142857,656389.1871109989,687822.0,2332883.0,990704.8571428572,646264.0840073307,199869.0,2332883.0,952380.2,858804.8609641686,199869.0,3879206.0,996204.85,790241.6876633636,199869.0,3879206.0,22.428571428571427,18.714285714285715,17.4,588,345744,-0.47075093061882817,1.106018584931223,0.53292752767214,0.7222136705487998
2025-07-12,1308498.0,22.0,2025,7,3,12,5,193,28,1,0,0,-0.4999999999999997,-0.8660254037844388,-0.9749279121818236,-0.2225209339563146,-0.17976658572556214,-0.9837092937736098,792777.0,687822.0,801646.0,981771.0,594815.0,486201.0,332989.0,589064.0,405003.0,19.0,20.0,16.0,18.0,760748.3333333334,63311.54997576691,687822.0,801646.0,1189912.4285714286,673171.2927779121,687822.0,2332883.0,1006501.5714285715,637880.9141758453,199869.0,2332883.0,966258.3,852517.7517339218,199869.0,3879206.0,999737.0166666667,788826.050564035,199869.0,3879206.0,22.0,19.214285714285715,17.733333333333334,589,346921,0.332793492576171,1.221317208316923,0.6662481884921423,0.8204607401561259
2025-07-13,1638784.0,22.0,2025,7,3,13,6,194,28,1,0,0,-0.4999999999999997,-0.8660254037844388,-0.7818314824680299,0.6234898018587334,-0.19667288979357622,-0.9804691603616321,1308498.0,792777.0,687822.0,755300.0,418530.0,325950.0,721640.0,341259.0,1808457.0,22.0,16.0,16.0,13.0,929699.0,332220.4084745552,687822.0,1308498.0,1236587.7142857143,667638.5179508228,687822.0,2332883.0,1057478.9285714286,630929.1759171275,199869.0,2332883.0,990239.4333333333,851659.8119462924,199869.0,3879206.0,1014795.2666666667,785898.6595894322,199869.0,3879206.0,22.285714285714285,19.642857142857142,17.866666666666667,590,348100,1.1697126969416125,3.8021707852393636,1.0581521916185483,1.3213955695496271
2025-07-14,3280650.0,22.0,2025,7,3,14,0,195,29,0,0,0,-0.4999999999999997,-0.8660254037844388,0.0,1.0,-0.2135209154397959,-0.9769384927771817,1638784.0,1308498.0,792777.0,1977188.0,834067.0,3879206.0,633290.0,332989.0,936217.0,22.0,32.0,19.0,15.0,1246686.3333333333,426377.1483256729,792777.0,1638784.0,1362799.7142857143,644601.2785204804,687822.0,2332883.0,1144639.9285714286,620064.0425457956,199869.0,2332883.0,1033490.2666666667,850511.4898741395,199869.0,3879206.0,1011967.3833333333,783295.392712617,199869.0,3879206.0,23.142857142857142,20.071428571428573,18.166666666666668,591,349281,0.659250410178496,8.852127247446612,1.2025127264272562,1.5856791813681972
2025-07-15,4512536.0,20.0,2025,7,3,15,1,196,29,0,0,0,-0.4999999999999997,-0.8660254037844388,0.7818314824680298,0.6234898018587336,-0.23030567023061196,-0.973118337233262,3280650.0,1638784.0,1308498.0,2332883.0,199869.0,666767.0,2987728.0,721640.0,701605.0,22.0,21.0,9.0,21.0,2075977.3333333333,1056266.7209608236,1308498.0,3280650.0,1549008.5714285714,961858.0485241152,687822.0,3280650.0,1319395.857142857,833747.8412587813,199869.0,3280650.0,1131745.6333333333,933054.4088799492,199869.0,3879206.0,1051041.2666666666,836144.5546046906,199869.0,3879206.0,21.714285714285715,20.285714285714285,18.4,592,350464,0.934317323243386,5.2531677844908815,2.117903064264147,2.8987520723517113
2025-07-16,591396.0,19.0,2025,7,3,16,2,197,29,0,0,0,-0.4999999999999997,-0.8660254037844388,0.9749279121818236,-0.22252093395631434,-0.24702218048093527,-0.9690098257244063,4512536.0,3280650.0,1638784.0,801646.0,445874.0,559328.0,771602.0,633290.0,2148784.0,20.0,26.0,16.0,21.0,3143990.0,1441741.865271309,1638784.0,4512536.0,1860387.5714285714,1474243.4761431436,687822.0,4512536.0,1627443.5,1131746.6997362825,445874.0,4512536.0,1258108.8333333333,1114630.7953975121,199869.0,4512536.0,1114556.7833333334,946598.8365892572,199869.0,4512536.0,21.571428571428573,21.071428571428573,18.366666666666667,593,351649,-0.26227287356264484,-0.066152947306921,2.425589199424114,3.586761240714072
2025-07-17,1029662.0,24.0,2025,7,3,17,3,198,29,0,0,0,-0.4999999999999997,-0.8660254037844388,0.43388373911755823,-0.900968867902419,-0.2636654927280072,-0.9646141756912435,591396.0,4512536.0,3280650.0,687822.0,1770552.0,316659.0,1382521.0,2987728.0,369632.0,19.0,20.0,17.0,24.0,2794860.6666666665,2005200.2848058166,591396.0,4512536.0,1830351.857142857,1501302.4260099884,591396.0,4512536.0,1637837.9285714286,1120674.0081007225,591396.0,4512536.0,1256712.3666666667,1115466.5239489991,199869.0,4512536.0,1088600.3166666667,939081.4035608106,199869.0,4512536.0,20.571428571428573,21.285714285714285,18.3,594,352836,0.49698904658472687,-0.655369565100973,0.3231050891620136,0.47058978306120486
2025-07-18,1151790.0,21.0,2025,7,3,18,4,199,29,0,0,0,-0.4999999999999997,-0.8660254037844388,-0.433883739117558,-0.9009688679024191,-0.2802306751992161,-0.9599326896597445,1029662.0,591396.0,4512536.0,792777.0,1497928.0,571623.0,330900.0,771602.0,745042.0,24.0,19.0,22.0,22.0,2044531.3333333333,2148558.714046542,591396.0,4512536.0,1879186.142857143,1463015.727114195,591396.0,4512536.0,1584917.2142857143,1131367.0943717887,591396.0,4512536.0,1191443.5,1066916.8828589704,199869.0,4512536.0,1099600.8166666667,934370.6002047923,199869.0,4512536.0,21.142857142857142,21.785714285714285,18.3,595,354025,0.4528549642585494,0.4927255242987965,0.5479297534806671,0.8642138716607208
2025-07-19,999005.0,23.0,2025,7,3,19,5,200,29,1,0,0,-0.4999999999999997,-0.8660254037844388,-0.9749279121818236,-0.2225209339563146,-0.2967128192734901,-0.9549667548552553,1151790.0,1029662.0,591396.0,1308498.0,981771.0,594815.0,486201.0,1382521.0,501350.0,21.0,22.0,20.0,13.0,924282.6666666666,294684.51219793485,591396.0,1151790.0,1930473.7142857143,1424365.2109378076,591396.0,4512536.0,1560193.0714285714,1137181.5234282927,591396.0,4512536.0,1204116.4333333333,1064012.0045783357,199869.0,4512536.0,1106379.95,933229.4125508715,199869.0,4512536.0,21.428571428571427,21.714285714285715,18.266666666666666,596,355216,-0.23652539018019134,-0.27740338121446256,0.5966359404309053,0.9565437096573136
2025-07-20,0.0,0.0,2025,7,3,20,6,201,29,1,0,0,-0.4999999999999997,-0.8660254037844388,-0.7818314824680299,0.6234898018587334,-0.3131070409358267,-0.9497178427914317,999005.0,1151790.0,1029662.0,1638784.0,755300.0,418530.0,325950.0,330900.0,1219866.0,23.0,22.0,16.0,10.0,1060152.3333333333,80827.34299934801,999005.0,1151790.0,1886260.4285714286,1451435.725920816,591396.0,4512536.0,1561424.0714285714,1136516.3495961279,591396.0,4512536.0,1191332.5666666667,1064098.5260965626,199869.0,4512536.0,1114674.2,929966.7527778577,199869.0,4512536.0,21.571428571428573,21.928571428571427,18.6,597,356409,-1.0,-1.0,0.5296219890254512,0.8385609761304547
2025-07-21,1996362.0,47.0,2025,7,3,21,0,202,30,0,0,0,-0.4999999999999997,-0.8660254037844388,0.0,1.0,-0.3294084822245302,-0.9441875088341994,0.0,999005.0,1151790.0,3280650.0,1977188.0,834067.0,3879206.0,486201.0,630908.0,0.0,22.0,32.0,14.0,716931.6666666666,625563.0064656441,0.0,1151790.0,1652148.4285714286,1620343.0100220402,0.0,4512536.0,1507474.0714285714,1194189.8781179267,0.0,4512536.0,1180302.5666666667,1074984.2625889834,0.0,4512536.0,1094343.1,940898.2685583071,0.0,4512536.0,18.428571428571427,20.785714285714285,18.266666666666666,598,357604,-0.39147364089433495,3.106042562643845,0.0,0.0
2025-07-22,2822938.0,32.0,2025,7,3,22,1,203,30,0,0,0,-0.4999999999999997,-0.8660254037844388,0.7818314824680298,0.6234898018587336,-0.3456123126707333,-0.9383773917408642,1996362.0,0.0,999005.0,4512536.0,2332883.0,199869.0,666767.0,325950.0,741091.0,47.0,20.0,21.0,9.0,998455.6666666666,998181.1133688788,0.0,1996362.0,1468678.7142857143,1471048.7462438392,0.0,4512536.0,1508843.642857143,1194780.8623289396,0.0,4512536.0,1230641.2666666666,1076717.5573674727,0.0,4512536.0,1117100.6666666667,945998.4873710909,0.0,4512536.0,22.0,21.857142857142858,19.366666666666667,599,358801,-0.37442316249665375,7.660647338548857,1.3592911646240629,1.6222127878153931
2025-07-23,984805.0,26.0,2025,7,3,23,2,204,30,0,0,0,-0.4999999999999997,-0.8660254037844388,0.9749279121818236,-0.22252093395631434,-0.3617137307297674,-0.9322892131745134,2822938.0,1996362.0,0.0,591396.0,801646.0,445874.0,559328.0,3879206.0,1074581.0,32.0,19.0,26.0,15.0,1606433.3333333333,1451302.1779689207,0.0,2822938.0,1227307.5714285714,926016.3173392889,0.0,2822938.0,1543847.5714285714,1227510.497651352,0.0,4512536.0,1313874.2,1100617.5572929087,0.0,4512536.0,1151798.1166666667,969851.7980841107,0.0,4512536.0,23.714285714285715,22.642857142857142,20.133333333333333,600,360000,0.6652209348727418,-0.7461323270793043,2.3001064001537395,2.1485603416217476
2025-07-24,795541.0,21.0,2025,7,3,24,3,205,30,0,0,0,-0.4999999999999997,-0.8660254037844388,0.43388373911755823,-0.900968867902419,-0.37770796520396466,-0.9259247771938499,984805.0,2822938.0,1996362.0,1029662.0,687822.0,1770552.0,316659.0,666767.0,470568.0,26.0,24.0,20.0,19.0,1934701.6666666667,920616.493960613,984805.0,2822938.0,1283508.857142857,892314.5184231899,0.0,2822938.0,1556930.357142857,1219944.3706757633,0.0,4512536.0,1217394.1666666667,989209.3430084005,0.0,4512536.0,1150301.85,970042.1797018603,0.0,4512536.0,24.714285714285715,22.642857142857142,20.5,601,361201,-0.2273765565787608,0.1931319336439866,0.7672755778189299,0.808945062301788
2025-07-25,510495.0,14.0,2025,7,3,25,4,206,30,0,0,0,-0.4999999999999997,-0.8660254037844388,-0.433883739117558,-0.9009688679024191,-0.39359027665646645,-0.9192859697186105,795541.0,984805.0,2822938.0,1151790.0,792777.0,1497928.0,571623.0,559328.0,648733.0,21.0,21.0,19.0,25.0,1534428.0,1119887.8204976602,795541.0,2822938.0,1250063.0,907670.5738625659,0.0,2822938.0,1564624.5714285714,1214368.1827224302,0.0,4512536.0,1221686.6333333333,987014.5801950555,0.0,4512536.0,1155718.0666666667,967085.3030866138,0.0,4512536.0,24.285714285714285,22.714285714285715,20.566666666666666,602,362404,-0.5567811840700128,-0.08730655357858001,0.6364007254034396,0.6511825359252655
2025-07-26,1563335.0,10.0,2025,7,3,26,5,207,30,1,0,0,-0.4999999999999997,-0.8660254037844388,-0.9749279121818236,-0.2225209339563146,-0.4093559588156211,-0.9123747579707274,510495.0,795541.0,984805.0,999005.0,1308498.0,981771.0,594815.0,316659.0,966653.0,14.0,23.0,22.0,12.0,763613.6666666666,238761.40807369965,510495.0,984805.0,1158449.4285714286,950591.6703770789,0.0,2822938.0,1544461.5714285714,1230407.0592720842,0.0,4512536.0,1220058.8666666667,988184.1716424142,0.0,4512536.0,1153414.1,968477.2730418245,0.0,4512536.0,23.285714285714285,22.357142857142858,20.2,603,363609,0.5648920676072693,3.936966894987984,0.44067094118172245,0.4184183353338743
2025-07-28,1468765.0,28.0,2025,7,3,28,0,209,31,0,0,0,-0.4999999999999997,-0.8660254037844388,0.0,1.0,-0.4405187843504952,-0.8977433935342336,626044.0,1563335.0,510495.0,1996362.0,3280650.0,1977188.0,834067.0,594815.0,293539.0,26.0,47.0,22.0,16.0,899958.0,577399.0612626608,510495.0,1563335.0,1328502.857142857,846490.8175051138,510495.0,2822938.0,1490325.642857143,1253271.4618198033,0.0,4512536.0,1263428.7666666666,973730.7225649235,0.0,4512536.0,1133146.4833333334,957339.1828259957,0.0,4512536.0,25.142857142857142,21.785714285714285,20.6,605,366025,-0.2642792239082892,1.4692803644830745,0.4712402360551943,0.49551190895526814
2025-07-29,1455768.0,25.0,2025,7,3,29,1,210,31,0,0,0,-0.4999999999999997,-0.8660254037844388,0.7818314824680298,0.6234898018587336,-0.455906693508459,-0.8900275764346766,1468765.0,626044.0,1563335.0,2822938.0,4512536.0,2332883.0,199869.0,418530.0,572439.0,28.0,32.0,20.0,16.0,1219381.3333333333,516016.24448299495,626044.0,1563335.0,1253131.857142857,799286.3843513636,510495.0,2822938.0,1360905.2857142857,1142859.7866383246,0.0,4512536.0,1292560.4333333333,966080.8323001976,0.0,4512536.0,1152733.5833333333,951876.6490103425,0.0,4512536.0,22.428571428571427,22.214285714285715,21.0,606,367236,-0.4843074839050663,2.478288294745896,1.1720753818746472,1.1363221108449526
2025-07-30,1262233.0,27.0,2025,7,3,30,2,211,31,0,0,0,-0.4999999999999997,-0.8660254037844388,0.9749279121818236,-0.22252093395631434,-0.47115950767386394,-0.8820480249558535,1455768.0,1468765.0,626044.0,984805.0,591396.0,801646.0,445874.0,834067.0,490864.0,25.0,26.0,19.0,19.0,1183525.6666666667,482837.01909063914,626044.0,1468765.0,1057821.857142857,436444.0500218504,510495.0,1563335.0,1142564.7142857143,701014.4681039032,0.0,2822938.0,1327135.0333333334,952182.5832603641,0.0,4512536.0,1167455.7333333334,949577.6375390425,0.0,4512536.0,21.428571428571427,22.571428571428573,21.3,607,368449,0.2817085615934119,0.5133472490819083,1.37619391220747,1.0969253040842288
2025-07-31,1038348.0,24.0,2025,7,3,31,3,212,31,0,0,1,-0.4999999999999997,-0.8660254037844388,0.43388373911755823,-0.900968867902419,-0.4862727071086902,-0.8738071036110807,1262233.0,1455768.0,1468765.0,795541.0,1029662.0,687822.0,1770552.0,199869.0,1553093.0,27.0,21.0,24.0,9.0,1395588.6666666667,115672.08339237877,1262233.0,1468765.0,1097454.4285714286,441278.01547847176,510495.0,1563335.0,1190481.642857143,683141.2623805354,0.0,2822938.0,1341407.2333333334,947735.6644731665,0.0,4512536.0,1180311.8833333333,945474.9789573705,0.0,4512536.0,21.571428571428573,23.142857142857142,21.566666666666666,608,369664,0.30520991375680195,4.195142818546148,1.150146162919098,0.9409767359487177
2025-08-01,1133997.0,31.0,2025,8,3,1,4,213,31,0,1,0,-0.8660254037844385,-0.5000000000000004,-0.433883739117558,-0.9009688679024191,-0.5012418134457756,-0.8653072543632061,1038348.0,1262233.0,1455768.0,510495.0,1151790.0,792777.0,1497928.0,445874.0,921298.0,24.0,14.0,21.0,16.0,1252116.3333333333,208893.8110819322,1038348.0,1455768.0,1132141.142857143,422744.48472232284,510495.0,1563335.0,1191102.0714285714,682987.8980506307,0.0,2822938.0,1369356.5333333334,925001.1045911304,0.0,4512536.0,1171732.8,944369.8029365742,0.0,4512536.0,22.0,23.142857142857142,22.066666666666666,609,370881,1.2213674962536363,1.5433126847495031,0.9171541963218114,0.7582743972984294
2025-08-02,1066905.0,22.0,2025,8,3,2,5,214,31,1,0,0,-0.8660254037844385,-0.5000000000000004,-0.9749279121818236,-0.2225209339563146,-0.5160623910158526,-0.8565509959010037,1133997.0,1038348.0,1262233.0,1563335.0,999005.0,1308498.0,981771.0,1770552.0,1058497.0,31.0,10.0,23.0,17.0,1144859.3333333333,112337.06432132891,1038348.0,1262233.0,1221212.857142857,324114.3114846094,626044.0,1563335.0,1189831.142857143,683083.2268290722,0.0,2822938.0,1392293.9666666666,909717.171024941,0.0,4512536.0,1175277.7833333334,943812.8364475765,0.0,4512536.0,24.428571428571427,23.857142857142858,22.566666666666666,610,372100,-0.3175455036828319,-0.39741673783091375,0.928582591779367,0.8144810127382343
2025-08-03,1469179.0,38.0,2025,8,3,3,6,215,31,1,0,0,-0.8660254037844385,-0.5000000000000004,-0.7818314824680299,0.6234898018587334,-0.5307300481619331,-0.8475409228928312,1066905.0,1133997.0,1038348.0,626044.0,0.0,1638784.0,755300.0,1497928.0,2488280.0,22.0,26.0,0.0,22.0,1079750.0,49101.20486303065,1038348.0,1133997.0,1150294.2857142857,289210.92913403333,626044.0,1468765.0,1194681.142857143,681864.070419511,0.0,2822938.0,1368839.0666666667,908698.7565839243,0.0,4512536.0,1175417.9166666667,943795.82748691,0.0,4512536.0,26.142857142857142,23.785714285714285,22.733333333333334,611,373321,1.3467663614698009,-0.019192511255547662,0.9275061288664019,0.7794232543333801
2025-08-04,4597026.0,26.0,2025,8,3,4,0,216,32,0,0,0,-0.8660254037844385,-0.5000000000000004,0.0,1.0,-0.5452404385406507,-0.8382797052177745,1469179.0,1066905.0,1133997.0,1468765.0,1996362.0,3280650.0,1977188.0,981771.0,582665.0,38.0,28.0,47.0,20.0,1223360.3333333333,215512.05715071742,1066905.0,1469179.0,1270742.142857143,194573.4925783633,1038348.0,1469179.0,1299622.5,590834.5036543069,510495.0,2822938.0,1367880.7666666666,908573.0774633115,0.0,4512536.0,1158432.9,928819.7591264308,0.0,4512536.0,27.857142857142858,26.5,23.266666666666666,612,374544,2.1298580780451606,3.6823811255374217,1.1561582404882635,1.0740548707181423
2025-08-05,1126425.0,29.0,2025,8,3,5,1,217,32,0,0,0,-0.8660254037844385,-0.5000000000000004,0.7818314824680298,0.6234898018587336,-0.5595892624101763,-0.828770087174504,4597026.0,1469179.0,1066905.0,1455768.0,2822938.0,4512536.0,2332883.0,755300.0,668944.0,26.0,25.0,32.0,16.0,2377703.3333333335,1932485.6834797843,1066905.0,4597026.0,1717636.5714285714,1281542.1633332835,1038348.0,4597026.0,1485384.2142857143,1054019.06446196,510495.0,4597026.0,1488389.2666666666,1079308.132547627,0.0,4597026.0,1225338.9166666667,1026128.9068952993,0.0,4597026.0,27.571428571428573,25.0,23.466666666666665,613,375769,-0.22623316352605635,0.49136104858996427,2.67636709445271,3.0885912059116793
2025-08-06,909354.0,30.0,2025,8,3,6,2,218,32,0,0,0,-0.8660254037844385,-0.5000000000000004,0.9749279121818236,-0.22252093395631434,-0.5737722679043243,-0.8190148866680802,1126425.0,4597026.0,1469179.0,1262233.0,984805.0,591396.0,801646.0,1977188.0,1587301.0,29.0,27.0,26.0,32.0,2397543.3333333335,1912501.7847976845,1126425.0,4597026.0,1670587.5714285714,1298689.2503012228,1038348.0,4597026.0,1364204.7142857143,983582.5192396243,510495.0,4597026.0,1500760.1,1072722.6468750658,0.0,4597026.0,1232963.6,1023621.1229056946,0.0,4597026.0,28.142857142857142,24.785714285714285,23.9,614,376996,-0.2795672431318148,-0.5400771196264594,0.6742687538593137,0.7505696613336135
2025-08-07,2436624.0,31.0,2025,8,3,7,3,219,32,0,0,0,-0.8660254037844385,-0.5000000000000004,0.43388373911755823,-0.900968867902419,-0.5877852522924734,-0.8090169943749472,909354.0,1126425.0,4597026.0,1038348.0,795541.0,1029662.0,687822.0,2332883.0,334625.0,30.0,24.0,21.0,21.0,2210935.0,2069263.794196138,909354.0,4597026.0,1620176.2857142857,1323788.5419796363,909354.0,4597026.0,1358815.357142857,986024.9581292522,510495.0,4597026.0,1465165.6333333333,1074084.230401865,0.0,4597026.0,1221664.4833333334,1023385.2097965614,0.0,4597026.0,28.571428571428573,25.071428571428573,23.833333333333332,615,378225,1.3466352321187116,0.04446901109056905,0.5612685533161559,0.6206492831333814
2025-08-08,3279273.0,37.0,2025,8,3,8,4,220,32,0,0,0,-0.8660254037844385,-0.5000000000000004,-0.433883739117558,-0.9009688679024191,-0.6016240632249227,-0.7987793728863648,2436624.0,909354.0,1126425.0,1133997.0,510495.0,1151790.0,792777.0,801646.0,1070034.0,31.0,31.0,14.0,26.0,1490801.0,826266.1891043343,909354.0,2436624.0,1819930.0,1326853.955463072,909354.0,4597026.0,1476035.5714285714,1011138.4749943813,510495.0,4597026.0,1468623.6666666667,1077136.8541720915,0.0,4597026.0,1256697.8,1028470.7056937136,0.0,4597026.0,29.571428571428573,25.785714285714285,24.166666666666668,616,379456,1.8917827824941336,3.0906746868318433,1.3388558900617056,1.6591207504713597
2025-08-09,1148827.0,26.0,2025,8,3,9,5,221,32,1,0,0,-0.8660254037844385,-0.5000000000000004,-0.9749279121818236,-0.2225209339563146,-0.6152845999633277,-0.7883050558305253,3279273.0,2436624.0,909354.0,1066905.0,1563335.0,999005.0,1308498.0,687822.0,3191186.0,37.0,22.0,10.0,20.0,2208417.0,1201327.5335132366,909354.0,3279273.0,2126398.0,1388342.415782216,909354.0,4597026.0,1673805.4285714286,1076426.745593869,626044.0,4597026.0,1551211.2333333334,1118426.5562693565,0.0,4597026.0,1293518.45,1060716.0118122376,0.0,4597026.0,30.428571428571427,27.428571428571427,24.533333333333335,617,380689,0.07678471841447926,0.6702388117856073,1.5421727258960929,2.114008027748295
2025-08-10,1283576.0,29.0,2025,8,3,10,6,222,32,1,0,0,-0.8660254037844385,-0.5000000000000004,-0.7818314824680299,0.6234898018587334,-0.6287628145958345,-0.7775971469736268,1148827.0,3279273.0,2436624.0,1469179.0,626044.0,0.0,1638784.0,792777.0,376434.0,26.0,38.0,26.0,19.0,2288241.3333333335,1072945.9919093454,1148827.0,3279273.0,2138101.1428571427,1378231.2867635132,909354.0,4597026.0,1644197.7142857143,1085362.5768743376,626044.0,4597026.0,1566578.0666666667,1109284.4665988279,0.0,4597026.0,1259479.1333333333,1031144.3534857628,0.0,4597026.0,31.0,28.571428571428573,24.733333333333334,618,381924,-0.1263311005670514,0.6190883438848503,0.5373118123237255,0.7333353022390074
2025-08-11,1176085.0,23.0,2025,8,3,11,0,223,33,0,0,0,-0.8660254037844385,-0.5000000000000004,0.0,1.0,-0.6420547132365636,-0.7666588193001592,1283576.0,1148827.0,3279273.0,4597026.0,1468765.0,1996362.0,3280650.0,1308498.0,589064.0,29.0,26.0,28.0,22.0,1903892.0,1193018.8576133226,1148827.0,3279273.0,2111586.4285714286,1394929.15321518,909354.0,4597026.0,1691164.2857142857,1051617.2166235177,909354.0,4597026.0,1582938.0333333334,1101067.5294986106,0.0,4597026.0,1274598.1666666667,1024607.0667032177,0.0,4597026.0,29.714285714285715,28.785714285714285,25.066666666666666,619,383161,-0.744163944254394,-0.10119465218899838,0.6078728214162608,0.8108820263147382
2025-08-12,1263011.0,33.0,2025,8,3,12,1,224,33,0,0,0,-0.8660254037844385,-0.5000000000000004,0.7818314824680298,0.6234898018587336,-0.655156357209085,-0.7554933140726804,1176085.0,1283576.0,1148827.0,1126425.0,1455768.0,2822938.0,4512536.0,1638784.0,341259.0,23.0,29.0,25.0,22.0,1202829.3333333333,71244.42275948971,1148827.0,1283576.0,1622880.5714285714,885144.3583707794,909354.0,3279273.0,1670258.5714285714,1059259.921531411,909354.0,4597026.0,1578524.2666666666,1102470.0957664603,0.0,4597026.0,1284381.85,1020745.5180947235,0.0,4597026.0,29.285714285714285,28.428571428571427,25.1,620,384400,0.12125618660807422,-0.22929989553229713,0.7246898020134217,0.745053481175498
2025-08-13,2645938.0,24.0,2025,8,3,13,2,225,33,0,0,0,-0.8660254037844385,-0.5000000000000004,0.9749279121818236,-0.22252093395631434,-0.6680638642135333,-0.7441039398713608,1263011.0,1176085.0,1283576.0,909354.0,1262233.0,984805.0,591396.0,3280650.0,332989.0,33.0,30.0,27.0,22.0,1240890.6666666667,57057.52036614237,1176085.0,1283576.0,1642392.857142857,873809.292686802,909354.0,3279273.0,1656490.2142857143,1063506.5726063738,909354.0,4597026.0,1565998.5,1103895.6033658565,0.0,4597026.0,1299744.3833333333,1013219.2269275996,0.0,4597026.0,29.857142857142858,29.0,25.466666666666665,621,385641,1.9096897357904623,-0.1934714157255422,0.7690066323091309,0.8065212067572223
2025-08-14,1041460.0,32.0,2025,8,3,14,3,226,33,0,0,0,-0.8660254037844385,-0.5000000000000004,0.43388373911755823,-0.900968867902419,-0.6807734094770159,-0.7324940716135792,2645938.0,1263011.0,1176085.0,2436624.0,1038348.0,795541.0,1029662.0,4512536.0,721640.0,24.0,31.0,24.0,20.0,1695011.3333333333,824672.7692862976,1176085.0,2645938.0,1890476.2857142857,877514.9813406252,1148827.0,3279273.0,1755326.2857142857,1088061.4092229467,909354.0,4597026.0,1544841.4333333333,1075619.957623372,0.0,4597026.0,1338293.5333333334,1019792.5841914176,0.0,4597026.0,29.0,28.785714285714285,25.533333333333335,622,386884,-0.572580751071975,-0.769207381392636,1.3996144886844086,1.7127570137025714
2025-08-15,943203.0,24.0,2025,8,3,15,4,227,33,0,0,0,-0.8660254037844385,-0.5000000000000004,-0.433883739117558,-0.9009688679024191,-0.6932812268869771,-0.7206671495538615,1041460.0,2645938.0,1263011.0,3279273.0,1133997.0,510495.0,1151790.0,591396.0,633290.0,32.0,37.0,31.0,19.0,1650136.3333333333,869475.0892937251,1041460.0,2645938.0,1691167.142857143,891130.1477587188,1041460.0,3279273.0,1755548.5714285714,1087903.9731754996,909354.0,4597026.0,1429138.9,920950.7838829271,0.0,4597026.0,1343623.8666666667,1017347.6797716495,0.0,4597026.0,29.142857142857142,29.357142857142858,25.933333333333334,623,388129,-0.7123743585849669,0.5948755148834284,0.6158232226771536,0.7287325255788644
2025-08-16,2542433.0,24.0,2025,8,3,16,5,228,33,1,0,0,-0.8660254037844385,-0.5000000000000004,-0.9749279121818236,-0.2225209339563146,-0.7055836101071774,-0.70862667826446,943203.0,1041460.0,2645938.0,1148827.0,1066905.0,1563335.0,999005.0,1029662.0,2987728.0,24.0,26.0,22.0,24.0,1543533.6666666667,955973.37574136,943203.0,2645938.0,1357442.857142857,580580.8147661062,943203.0,2645938.0,1741920.4285714286,1097442.2892361162,909354.0,4597026.0,1440865.8,912113.0255621278,0.0,4597026.0,1348789.0833333333,1014462.7340784742,0.0,4597026.0,27.285714285714285,28.857142857142858,26.1,624,389376,1.213068634354868,1.4691918318826955,0.6948380884225592,0.6546084999727247
2025-08-17,1402582.0,21.0,2025,8,3,17,6,229,33,1,0,0,-0.8660254037844385,-0.5000000000000004,-0.7818314824680299,0.6234898018587334,-0.7176769136759615,-0.6963762255968726,2542433.0,943203.0,1041460.0,1283576.0,1469179.0,626044.0,0.0,1151790.0,771602.0,24.0,29.0,38.0,21.0,1509032.0,896298.9621844925,943203.0,2542433.0,1556529.4285714286,719453.1855515586,943203.0,2645938.0,1847315.2857142857,1098481.3293495746,909354.0,4597026.0,1491291.5,930232.3433342648,0.0,4597026.0,1341367.5,1003842.6502777673,0.0,4597026.0,27.0,29.0,26.1,625,390625,0.09271441659862759,0.21774108127349603,1.63339860675389,1.7048531423936903
2025-08-18,2154100.0,21.0,2025,8,3,18,0,230,34,0,0,0,-0.8660254037844385,-0.5000000000000004,0.0,1.0,-0.7295575540864876,-0.6839194216246105,1402582.0,2542433.0,943203.0,1176085.0,4597026.0,1468765.0,1996362.0,999005.0,1382521.0,21.0,23.0,26.0,23.0,1629406.0,823389.9400994634,943203.0,2542433.0,1573530.2857142857,713308.0622227009,943203.0,2645938.0,1842558.357142857,1100387.3391381248,909354.0,4597026.0,1499651.2333333334,928200.8128003825,0.0,4597026.0,1351883.8333333333,1001073.8540839418,0.0,4597026.0,25.857142857142858,27.785714285714285,26.1,626,391876,0.8315853020827576,1.1562454642369158,0.8913600282966999,0.9352721278282993
2025-08-20,1144791.0,30.0,2025,8,3,20,2,232,34,0,0,0,-0.8660254037844385,-0.5000000000000004,0.9749279121818236,-0.22252093395631434,-0.7526668275320083,-0.6584015846980489,2252757.0,2154100.0,1402582.0,2645938.0,909354.0,1262233.0,984805.0,1996362.0,486201.0,26.0,24.0,30.0,47.0,1936479.6666666667,464992.8384032707,1402582.0,2252757.0,1854639.0,712240.680957872,943203.0,2645938.0,1748515.9285714286,773734.5148759903,909354.0,3279273.0,1613246.3,892379.6461664843,510495.0,4597026.0,1396774.4333333333,1003533.1607348023,0.0,4597026.0,24.571428571428573,27.214285714285715,26.9,628,394384,-0.5673402022269607,-0.42656141521427476,1.214660642852868,1.3964123147221847
2025-08-21,1021932.0,29.0,2025,8,3,21,3,233,34,0,0,0,-0.8660254037844385,-0.5000000000000004,0.43388373911755823,-0.900968867902419,-0.7638886127905429,-0.64534811322955,1144791.0,2252757.0,2154100.0,1041460.0,2436624.0,1038348.0,795541.0,2822938.0,325950.0,30.0,32.0,31.0,32.0,1850549.3333333333,613191.9925393111,1144791.0,2252757.0,1640189.4285714286,658221.1470533938,943203.0,2542433.0,1765332.857142857,756458.2460101496,943203.0,3279273.0,1584860.6,893316.2131466849,510495.0,4597026.0,1407750.9333333333,996985.0494179818,0.0,4597026.0,25.428571428571427,27.214285714285715,26.333333333333332,629,395641,-0.018750600119063623,-0.6379899239728255,0.6979626743461512,0.7223291436483436
2025-08-22,1232440.0,30.0,2025,8,3,22,4,234,34,0,0,0,-0.8660254037844385,-0.5000000000000004,-0.433883739117558,-0.9009688679024191,-0.7748840413670406,-0.6321034111873488,1021932.0,1144791.0,2252757.0,943203.0,3279273.0,1133997.0,510495.0,984805.0,3879206.0,29.0,24.0,37.0,26.0,1473160.0,677939.6693489758,1021932.0,2252757.0,1637399.7142857143,661216.2168276762,943203.0,2542433.0,1664283.4285714286,754373.7714236634,943203.0,3279273.0,1524827.0666666667,867384.7742222304,510495.0,4597026.0,1419350.6333333333,988195.2557401044,0.0,4597026.0,25.0,27.071428571428573,26.233333333333334,630,396900,0.3066540288781948,0.25145587197465485,0.6241188337117789,0.6701953436818147
2025-08-23,1041255.0,24.0,2025,8,3,23,5,235,34,1,0,0,-0.8660254037844385,-0.5000000000000004,-0.9749279121818236,-0.2225209339563146,-0.7856498550787144,-0.6186714032625032,1232440.0,1021932.0,1144791.0,2542433.0,1148827.0,1066905.0,1563335.0,795541.0,666767.0,30.0,24.0,26.0,21.0,1133054.3333333333,105743.63585735646,1021932.0,1232440.0,1678719.2857142857,618246.6411235657,1021932.0,2542433.0,1518081.0714285714,599812.9742392792,943203.0,2645938.0,1533081.5666666667,863236.8179323167,510495.0,4597026.0,1375237.8666666667,934122.9271038495,0.0,4597026.0,25.857142857142858,26.571428571428573,26.366666666666667,631,398161,-0.5904493845068877,0.30886403089218534,0.7341549063550572,0.8038972138186081
2025-08-24,1325015.0,27.0,2025,8,3,24,6,236,34,1,0,0,-0.8660254037844385,-0.5000000000000004,-0.7818314824680299,0.6234898018587334,-0.7961828637826154,-0.6050560696488494,1041255.0,1232440.0,1021932.0,1402582.0,1283576.0,1469179.0,626044.0,510495.0,559328.0,24.0,21.0,29.0,14.0,1098542.3333333333,116360.57509454538,1021932.0,1232440.0,1464265.2857142857,521504.1009853816,1021932.0,2252757.0,1510397.357142857,605568.4445511505,943203.0,2645938.0,1541272.0333333334,857141.8239196542,510495.0,4597026.0,1381479.3333333333,930553.2267899779,0.0,4597026.0,25.857142857142858,26.428571428571427,26.466666666666665,632,399424,-0.05530300545707845,1.5955494177220149,0.7111108964739703,0.6755815829267084
2025-08-25,1203985.0,36.0,2025,8,3,25,0,237,35,0,0,0,-0.8660254037844385,-0.5000000000000004,0.0,1.0,-0.8064799463209447,-0.5912614448635782,1325015.0,1041255.0,1232440.0,2154100.0,1176085.0,4597026.0,1468765.0,1563335.0,316659.0,27.0,21.0,23.0,10.0,1199570.0,144707.50524765337,1041255.0,1325015.0,1453184.2857142857,523851.9922133583,1021932.0,2252757.0,1513357.2857142857,604474.7794747069,943203.0,2645938.0,1568422.7,836004.911181383,626044.0,4597026.0,1394240.7833333334,924316.6352989872,0.0,4597026.0,26.714285714285715,26.285714285714285,26.9,633,400689,-0.4410728378441112,-0.22986116219492303,0.9118010792063538,0.8448073341453168
2025-08-26,981164.0,25.0,2025,8,3,26,1,238,35,0,0,0,-0.8660254037844385,-0.5000000000000004,0.7818314824680298,0.6234898018587336,-0.8165380514459157,-0.5772916165517278,1203985.0,1325015.0,1041255.0,2252757.0,1263011.0,1126425.0,1455768.0,626044.0,571623.0,36.0,26.0,33.0,26.0,1190085.0,142389.75349371057,1041255.0,1325015.0,1317453.5714285714,425907.4853258847,1021932.0,2252757.0,1515350.142857143,603322.2052178318,943203.0,2645938.0,1556444.3666666667,838650.5308194588,626044.0,4597026.0,1409029.55,913822.3467270356,0.0,4597026.0,28.857142857142858,27.214285714285715,27.766666666666666,634,401956,-0.5644607918208666,0.5672444748292452,0.9138728119993386,0.7735483681813148
2025-08-27,1652779.0,36.0,2025,8,3,27,2,239,35,0,0,0,-0.8660254037844385,-0.5000000000000004,0.9749279121818236,-0.22252093395631434,-0.8263541987239094,-0.5631507242749187,981164.0,1203985.0,1325015.0,1144791.0,2645938.0,909354.0,1262233.0,1468765.0,594815.0,25.0,30.0,24.0,28.0,1170054.6666666667,174418.5431378587,981164.0,1325015.0,1135797.4285714286,126285.79296560628,981164.0,1325015.0,1495218.2142857143,616938.8170354585,943203.0,2645938.0,1568281.7,827497.3831948283,909354.0,4597026.0,1415855.2333333334,908978.0945226587,0.0,4597026.0,28.714285714285715,26.642857142857142,27.733333333333334,635,403225,0.4437386387558952,0.12528484815474225,0.8638547467342642,0.6256299490072479
2025-08-28,539396.0,19.0,2025,8,3,28,3,240,35,0,0,0,-0.8660254037844385,-0.5000000000000004,0.43388373911755823,-0.900968867902419,-0.8359254794186365,-0.5488429582847199,1652779.0,981164.0,1203985.0,1021932.0,1041460.0,2436624.0,1038348.0,1455768.0,418530.0,36.0,29.0,32.0,25.0,1279309.3333333333,342084.7752390226,981164.0,1652779.0,1208367.142857143,233099.80905142144,981164.0,1652779.0,1424278.2857142857,524638.3588857953,943203.0,2542433.0,1574415.5,827416.2770791389,909354.0,4597026.0,1433487.9666666666,903023.1749224266,0.0,4597026.0,29.571428571428573,27.5,28.0,636,404496,-0.4721801450585753,-0.6294766748547845,1.3677788325922702,1.04977307451559
2025-08-29,1077212.0,30.0,2025,8,3,29,4,241,35,0,0,0,-0.8660254037844385,-0.5000000000000004,-0.433883739117558,-0.9009688679024191,-0.8452490573530634,-0.5343725582809785,539396.0,1652779.0,981164.0,1232440.0,943203.0,3279273.0,1133997.0,1262233.0,834067.0,19.0,30.0,24.0,27.0,1057779.6666666667,560631.6941239885,539396.0,1652779.0,1139433.4285714286,342907.7754065739,539396.0,1652779.0,1388416.5714285714,568171.983913831,539396.0,2542433.0,1543869.7666666666,848591.3287379396,539396.0,4597026.0,1435502.4,900852.8699697393,0.0,4597026.0,28.142857142857142,26.571428571428573,27.8,637,405769,-0.12595177047158482,-0.14658228710547103,0.4733896570651529,0.34937921037510655
2025-08-30,1263309.0,22.0,2025,8,3,30,5,242,35,1,0,0,-0.8660254037844385,-0.5000000000000004,-0.9749279121818236,-0.2225209339563146,-0.8543221697498269,-0.5197438121555157,1077212.0,539396.0,1652779.0,1041255.0,2542433.0,1148827.0,1066905.0,1038348.0,199869.0,30.0,24.0,24.0,24.0,1089795.6666666667,556798.1570302952,539396.0,1652779.0,1117258.0,340904.0654455927,539396.0,1652779.0,1397988.642857143,561180.2576392905,539396.0,2542433.0,1537702.4,851376.5560098229,539396.0,4597026.0,1439554.8166666667,898645.6839547434,0.0,4597026.0,28.142857142857142,27.0,27.9,638,407044,0.21325611881815693,0.21665279848374533,0.9641568912462475,0.7005334712360468
2025-08-31,956379.0,25.0,2025,8,3,31,6,243,35,1,0,1,-0.8660254037844385,-0.5000000000000004,-0.7818314824680299,0.6234898018587334,-0.8631421280499115,-0.5049610547215202,1263309.0,1077212.0,539396.0,1325015.0,1402582.0,1283576.0,1469179.0,1133997.0,445874.0,22.0,27.0,21.0,31.0,959972.3333333334,375927.3366919913,539396.0,1263309.0,1148980.0,342978.11704441573,539396.0,1652779.0,1306622.642857143,454509.0281368977,539396.0,2252757.0,1545201.1,847809.9406744245,539396.0,4597026.0,1457278.8166666667,884151.1595724659,0.0,4597026.0,27.857142857142858,26.857142857142858,27.833333333333332,639,408321,-0.27821269947887384,-0.15663004399482539,1.0995047781510556,0.8175693118520301
2025-09-01,801260.0,23.0,2025,9,3,1,0,244,36,0,1,0,-1.0,-1.8369701987210297e-16,0.0,1.0,-0.8717063187093217,-0.4900286664290594,956379.0,1263309.0,1077212.0,1203985.0,2154100.0,1176085.0,4597026.0,1066905.0,1770552.0,25.0,36.0,21.0,22.0,1098966.6666666667,154617.1250745961,956379.0,1263309.0,1096317.7142857143,339729.6823082106,539396.0,1652779.0,1274751.0,462830.8484029479,539396.0,2252757.0,1539280.5,851393.183170882,539396.0,4597026.0,1465787.2333333334,876677.9595350383,0.0,4597026.0,27.571428571428573,27.142857142857142,27.633333333333333,640,409600,-0.3344933699340108,-0.248986554566714,0.8723556935528595,0.6213156081688815
2025-09-02,1372441.0,32.0,2025,9,3,2,1,245,36,0,0,0,-1.0,-1.8369701987210297e-16,0.7818314824680298,0.6234898018587336,-0.8800122039735356,-0.4749510720670502,801260.0,956379.0,1263309.0,981164.0,2252757.0,1263011.0,1126425.0,1469179.0,1497928.0,23.0,25.0,26.0,38.0,1006982.6666666666,235144.35547198157,801260.0,1263309.0,1038785.5714285715,352324.3582178482,539396.0,1652779.0,1178119.5714285714,402394.116649675,539396.0,2252757.0,1530425.6666666667,857832.5457796433,539396.0,4597026.0,1449632.3666666667,879891.6202246862,0.0,4597026.0,25.714285714285715,27.285714285714285,27.666666666666668,641,410881,0.39878858172537923,-0.06584493788707843,0.771343020194323,0.5235536866976225
2025-09-03,1747214.0,38.0,2025,9,3,3,2,246,36,0,0,0,-1.0,-1.8369701987210297e-16,0.9749279121818236,-0.22252093395631434,-0.888057322629493,-0.4597327394521046,1372441.0,801260.0,956379.0,1652779.0,1144791.0,2645938.0,909354.0,4597026.0,981771.0,32.0,36.0,30.0,26.0,1043360.0,295357.7567307149,801260.0,1372441.0,1094682.2857142857,372140.05455102207,539396.0,1652779.0,1115239.857142857,267830.9631436375,539396.0,1652779.0,1527201.0666666667,858252.4281178211,539396.0,4597026.0,1447540.9166666667,879924.0156549963,0.0,4597026.0,26.714285714285715,27.714285714285715,27.466666666666665,642,412164,0.05713710060449703,-0.6199251429076102,1.2537345473755204,0.8986642492304877
2025-09-04,1635748.0,36.0,2025,9,3,4,3,247,36,0,0,0,-1.0,-1.8369701987210297e-16,0.43388373911755823,-0.900968867902419,-0.8958392907349089,-0.4443781781046134,1747214.0,1372441.0,801260.0,539396.0,1021932.0,1041460.0,2436624.0,1126425.0,755300.0,38.0,19.0,29.0,29.0,1306971.6666666667,476363.2203837031,801260.0,1747214.0,1108173.0,396648.6735252406,539396.0,1747214.0,1158270.0714285714,316851.1151283519,539396.0,1747214.0,1432207.3333333333,635587.8617218033,539396.0,3279273.0,1460298.3,878604.5119632672,0.0,4597026.0,27.0,28.285714285714285,27.866666666666667,643,413449,2.03255493181262,0.4521588210488936,1.5766617667097105,1.219944877627122
2025-09-05,2089629.0,35.0,2025,9,3,5,4,248,36,0,0,0,-1.0,-1.8369701987210297e-16,-0.433883739117558,-0.9009688679024191,-0.9033558023246842,-0.4288919379124841,1635748.0,1747214.0,1372441.0,1077212.0,1232440.0,943203.0,3279273.0,909354.0,1977188.0,36.0,30.0,30.0,30.0,1585134.3333333333,192444.8176032066,1372441.0,1747214.0,1264794.7142857143,348113.151252919,801260.0,1747214.0,1202114.0714285714,338277.8936026321,539396.0,1747214.0,1449184.7666666666,633938.5627636231,539396.0,3279273.0,1474972.4333333333,873970.5576332104,0.0,4597026.0,29.428571428571427,28.785714285714285,28.1,644,414736,0.9398493518453193,1.2979268799609394,1.2932912997851824,1.1287366784585071
2025-09-06,1209730.0,31.0,2025,9,3,6,5,249,36,1,0,0,-1.0,-1.8369701987210297e-16,-0.9749279121818236,-0.2225209339563146,-0.9106046300942162,-0.41327860778290443,2089629.0,1635748.0,1747214.0,1263309.0,1041255.0,2542433.0,1148827.0,2436624.0,2332883.0,35.0,22.0,24.0,31.0,1824197.0,236530.71102289707,1635748.0,2089629.0,1409425.7142857143,452001.85057058965,801260.0,2089629.0,1263341.857142857,413418.6214208601,539396.0,2089629.0,1488527.2666666666,635902.3328171886,539396.0,3279273.0,1476846.45,875185.3954120352,0.0,4597026.0,30.142857142857142,29.142857142857142,28.266666666666666,645,416025,-0.042411634841515417,-0.5035220862964496,1.4826102424695773,1.4038231255779483
2025-09-07,1434273.0,33.0,2025,9,3,7,6,250,36,1,0,0,-1.0,-1.8369701987210297e-16,-0.7818314824680299,0.6234898018587334,-0.9175836260593934,-0.3975428142825566,1209730.0,2089629.0,1635748.0,956379.0,1325015.0,1402582.0,1283576.0,3279273.0,801646.0,31.0,25.0,27.0,37.0,1645035.6666666667,440023.019982286,1209730.0,2089629.0,1401771.5714285714,455329.9573396769,801260.0,2089629.0,1275375.7857142857,408883.9103614826,539396.0,2089629.0,1447630.8,611821.6553346601,539396.0,3279273.0,1458127.2333333334,868551.7576058903,0.0,4597026.0,31.428571428571427,29.642857142857142,28.266666666666666,646,417316,0.49969102207388494,-0.5626247037071936,0.863000808874403,0.8356619657443044
2025-09-08,2676883.0,37.0,2025,9,3,8,0,251,37,0,0,0,-1.0,-1.8369701987210297e-16,0.0,1.0,-0.9242907221930934,-0.3816892202666586,1434273.0,1209730.0,2089629.0,801260.0,1203985.0,2154100.0,1176085.0,1148827.0,687822.0,33.0,23.0,36.0,26.0,1577877.3333333333,457189.47490546136,1209730.0,2089629.0,1470042.142857143,411097.70209745655,801260.0,2089629.0,1283179.9285714286,410941.7220571672,539396.0,2089629.0,1386130.8,504710.3704159536,539396.0,2645938.0,1468671.0166666666,864276.6968610603,0.0,4597026.0,32.57142857142857,30.071428571428573,28.133333333333333,647,418609,2.3408419239697476,1.330101050898003,0.9756679473231816,1.0347313543570347
2025-09-09,2381340.0,61.0,2025,9,3,9,1,252,37,0,0,0,-1.0,-1.8369701987210297e-16,0.7818314824680298,0.6234898018587336,-0.9307239310379793,-0.3657225234972692,2676883.0,1434273.0,1209730.0,1372441.0,981164.0,2252757.0,1263011.0,1283576.0,792777.0,37.0,32.0,25.0,29.0,1773628.6666666667,790257.0358600616,1209730.0,2676883.0,1737988.2857142857,503427.796143503,1209730.0,2676883.0,1388386.9285714286,553070.277963564,539396.0,2676883.0,1437066.0,554577.8292600246,539396.0,2676883.0,1501822.0333333334,871931.325345101,0.0,4597026.0,34.57142857142857,30.142857142857142,28.5,648,419904,0.7351128390947225,0.8552388015980354,1.540219241984041,1.8627418643263427
2025-09-10,2702569.0,44.0,2025,9,3,10,2,253,37,0,0,0,-1.0,-1.8369701987210297e-16,0.9749279121818236,-0.22252093395631434,-0.9368813462954315,-0.34964745525122826,2381340.0,2676883.0,1434273.0,1747214.0,1652779.0,1144791.0,2645938.0,1176085.0,1308498.0,61.0,38.0,36.0,23.0,2164165.3333333335,649148.3111788317,1434273.0,2676883.0,1882116.7142857143,525278.1577893479,1209730.0,2676883.0,1488399.5,598499.2517866659,539396.0,2676883.0,1473658.1333333333,579746.2338078005,539396.0,2676883.0,1528298.0833333333,874151.7733862426,0.0,4597026.0,38.714285714285715,32.714285714285715,29.566666666666666,649,421201,0.5467876287621322,1.2979367987858021,1.265245657681621,1.6159378801198216
2025-09-11,979661.0,36.0,2025,9,3,11,3,254,37,0,0,0,-1.0,-1.8369701987210297e-16,0.43388373911755823,-0.900968867902419,-0.9427611433904206,-0.33346877891818705,2702569.0,2381340.0,2676883.0,1635748.0,539396.0,1021932.0,1041460.0,1263011.0,1638784.0,44.0,36.0,19.0,33.0,2586930.6666666665,178509.3395717096,2381340.0,2702569.0,2018596.0,602779.6586249404,1209730.0,2702569.0,1563384.5,680784.9574978522,539396.0,2702569.0,1524540.9333333333,618425.8531997671,539396.0,2702569.0,1551532.6,886648.1119892909,0.0,4597026.0,39.57142857142857,33.285714285714285,30.266666666666666,650,422500,-0.4010929556386436,-0.224344839435286,1.3388360028455422,1.7727100275956293
2025-09-12,933494.0,26.0,2025,9,3,12,4,255,37,0,0,0,-1.0,-1.8369701987210297e-16,-0.433883739117558,-0.9009688679024191,-0.9483615800121716,-0.31719128858910595,979661.0,2702569.0,2381340.0,2089629.0,1077212.0,1232440.0,943203.0,2645938.0,3280650.0,36.0,35.0,30.0,24.0,2021190.0,916179.0278056994,979661.0,2702569.0,1924869.2857142857,713136.3083166998,979661.0,2702569.0,1594832.0,638713.9423122106,801260.0,2702569.0,1515095.9333333333,624689.8688822604,539396.0,2702569.0,1540547.2166666666,889626.956635901,0.0,4597026.0,39.57142857142857,34.5,30.366666666666667,651,423801,-0.5532728536979531,-0.6471973266191422,0.5089493646507351,0.6465999798736617
2025-09-13,879085.0,27.0,2025,9,3,13,5,256,37,1,0,0,-1.0,-1.8369701987210297e-16,-0.9749279121818236,-0.2225209339563146,-0.9536809966304455,-0.300819807635668,933494.0,979661.0,2702569.0,1209730.0,1263309.0,1041255.0,2542433.0,1041460.0,4512536.0,26.0,31.0,22.0,32.0,1538574.6666666667,1008312.9246401296,933494.0,2702569.0,1759707.142857143,797507.5574436955,933494.0,2702569.0,1584566.4285714286,648749.3079765989,801260.0,2702569.0,1458014.4666666666,595343.8227192619,539396.0,2702569.0,1501427.95,863020.5929378268,0.0,4597026.0,38.285714285714285,34.214285714285715,30.433333333333334,652,425104,-0.2733213196333066,-0.15591093272905343,0.5304825884177156,0.6402501630413635
2025-09-14,665849.0,30.0,2025,9,3,14,6,257,37,1,0,0,-1.0,-1.8369701987210297e-16,-0.7818314824680299,0.6234898018587334,-0.9587178169872964,-0.2843591872810036,879085.0,933494.0,979661.0,1434273.0,956379.0,1325015.0,1402582.0,943203.0,591396.0,27.0,33.0,25.0,24.0,930746.6666666666,50344.25314108769,879085.0,979661.0,1712472.142857143,843950.2660434495,879085.0,2702569.0,1557121.857142857,671126.291418778,801260.0,2702569.0,1452601.9666666666,599981.511187465,539396.0,2702569.0,1440870.4333333333,770691.6811408252,0.0,4597026.0,37.714285714285715,34.57142857142857,30.266666666666666,653,426409,-0.5357585341144956,-0.2940554684410461,0.5133426570859755,0.6051795468907875
2025-09-15,2112983.0,50.0,2025,9,3,15,0,258,38,0,0,0,-1.0,-1.8369701987210297e-16,0.0,1.0,-0.9634705485641486,-0.26781430516217486,665849.0,879085.0,933494.0,2676883.0,801260.0,1203985.0,2154100.0,2542433.0,1029662.0,30.0,37.0,23.0,24.0,826142.6666666666,141458.93220413587,665849.0,933494.0,1602697.2857142857,931592.1778136456,665849.0,2702569.0,1536369.7142857143,695191.323573974,665849.0,2702569.0,1443356.8333333333,610152.195480604,539396.0,2702569.0,1442111.3166666667,769359.5553286332,0.0,4597026.0,37.285714285714285,34.92857142857143,30.466666666666665,654,427716,-0.21065545262904656,-0.16891300577045687,0.41545524905737036,0.46131974063701736
2025-09-16,1625278.0,27.0,2025,9,3,16,1,259,38,0,0,0,-1.0,-1.8369701987210297e-16,0.7818314824680298,0.6234898018587336,-0.9679377830240642,-0.25119006388481957,2112983.0,665849.0,879085.0,2381340.0,1372441.0,981164.0,2252757.0,1402582.0,1151790.0,50.0,61.0,32.0,21.0,1219305.6666666667,781256.5391786061,665849.0,2112983.0,1522140.142857143,843432.8962789368,665849.0,2702569.0,1630064.2142857143,676642.0512322047,665849.0,2702569.0,1429041.8333333333,588117.0583118529,539396.0,2702569.0,1460166.6666666667,772222.5027780969,0.0,4597026.0,39.142857142857146,36.857142857142854,31.333333333333332,655,429025,-0.3174943519195075,0.15877574359288799,1.388165872843884,1.4786012212611925
2025-09-17,1978677.0,36.0,2025,9,3,17,2,260,38,0,0,0,-1.0,-1.8369701987210297e-16,0.9749279121818236,-0.22252093395631434,-0.9721181966290612,-0.23449138957041052,1625278.0,2112983.0,665849.0,2702569.0,1747214.0,1652779.0,1144791.0,2154100.0,999005.0,27.0,44.0,38.0,21.0,1468036.6666666667,736269.537038123,665849.0,2112983.0,1414131.2857142857,759278.8172190575,665849.0,2702569.0,1648124.0,672599.1523538239,665849.0,2702569.0,1436465.0333333334,589176.0449816112,539396.0,2702569.0,1468058.1333333333,771436.6643938648,0.0,4597026.0,34.285714285714285,36.5,31.533333333333335,656,430336,-0.267853290702291,-0.08143679494916671,1.1493119602251518,1.1314427864829566
2025-09-18,1574524.0,43.0,2025,9,3,18,3,261,38,0,0,0,-1.0,-1.8369701987210297e-16,0.43388373911755823,-0.900968867902419,-0.9760105506323682,-0.21772323039653224,1978677.0,1625278.0,2112983.0,979661.0,1635748.0,539396.0,1021932.0,2252757.0,0.0,36.0,36.0,36.0,26.0,1905646.0,251920.99352177262,1625278.0,2112983.0,1310718.142857143,583496.0877876352,665849.0,2112983.0,1664657.0714285714,678044.9678818677,665849.0,2702569.0,1430617.6,582642.376992045,539396.0,2702569.0,1484386.0,771708.2299085852,0.0,4597026.0,33.142857142857146,36.357142857142854,32.03333333333333,657,431649,0.6072131073912302,-0.30106798025708054,1.5096128872427295,1.3830928684227006
2025-09-19,1921894.0,36.0,2025,9,3,19,4,262,38,0,0,0,-1.0,-1.8369701987210297e-16,-0.433883739117558,-0.9009688679024191,-0.9796136916454901,-0.20089055513063528,1574524.0,1978677.0,1625278.0,933494.0,2089629.0,1077212.0,1232440.0,1144791.0,1996362.0,43.0,26.0,35.0,30.0,1726159.6666666667,220153.91173978942,1574524.0,1978677.0,1395698.5714285714,570416.3819126211,665849.0,2112983.0,1660283.9285714286,678443.0827532765,665849.0,2702569.0,1408009.8333333333,562450.1378684904,539396.0,2702569.0,1510628.0666666667,746743.0551296972,510495.0,4597026.0,34.142857142857146,36.857142857142854,32.6,658,432964,1.0588177320904044,0.6788164826592802,1.1281261099152602,1.1182620765314257
2025-09-20,912630.0,28.0,2025,9,3,20,5,263,38,1,0,0,-1.0,-1.8369701987210297e-16,-0.9749279121818236,-0.2225209339563146,-0.9829265519799822,-0.18399835165767986,1921894.0,1574524.0,1978677.0,879085.0,1209730.0,1263309.0,1041255.0,1021932.0,2822938.0,36.0,27.0,31.0,29.0,1825031.6666666667,218795.89933618644,1574524.0,1978677.0,1536898.5714285714,559156.4443763646,665849.0,2112983.0,1648302.857142857,671725.5740634762,665849.0,2702569.0,1433913.2666666666,567779.0280720841,539396.0,2702569.0,1509386.9333333333,745983.5507557768,510495.0,4597026.0,35.57142857142857,36.92857142857143,32.8,659,434281,0.038158994863977884,-0.10695623583565247,1.2505015202230094,1.3403139817987133
2025-09-21,1275601.0,30.0,2025,9,3,21,6,264,38,1,0,0,-1.0,-1.8369701987210297e-16,-0.7818314824680299,0.6234898018587334,-0.9859481499638303,-0.1670516255021195,912630.0,1921894.0,1574524.0,665849.0,1434273.0,956379.0,1325015.0,1232440.0,984805.0,28.0,30.0,33.0,30.0,1469682.6666666667,512735.0527371149,912630.0,1921894.0,1541690.7142857143,552685.4708016464,665849.0,2112983.0,1627081.4285714286,691061.709609402,665849.0,2702569.0,1430269.8666666667,570856.1980270643,539396.0,2702569.0,1477548.4666666666,729556.1359780807,510495.0,4597026.0,35.714285714285715,36.714285714285715,32.766666666666666,660,435600,0.9157511688085437,0.03502077180227841,0.5919669824455248,0.638082379605005
2025-09-22,1083398.0,28.0,2025,9,3,22,0,265,39,0,0,0,-1.0,-1.8369701987210297e-16,0.0,1.0,-0.9886775902323404,-0.15005539834465262,1275601.0,912630.0,1921894.0,2112983.0,2676883.0,801260.0,1203985.0,1041255.0,795541.0,30.0,50.0,37.0,24.0,1370041.6666666667,511216.9158628579,912630.0,1921894.0,1628798.142857143,424923.22376927774,912630.0,2112983.0,1615747.7142857143,695752.3201417923,665849.0,2702569.0,1431708.5666666667,570394.626624816,539396.0,2702569.0,1482395.0666666667,727189.3239659072,510495.0,4597026.0,35.714285714285715,36.5,32.766666666666666,661,436921,-0.48726610673157333,0.040473275038295134,0.7831547485450928,0.8909641457059103
2025-09-23,1514452.0,32.0,2025,9,3,23,1,266,39,0,0,0,-1.0,-1.8369701987210297e-16,0.7818314824680298,0.6234898018587336,-0.9911140639934546,-0.13301470653419636,1083398.0,1275601.0,912630.0,1625278.0,2381340.0,1372441.0,981164.0,1325015.0,510495.0,28.0,27.0,61.0,27.0,1090543.0,181590.95511340877,912630.0,1275601.0,1481714.5714285714,407216.1133116155,912630.0,1978677.0,1501927.357142857,636634.4123402317,665849.0,2702569.0,1433113.3333333333,569450.9737741873,539396.0,2702569.0,1487192.6833333333,723521.3276614804,510495.0,4597026.0,32.57142857142857,35.857142857142854,32.9,662,438244,-0.06818894982889082,0.14296970222978608,0.7311786094912053,0.7559751031553681
2025-09-24,853152.0,25.0,2025,9,3,24,2,267,39,0,0,0,-1.0,-1.8369701987210297e-16,0.9749279121818236,-0.22252093395631434,-0.9932568492674143,-0.11593459959550066,1514452.0,1083398.0,1275601.0,1978677.0,2702569.0,1747214.0,1652779.0,1203985.0,1563335.0,32.0,36.0,44.0,36.0,1291150.3333333333,215947.27146767246,1083398.0,1514452.0,1465882.2857142857,402835.04273946193,912630.0,1978677.0,1440006.7857142857,584548.2111210362,665849.0,2702569.0,1439427.9,569261.2408866597,539396.0,2702569.0,1503925.3,712069.1913315022,539396.0,4597026.0,33.285714285714285,33.785714285714285,33.06666666666667,663,439569,-0.5688270495891952,-0.29139316519724084,1.0331334342184562,1.0521207765946459
2025-09-25,2671399.0,41.0,2025,9,3,25,3,268,39,0,0,0,-1.0,-1.8369701987210297e-16,0.43388373911755823,-0.900968867902419,-0.9951053111006974,-0.09882013873287211,853152.0,1514452.0,1083398.0,1574524.0,979661.0,1635748.0,539396.0,981164.0,626044.0,25.0,43.0,36.0,25.0,1150334.0,335692.9304766482,853152.0,1514452.0,1305093.0,388407.87264206243,853152.0,1921894.0,1307905.5714285714,476209.46488312405,665849.0,2112983.0,1427733.4666666666,577804.2780880741,539396.0,2702569.0,1492088.9166666667,716950.6972941139,539396.0,4597026.0,31.714285714285715,32.42857142857143,32.7,664,440896,0.69663911124886,1.7226834657610757,0.6537097356280357,0.5975569109491118
2025-09-26,3682465.0,38.0,2025,9,3,26,4,269,39,0,0,0,-1.0,-1.8369701987210297e-16,-0.433883739117558,-0.9009688679024191,-0.99665890175417,-0.08167639533042288,2671399.0,853152.0,1514452.0,1921894.0,933494.0,2089629.0,1077212.0,1652779.0,1468765.0,41.0,36.0,26.0,36.0,1679667.6666666667,920313.91418164,853152.0,2671399.0,1461789.4285714286,649036.0390568604,853152.0,2671399.0,1428744.0,588023.0095828988,665849.0,2671399.0,1484074.6333333333,614029.2475324023,539396.0,2702569.0,1526178.1666666667,723668.7801178035,539396.0,4597026.0,31.428571428571427,32.785714285714285,33.233333333333334,665,442225,0.9160604070776016,1.2280444027906938,1.8274855104203986,1.8000435692373873
2025-09-27,1421565.0,33.0,2025,9,3,27,5,270,39,1,0,0,-1.0,-1.8369701987210297e-16,-0.9749279121818236,-0.2225209339563146,-0.9979171608653922,-0.06450844944931625,3682465.0,2671399.0,853152.0,912630.0,879085.0,1209730.0,1263309.0,539396.0,1455768.0,38.0,28.0,27.0,19.0,2402338.6666666665,1433718.2813308646,853152.0,3682465.0,1713299.5714285714,1064924.801190027,853152.0,3682465.0,1625099.0714285714,822249.9696502088,665849.0,3682465.0,1551730.8333333333,733462.8257721002,539396.0,3682465.0,1563073.1666666667,775282.2981768269,539396.0,4597026.0,31.714285714285715,33.642857142857146,33.3,666,443556,0.5576575391998948,1.6354756060482465,2.149340991738831,2.373133871477925
2025-09-28,612004.0,23.0,2025,9,3,28,6,271,39,1,0,0,-1.0,-1.8369701987210297e-16,-0.7818314824680299,0.6234898018587334,-0.9988797155850335,-0.04732138832243232,1421565.0,3682465.0,2671399.0,1275601.0,665849.0,1434273.0,956379.0,1077212.0,1262233.0,33.0,30.0,30.0,30.0,2591809.6666666665,1132549.3582998174,1421565.0,3682465.0,1786004.5714285714,1017466.147800318,853152.0,3682465.0,1663847.642857143,796777.3534249503,665849.0,3682465.0,1581136.4666666666,708744.5037951104,665849.0,3682465.0,1562503.1166666667,775375.1037033302,539396.0,4597026.0,32.42857142857143,34.07142857142857,33.766666666666666,667,444889,-0.5202230164447974,-0.4318629944709119,0.7959470108539156,0.8990779922981137
2025-09-29,536842.0,21.0,2025,9,3,29,0,272,40,0,0,0,-1.0,-1.8369701987210297e-16,0.0,1.0,-0.9995462806873573,-0.03012030484690836,612004.0,1421565.0,3682465.0,1083398.0,2112983.0,2676883.0,801260.0,1263309.0,1038348.0,23.0,28.0,50.0,22.0,1905344.6666666667,1591371.9749135745,612004.0,3682465.0,1691205.0,1100475.7301809671,612004.0,3682465.0,1660001.5714285714,802077.620848578,612004.0,3682465.0,1565629.5333333334,725051.9196280559,612004.0,3682465.0,1551665.9666666666,784137.5088435615,539396.0,4597026.0,31.428571428571427,33.57142857142857,33.53333333333333,668,446224,-0.5044831170077848,-0.5750509178672835,0.3618745214211169,0.39089962661665
2025-09-30,1770562.0,36.0,2025,9,3,30,1,273,40,0,0,1,-1.0,-1.8369701987210297e-16,0.7818314824680298,0.6234898018587336,-0.9999166586547379,-0.012910296075008843,536842.0,612004.0,1421565.0,1514452.0,1625278.0,2381340.0,1372441.0,956379.0,1133997.0,21.0,32.0,27.0,25.0,856803.6666666666,490539.3503913161,536842.0,1421565.0,1613125.5714285714,1168098.9400632773,536842.0,3682465.0,1547420.0714285714,843168.0897538488,536842.0,3682465.0,1541413.9666666666,747287.5680691641,536842.0,3682465.0,1543307.5333333334,792331.967725423,536842.0,4597026.0,30.428571428571427,31.5,33.5,669,447561,0.1691106750164416,0.8513183580986199,0.3327961626227132,0.34827892546019273
2025-10-01,1745747.0,36.0,2025,10,4,1,2,274,40,0,1,0,-0.8660254037844386,0.5000000000000001,0.9749279121818236,-0.22252093395631434,-0.9999907397361901,0.004303538296243821,1770562.0,536842.0,612004.0,853152.0,1978677.0,2702569.0,1747214.0,801260.0,1066905.0,36.0,25.0,36.0,23.0,973136.0,691612.9702861281,536842.0,1770562.0,1649712.7142857143,1168504.0454107283,536842.0,3682465.0,1557797.5,845091.9088587838,536842.0,3682465.0,1568553.4,740057.5237669791,536842.0,3682465.0,1553916.95,791019.1106811037,536842.0,4597026.0,31.0,32.142857142857146,33.86666666666667,670,448900,1.046232089944113,1.178752215260964,1.0732547459129032,1.1287865621916346
2025-10-02,3125054.0,35.0,2025,10,4,2,3,275,40,0,0,0,-0.8660254037844386,0.5000000000000001,0.43388373911755823,-0.900968867902419,-0.9997685019798909,0.021516097436222233,1745747.0,1770562.0,536842.0,2671399.0,1574524.0,979661.0,1635748.0,1372441.0,1469179.0,36.0,41.0,43.0,32.0,1351050.3333333333,705234.2544207085,536842.0,1770562.0,1777226.2857142857,1114548.1790877883,536842.0,3682465.0,1541159.642857143,838435.0969059191,536842.0,3682465.0,1600036.3,726251.4107402613,536842.0,3682465.0,1565230.9833333334,788786.8873098404,536842.0,4597026.0,32.57142857142857,32.142857142857146,34.3,671,450241,0.16981925949661583,1.2770042573779128,0.9822874070863554,1.091067121414683
2025-10-03,3655232.0,43.0,2025,10,4,3,4,276,40,0,0,0,-0.8660254037844386,0.5000000000000001,-0.433883739117558,-0.9009688679024191,-0.9992500112396835,0.03872228089217399,3125054.0,1745747.0,1770562.0,3682465.0,1921894.0,933494.0,2089629.0,1747214.0,4597026.0,35.0,38.0,36.0,38.0,2213787.6666666665,789277.3237312278,1745747.0,3125054.0,1842034.142857143,1186100.0630243958,536842.0,3682465.0,1651911.7857142857,939498.1469914353,536842.0,3682465.0,1658456.7333333334,776092.8488327336,536842.0,3682465.0,1592828.9,813936.0698407991,536842.0,4597026.0,31.714285714285715,31.571428571428573,34.4,672,451584,-0.007395318081774029,1.0920345189541751,1.6965233853661312,1.8843144576457849
2025-10-04,1942146.0,39.0,2025,10,4,4,5,277,40,1,0,0,-0.8660254037844386,0.5000000000000001,-0.9749279121818236,-0.2225209339563146,-0.9984354211555643,0.05591699010060302,3655232.0,3125054.0,1745747.0,1421565.0,912630.0,879085.0,1209730.0,1635748.0,1126425.0,43.0,33.0,28.0,36.0,2842011.0,985706.977855485,1745747.0,3655232.0,1838143.7142857143,1179081.2057290927,536842.0,3655232.0,1775721.642857143,1081321.6678384223,536842.0,3682465.0,1722057.3333333333,857525.8257666151,536842.0,3682465.0,1577132.3333333333,762473.083941931,536842.0,3682465.0,32.42857142857143,32.07142857142857,34.56666666666667,673,452929,0.3662027413449262,0.18731369379635493,1.988545276189348,2.1225959956424214
2025-10-05,2224758.0,39.0,2025,10,4,5,6,278,40,1,0,0,-0.8660254037844386,0.5000000000000001,-0.7818314824680299,0.6234898018587334,-0.9973249731081555,0.07309512989807776,1942146.0,3655232.0,3125054.0,612004.0,1275601.0,665849.0,1434273.0,2089629.0,909354.0,39.0,23.0,30.0,35.0,2907477.3333333335,877023.7255954519,1942146.0,3655232.0,1912512.4285714286,1164757.3888159222,536842.0,3655232.0,1849258.5,1052739.9289122997,536842.0,3682465.0,1732270.6,858286.7077747,536842.0,3682465.0,1590727.6833333333,761572.3574741449,536842.0,3682465.0,33.285714285714285,32.857142857142854,34.666666666666664,674,454276,2.6352017307076423,0.06466650300125046,1.0154945771780979,1.1211562442957814
2025-10-06,1348222.0,49.0,2025,10,4,6,0,279,41,0,0,0,-0.8660254037844386,0.5000000000000001,0.0,1.0,-0.9959189961471792,0.0902516100310407,2224758.0,1942146.0,3655232.0,536842.0,1083398.0,2112983.0,2676883.0,1209730.0,2436624.0,39.0,21.0,28.0,31.0,2607378.6666666665,918403.4199464456,1942146.0,3655232.0,2142905.8571428573,1014442.8560706656,536842.0,3655232.0,1917055.4285714286,1043476.6102904964,536842.0,3682465.0,1736774.9,860578.3192051479,536842.0,3682465.0,1612651.0833333333,760557.7915450649,536842.0,3682465.0,35.57142857142857,33.5,34.8,675,455625,1.5113944139989046,0.11448174386020021,1.038196798326118,1.2809708385352645
2025-10-07,1336077.0,34.0,2025,10,4,7,1,280,41,0,0,0,-0.8660254037844386,0.5000000000000001,0.7818314824680298,0.6234898018587336,-0.994217906893952,0.10738134666416306,1348222.0,2224758.0,1942146.0,1770562.0,1514452.0,1625278.0,2381340.0,1434273.0,3279273.0,49.0,36.0,32.0,33.0,1838375.3333333333,447386.97261915245,1348222.0,2224758.0,2258817.285714286,829919.5698043504,1348222.0,3655232.0,1935971.4285714286,1029508.5467335851,536842.0,3682465.0,1741391.3,858021.2592034345,536842.0,3682465.0,1594511.05,753519.3003800227,536842.0,3682465.0,39.57142857142857,35.0,35.4,676,456976,-0.2453938354036741,-0.06846395351512578,0.5968707644158405,0.7742211644218046
2025-10-08,6313116.0,38.0,2025,10,4,8,2,281,41,0,0,0,-0.8660254037844386,0.5000000000000001,0.9749279121818236,-0.22252093395631434,-0.9922222094179324,0.12447926388678869,1336077.0,1348222.0,2224758.0,1745747.0,853152.0,1978677.0,2702569.0,2676883.0,1148827.0,34.0,36.0,25.0,37.0,1636352.3333333333,509610.43619644514,1336077.0,2224758.0,2196748.0,886818.9585360698,1336077.0,3655232.0,1923230.357142857,1036208.4743287485,536842.0,3682465.0,1738118.1,859419.422564438,536842.0,3682465.0,1562124.45,720935.3698803291,536842.0,3682465.0,39.285714285714285,35.142857142857146,35.43333333333333,677,458329,2.6162834591724917,1.3583832390134347,0.6082067674580789,0.7686917246877528
2025-10-09,1785350.0,34.0,2025,10,4,9,3,282,41,0,0,0,-0.8660254037844386,0.5000000000000001,0.43388373911755823,-0.900968867902419,-0.989932495087353,0.141540295217043,6313116.0,1336077.0,1348222.0,3125054.0,2671399.0,1574524.0,979661.0,2381340.0,1283576.0,38.0,35.0,41.0,61.0,2999138.3333333335,2869995.2711860565,1336077.0,6313116.0,2849229.285714286,1754976.1633369569,1336077.0,6313116.0,2313227.785714286,1517972.3412997702,536842.0,6313116.0,1859325.8666666667,1189436.800064339,536842.0,6313116.0,1648195.9333333333,944401.2411829656,536842.0,6313116.0,39.57142857142857,36.07142857142857,35.46666666666667,678,459684,-0.4286978721007701,-0.25027505522101,2.2157276115520963,3.395378999012115
2025-10-10,2533067.0,37.0,2025,10,4,10,4,283,41,0,0,0,-0.8660254037844386,0.5000000000000001,-0.433883739117558,-0.9009688679024191,-0.9873494423939864,0.15855938510313475,1785350.0,6313116.0,1336077.0,3655232.0,3682465.0,1921894.0,933494.0,2702569.0,1176085.0,34.0,43.0,38.0,44.0,3144847.6666666665,2752981.06261818,1336077.0,6313116.0,2657843.0,1792531.1197823968,1336077.0,6313116.0,2249938.5714285714,1520359.5568974784,536842.0,6313116.0,1839459.5333333334,1185387.6228608256,536842.0,6313116.0,1656558.8333333333,943338.7857108804,536842.0,6313116.0,39.42857142857143,35.57142857142857,34.56666666666667,679,461041,-0.3070024009419922,-0.06271884270114843,0.6717289170203056,0.97058400451176
2025-10-11,1071016.0,30.0,2025,10,4,11,5,284,41,1,0,0,-0.8660254037844386,0.5000000000000001,-0.9749279121818236,-0.2225209339563146,-0.9844738167520923,0.17553149042142777,2533067.0,1785350.0,6313116.0,1942146.0,1421565.0,912630.0,879085.0,979661.0,1263011.0,37.0,39.0,33.0,36.0,3543844.3333333335,2427224.6189576937,1785350.0,6313116.0,2497533.714285714,1737809.8119750922,1336077.0,6313116.0,2167838.714285714,1467155.1670901934,536842.0,6313116.0,1833809.4666666666,1181529.4930473855,536842.0,6313116.0,1679175.2,947880.0366795823,536842.0,6313116.0,38.57142857142857,35.5,34.333333333333336,680,462400,-0.44853991409502686,0.09325164521196617,1.0142273497695098,1.381314169243755
2025-10-12,697307.0,35.0,2025,10,4,12,6,285,41,1,0,0,-0.8660254037844386,0.5000000000000001,-0.7818314824680299,0.6234898018587334,-0.9813064702716093,0.19245158197082995,1071016.0,2533067.0,1785350.0,2224758.0,612004.0,1275601.0,665849.0,933494.0,2645938.0,30.0,39.0,23.0,26.0,1796477.6666666667,731089.0167239093,1071016.0,2533067.0,2373086.5714285714,1813743.1503208918,1071016.0,6313116.0,2142799.5,1483768.4308897017,536842.0,6313116.0,1836854.6333333333,1179367.9257414502,536842.0,6313116.0,1675975.2833333334,949631.2207983962,536842.0,6313116.0,37.285714285714285,35.285714285714285,34.13333333333333,681,463761,-0.6865695055372315,-0.2530139454565321,0.45131771124357273,0.5830706363826033
2025-10-13,4403804.0,39.0,2025,10,4,13,0,286,42,0,0,0,-0.8660254037844386,0.5000000000000001,0.0,1.0,-0.9778483415056567,0.20931464596304888,697307.0,1071016.0,2533067.0,1348222.0,536842.0,1083398.0,2112983.0,879085.0,1041460.0,35.0,49.0,21.0,27.0,1433796.6666666667,970160.3235962263,697307.0,2533067.0,2154879.285714286,1923145.0006937175,697307.0,6313116.0,2148892.5714285714,1477159.1180898417,536842.0,6313116.0,1828981.7333333334,1186373.804584285,536842.0,6313116.0,1643498.1,949217.7490022347,536842.0,6313116.0,36.714285714285715,36.142857142857146,34.43333333333333,682,465124,2.26637897912955,4.009531501504405,0.32359446054485647,0.3812542177384968
2025-10-14,1012780.0,25.0,2025,10,4,14,1,287,42,0,0,0,-0.8660254037844386,0.5000000000000001,0.7818314824680298,0.6234898018587336,-0.9741004551724206,0.22611568550828803,4403804.0,697307.0,1071016.0,1336077.0,1770562.0,1514452.0,1625278.0,665849.0,943203.0,39.0,34.0,36.0,30.0,2057375.6666666667,2040639.3720528698,697307.0,4403804.0,2591391.0,2051994.5264355198,697307.0,6313116.0,2425104.1428571427,1513625.4652377805,697307.0,6313116.0,1946472.3666666667,1261229.3640730479,536842.0,6313116.0,1699537.1666666667,1010355.3824708583,536842.0,6313116.0,35.285714285714285,37.42857142857143,34.833333333333336,683,466489,-0.24197482630117875,0.5210355501022004,1.6993977365823991,2.2624539014347853
2025-10-15,929533.0,20.0,2025,10,4,15,2,288,42,0,0,0,-0.8660254037844386,0.5000000000000001,0.9749279121818236,-0.22252093395631434,-0.970063921851507,0.2428497220959358,1012780.0,4403804.0,697307.0,6313116.0,1745747.0,853152.0,1978677.0,2112983.0,2542433.0,25.0,38.0,36.0,50.0,2037963.6666666667,2054940.6720273779,697307.0,4403804.0,2545205.714285714,2088275.0898583513,697307.0,6313116.0,2370976.8571428573,1551897.697414108,697307.0,6313116.0,1958036.7333333334,1250628.2413834496,536842.0,6313116.0,1700696.7833333334,1009512.1769233444,536842.0,6313116.0,34.0,36.642857142857146,34.666666666666664,684,467856,-0.8527616156585749,-0.5600849604563785,0.39791675553589834,0.5172425944613704
2025-10-16,945517.0,26.0,2025,10,4,16,3,289,42,0,0,0,-0.8660254037844386,0.5000000000000001,0.43388373911755823,-0.900968867902419,-0.965739937654855,0.25951179706979943,929533.0,1012780.0,4403804.0,1785350.0,3125054.0,2671399.0,1574524.0,1625278.0,1402582.0,20.0,34.0,35.0,27.0,2115372.3333333335,1982277.007762621,929533.0,4403804.0,1776122.4285714286,1318975.8527912048,697307.0,4403804.0,2312675.8571428573,1592006.1352009666,697307.0,6313116.0,1918588.4,1264163.6924788803,536842.0,6313116.0,1673815.1166666667,1008191.7994830224,536842.0,6313116.0,31.428571428571427,35.5,33.666666666666664,685,469225,-0.47040244209818804,-0.4182429098283494,0.5233496210887006,0.48448797042659075
2025-10-17,1347031.0,19.0,2025,10,4,17,4,290,42,0,0,0,-0.8660254037844386,0.5000000000000001,-0.433883739117558,-0.9009688679024191,-0.9611297838723007,0.27609697309746883,945517.0,929533.0,1012780.0,2533067.0,3655232.0,3682465.0,1921894.0,1978677.0,2154100.0,26.0,37.0,43.0,36.0,962610.0,44177.412090382444,929533.0,1012780.0,1656146.2857142857,1355682.1227332652,697307.0,4403804.0,2156994.6428571427,1612884.1361329006,697307.0,6313116.0,1895929.7,1275642.0946851983,536842.0,6313116.0,1666197.3666666667,1011995.5157032341,536842.0,6313116.0,30.285714285714285,34.857142857142854,33.63333333333333,686,470596,-0.4682213301108893,-0.3192264326112852,0.570913939279346,0.4987088920016391
2025-10-18,1359306.0,33.0,2025,10,4,18,5,291,42,1,0,0,-0.8660254037844386,0.5000000000000001,-0.9749279121818236,-0.2225209339563146,-0.9562348265919058,0.2926003356333479,1347031.0,945517.0,929533.0,1071016.0,1942146.0,1421565.0,912630.0,1574524.0,2252757.0,19.0,30.0,39.0,43.0,1074027.0,236563.43774134407,929533.0,1347031.0,1486712.5714285714,1300823.5816431656,697307.0,4403804.0,1992123.142857143,1565220.7374164334,697307.0,6313116.0,1874874.8333333333,1279436.3428013544,536842.0,6313116.0,1652746.2166666666,1010763.4527561297,536842.0,6313116.0,27.714285714285715,33.142857142857146,33.06666666666667,687,471969,0.2691743167235597,-0.13668765925447945,0.9060466870914043,0.7184644948298327
2025-10-19,1112703.0,33.0,2025,10,4,19,6,292,42,1,0,0,-0.8660254037844386,0.5000000000000001,-0.7818314824680299,0.6234898018587334,-0.9510565162951536,0.30901699437494723,1359306.0,1347031.0,945517.0,697307.0,2224758.0,612004.0,1275601.0,1921894.0,1144791.0,33.0,35.0,39.0,36.0,1217284.6666666667,235437.71446039647,945517.0,1359306.0,1527896.857142857,1289987.5787884458,697307.0,4403804.0,1950491.7142857143,1574376.6238531193,697307.0,6313116.0,1867700.9,1281779.7425291236,536842.0,6313116.0,1637855.3666666667,1008352.5132194243,536842.0,6313116.0,28.142857142857142,32.714285714285715,32.733333333333334,688,473344,0.5957146565286165,-0.42103830908468415,0.889658221132728,0.7277964046598682
2025-10-20,2361793.0,39.0,2025,10,4,20,0,293,43,0,0,0,-0.8660254037844386,0.5000000000000001,0.0,1.0,-0.9455963874271428,0.3253420847119795,1112703.0,1359306.0,1347031.0,4403804.0,1348222.0,536842.0,1083398.0,912630.0,1021932.0,33.0,39.0,49.0,28.0,1273013.3333333333,138968.41776581766,1112703.0,1359306.0,1587239.142857143,1254476.2254074314,929533.0,4403804.0,1871059.2142857143,1587473.4988478345,697307.0,6313116.0,1840727.8666666667,1289093.21970354,536842.0,6313116.0,1637320.5666666667,1008626.9240392564,536842.0,6313116.0,27.857142857142858,32.285714285714285,32.63333333333333,689,474721,-0.46369252582540005,1.587897614586415,0.7010304685386323,0.604490767021944
2025-10-21,1220662.0,51.0,2025,10,4,21,1,294,43,0,0,0,-0.8660254037844386,0.5000000000000001,0.7818314824680298,0.6234898018587336,-0.9398560579418953,0.341570769167856,2361793.0,1112703.0,1359306.0,1012780.0,1336077.0,1770562.0,1514452.0,1275601.0,1232440.0,39.0,25.0,34.0,30.0,1611267.3333333333,661566.2039027784,1112703.0,2361793.0,1295523.2857142857,502240.42958152946,929533.0,2361793.0,1943457.142857143,1584905.1871426972,697307.0,6313116.0,1889033.3,1280237.3072027992,536842.0,6313116.0,1659651.5833333333,1009603.083631959,536842.0,6313116.0,27.857142857142858,31.571428571428573,33.0,690,476100,0.20525879263018623,-0.043069110168461766,1.823041720703482,1.2502654135318843
2025-10-22,3021171.0,38.0,2025,10,4,22,2,295,43,0,0,0,-0.8660254037844386,0.5000000000000001,0.9749279121818236,-0.22252093395631434,-0.9338372288229252,0.35769823883312546,1220662.0,2361793.0,1112703.0,929533.0,6313116.0,1745747.0,853152.0,1083398.0,1041255.0,51.0,20.0,38.0,28.0,1565052.6666666667,692105.5956213133,1112703.0,2361793.0,1325220.7142857143,488698.88143133617,929533.0,2361793.0,1935213.2142857143,1588603.367901368,697307.0,6313116.0,1887202.0,1281183.985253781,536842.0,6313116.0,1659455.2833333334,1009688.6968444408,536842.0,6313116.0,31.571428571428573,32.785714285714285,33.7,691,477481,2.2502030589554107,1.7886067723957402,0.9211009055634398,0.6468104633208316
2025-10-23,1631056.0,46.0,2025,10,4,23,3,296,43,0,0,0,-0.8660254037844386,0.5000000000000001,0.43388373911755823,-0.900968867902419,-0.9275416835791965,0.3737197147904692,3021171.0,1220662.0,2361793.0,945517.0,1785350.0,3125054.0,2671399.0,1514452.0,1325015.0,38.0,26.0,34.0,32.0,2201208.6666666665,910932.8520008096,1220662.0,3021171.0,1624026.142857143,766773.0428713203,945517.0,3021171.0,1700074.2857142857,1039481.95964554,697307.0,4403804.0,1951794.4333333333,1288090.7960511574,536842.0,6313116.0,1692453.8833333333,1021427.7831410677,536842.0,6313116.0,34.142857142857146,32.785714285714285,34.03333333333333,692,478864,0.7250414323592278,0.07699418667610462,1.8602970237196215,1.547894055031376
2025-10-24,1339005.0,39.0,2025,10,4,24,4,297,43,0,0,0,-0.8660254037844386,0.5000000000000001,-0.433883739117558,-0.9009688679024191,-0.9209712877166347,0.38963044953078774,1631056.0,3021171.0,1220662.0,1347031.0,2533067.0,3655232.0,3682465.0,853152.0,1203985.0,46.0,19.0,37.0,25.0,1957629.6666666667,943634.4284681068,1220662.0,3021171.0,1721960.2857142857,707128.2867150571,1112703.0,3021171.0,1689053.2857142857,1039326.2158989544,697307.0,4403804.0,1955681.2333333334,1286900.9900756832,536842.0,6313116.0,1697554.5666666667,1020325.3519247426,536842.0,6313116.0,37.0,33.642857142857146,34.5,693,480249,-0.005958289007454171,0.5694799988747609,0.9472088372371621,0.8340091279701904
2025-10-25,842315.0,32.0,2025,10,4,25,5,298,43,1,0,0,-0.8660254037844386,0.5000000000000001,-0.9749279121818236,-0.2225209339563146,-0.9141279881853337,0.4054257283599973,1339005.0,1631056.0,3021171.0,1359306.0,1071016.0,1942146.0,1421565.0,2671399.0,981164.0,39.0,33.0,30.0,41.0,1997077.3333333333,898832.2008196692,1339005.0,3021171.0,1720813.7142857143,707843.6812394189,1112703.0,3021171.0,1603763.142857143,1013407.0377304845,697307.0,4403804.0,1971876.3333333333,1275554.7950213763,536842.0,6313116.0,1699804.9,1019366.7745110887,536842.0,6313116.0,39.857142857142854,33.785714285714285,34.96666666666667,694,481636,-0.38033452364662557,-0.6846914294719733,0.7781231570180751,0.679051204867648
2025-10-26,627006.0,28.0,2025,10,4,26,6,299,43,1,0,0,-0.8660254037844386,0.5000000000000001,-0.7818314824680299,0.6234898018587334,-0.9070138128026362,0.42110087079608916,842315.0,1339005.0,1631056.0,1112703.0,697307.0,2224758.0,612004.0,3682465.0,1652779.0,32.0,33.0,35.0,38.0,1270792.0,398770.4243007518,842315.0,1631056.0,1646957.857142857,775579.9348978436,842315.0,3021171.0,1587427.357142857,1024438.5876811254,697307.0,4403804.0,1910906.8666666667,1284647.0008443287,536842.0,6313116.0,1697490.75,1021181.8635294485,536842.0,6313116.0,39.714285714285715,33.92857142857143,34.666666666666664,695,483025,-0.4365019236939237,-0.829731986590504,0.5114368873173527,0.4407933294359401
2025-10-27,1830883.0,37.0,2025,10,4,27,0,300,44,0,0,0,-0.8660254037844386,0.5000000000000001,0.0,1.0,-0.8996308696522434,0.4366512319560638,627006.0,842315.0,1339005.0,2361793.0,4403804.0,1348222.0,536842.0,1421565.0,539396.0,28.0,39.0,39.0,33.0,936108.6666666666,365148.7134447239,627006.0,1339005.0,1577572.5714285714,849540.9275887103,627006.0,3021171.0,1582405.857142857,1029298.0945089114,627006.0,4403804.0,1809058.2333333334,1260240.924952973,536842.0,6313116.0,1680394.5333333334,1030487.2397636184,536842.0,6313116.0,39.0,33.42857142857143,34.333333333333336,696,484416,-0.22479108033599896,0.2879347761094287,0.39744986148701517,0.346592491301229
2025-10-28,1531535.0,32.0,2025,10,4,28,1,301,44,0,0,0,-0.8660254037844386,0.5000000000000001,0.7818314824680298,0.6234898018587336,-0.8919813464595487,0.45207220393230374,1830883.0,627006.0,842315.0,1220662.0,1012780.0,1336077.0,1770562.0,612004.0,1077212.0,37.0,51.0,25.0,23.0,1100068.0,641994.8711158079,627006.0,1830883.0,1501728.2857142857,789431.9401522668,627006.0,3021171.0,1398625.7857142857,644593.5618977541,627006.0,3021171.0,1822702.1666666667,1258115.0252484349,536842.0,6313116.0,1701919.3166666667,1019681.7655382494,536842.0,6313116.0,38.714285714285715,33.285714285714285,34.46666666666667,697,485809,0.25467574152386163,1.5024918137789949,1.2191839345485553,1.0044882995603688
2025-10-29,4958502.0,42.0,2025,10,4,29,2,302,44,0,0,0,-0.8660254037844386,0.5000000000000001,0.9749279121818236,-0.22252093395631434,-0.8840675099433637,0.46735921715800205,1531535.0,1830883.0,627006.0,3021171.0,929533.0,6313116.0,1745747.0,536842.0,1263309.0,32.0,38.0,20.0,21.0,1329808.0,626777.7075479004,627006.0,1830883.0,1546138.7142857143,779668.8302184708,627006.0,3021171.0,1435679.7142857143,635554.0985684452,627006.0,3021171.0,1853353.2,1238652.6715132839,536842.0,6313116.0,1709491.3666666667,1016646.4870871992,536842.0,6313116.0,36.0,33.785714285714285,34.766666666666666,698,487204,0.6412516868459283,8.236427105181786,0.990554719217117,0.826358947663079
2025-10-30,1180303.0,34.0,2025,10,4,30,3,303,44,0,0,0,-0.8660254037844386,0.5000000000000001,0.43388373911755823,-0.900968867902419,-0.8758917051442433,0.48250774176121763,4958502.0,1531535.0,1830883.0,1631056.0,945517.0,1785350.0,3125054.0,1770562.0,956379.0,42.0,46.0,26.0,36.0,2773640.0,1898056.5785979596,1531535.0,4958502.0,1822900.2857142857,1447965.5317455723,627006.0,4958502.0,1723463.2142857143,1117886.0103862393,627006.0,4958502.0,2000741.8666666667,1335853.0470662005,627006.0,6313116.0,1771077.9166666667,1097841.116483268,536842.0,6313116.0,36.57142857142857,35.357142857142854,35.46666666666667,699,488601,-0.2763565444718023,-0.33337381012356526,2.720116969018445,2.4783317041598703
2025-10-31,2032657.0,30.0,2025,10,4,31,4,304,44,0,0,1,-0.8660254037844386,0.5000000000000001,-0.433883739117558,-0.9009688679024191,-0.8674563547295971,0.4975132889071803,1180303.0,4958502.0,1531535.0,1339005.0,1347031.0,2533067.0,3655232.0,1745747.0,801260.0,34.0,39.0,19.0,36.0,2556780.0,2087352.9657005768,1180303.0,4958502.0,1758507.0,1467805.9965852664,627006.0,4958502.0,1740233.642857143,1107025.952132847,627006.0,4958502.0,1981066.5666666667,1343684.0912765563,627006.0,6313116.0,1774809.9833333334,1095402.5410042917,536842.0,6313116.0,34.857142857142854,35.92857142857143,35.4,700,490000,0.5180354068879504,0.1643479839862248,0.67119607712679,0.5957916911323037
2025-11-01,1590171.0,35.0,2025,11,4,1,5,305,44,1,1,0,-0.5000000000000004,0.8660254037844384,-0.9749279121818236,-0.2225209339563146,-0.858763958275803,0.5123714121284235,2032657.0,1180303.0,4958502.0,842315.0,1359306.0,1071016.0,1942146.0,3125054.0,1372441.0,30.0,32.0,33.0,35.0,2723820.6666666665,1981660.2462304998,1180303.0,4958502.0,1857600.142857143,1458147.6148088744,627006.0,4958502.0,1789206.9285714286,1103452.9618257056,627006.0,4958502.0,1990630.2333333334,1342972.302331961,627006.0,6313116.0,1795333.2666666666,1088366.1373580222,536842.0,6313116.0,33.57142857142857,36.714285714285715,35.2,701,491401,0.8878578678997762,-0.491154072857621,1.0942381802757644,1.021112291958056
2025-11-02,878591.0,35.0,2025,11,4,2,6,306,44,1,0,0,-0.5000000000000004,0.8660254037844384,-0.7818314824680299,0.6234898018587334,-0.8498170915275277,0.5270777086423724,1590171.0,2032657.0,1180303.0,627006.0,1112703.0,697307.0,2224758.0,3655232.0,1747214.0,35.0,28.0,33.0,43.0,1601043.6666666667,426281.0064843746,1180303.0,2032657.0,1964436.7142857143,1397496.7414164413,627006.0,4958502.0,1805697.2857142857,1098246.9651038952,627006.0,4958502.0,1939467.4666666666,1327411.0788386948,627006.0,6313116.0,1798962.1,1087294.6809373558,536842.0,6313116.0,34.0,36.857142857142854,35.2,702,492804,0.4012481539251618,-0.7596346825591371,0.8094793731129177,0.8199008373845027
2025-11-03,1894947.0,35.0,2025,11,4,3,0,307,45,0,0,0,-0.5000000000000004,0.8660254037844384,0.0,1.0,-0.8406184056344783,0.5416278206559811,878591.0,1590171.0,2032657.0,1830883.0,2361793.0,4403804.0,1348222.0,1942146.0,1635748.0,35.0,37.0,39.0,39.0,1500473.0,582238.2514847325,878591.0,2032657.0,2000377.4285714286,1360102.9807047525,878591.0,4958502.0,1788975.0,1111314.9955001008,627006.0,4958502.0,1846912.7666666666,1300175.1176934673,627006.0,6313116.0,1784485.05,1093758.9024586445,536842.0,6313116.0,35.0,37.0,34.93333333333333,703,494209,0.03499076675025111,-0.024302498370359384,0.4392126143052147,0.4757079034034147
2025-11-04,3209583.0,36.0,2025,11,4,4,1,308,45,0,0,0,-0.5000000000000004,0.8660254037844384,0.7818314824680298,0.6234898018587336,-0.8311706263658079,0.5560174366570446,1894947.0,878591.0,1590171.0,1531535.0,1220662.0,1012780.0,1336077.0,2224758.0,2089629.0,35.0,32.0,51.0,39.0,1454569.6666666667,521570.3891952957,878591.0,1894947.0,2009529.4285714286,1358987.4667655888,878591.0,4958502.0,1755628.857142857,1099748.7594255956,627006.0,4958502.0,1845339.4666666666,1300084.4591139867,627006.0,6313116.0,1788805.0333333334,1093673.3551856554,536842.0,6313116.0,34.714285714285715,36.714285714285715,34.8,704,495616,1.095664153937063,0.4426661236862616,0.9429804674953752,1.0268826057370042
2025-11-05,2984946.0,33.0,2025,11,4,5,2,309,45,0,0,0,-0.5000000000000004,0.8660254037844384,0.9749279121818236,-0.22252093395631434,-0.8214765533024145,0.5702422926917867,3209583.0,1894947.0,878591.0,4958502.0,3021171.0,929533.0,6313116.0,1348222.0,1209730.0,36.0,42.0,38.0,49.0,1994373.6666666667,1168672.39744478,878591.0,3209583.0,2249250.5714285714,1407744.5273190087,878591.0,4958502.0,1897694.642857143,1152524.0136612963,627006.0,4958502.0,1878166.9666666666,1322240.0152012026,627006.0,6313116.0,1807470.9333333333,1108353.2836785135,536842.0,6313116.0,35.285714285714285,35.642857142857146,34.7,705,497025,-0.3980145616559195,1.2139870140080788,1.4269566231393644,1.7088911992187277
2025-11-06,1945403.0,33.0,2025,11,4,6,3,310,45,0,0,0,-0.5000000000000004,0.8660254037844384,0.43388373911755823,-0.900968867902419,-0.8115390590073611,0.5842981736283683,2984946.0,3209583.0,1894947.0,1180303.0,1631056.0,945517.0,1785350.0,1336077.0,1434273.0,33.0,34.0,46.0,34.0,2696492.0,703186.4871504518,1894947.0,3209583.0,1967314.0,869411.177504829,878591.0,3209583.0,1895107.142857143,1149845.2565862192,627006.0,4958502.0,1932724.4333333333,1333339.9044354411,627006.0,6313116.0,1837057.8666666667,1115795.7045011579,536842.0,6313116.0,34.0,35.285714285714285,34.166666666666664,706,498436,0.6482233799287133,0.45605605066175076,1.5172697393502004,1.5444239998828597
2025-11-07,1134004.0,33.0,2025,11,4,7,4,311,45,0,0,0,-0.5000000000000004,0.8660254037844384,-0.433883739117558,-0.9009688679024191,-0.801361088174677,0.5981809144059158,1945403.0,2984946.0,3209583.0,2032657.0,1339005.0,1347031.0,2533067.0,6313116.0,2676883.0,33.0,30.0,39.0,38.0,2713310.6666666665,674445.7604851006,1945403.0,3209583.0,2076614.0,799241.6323430189,878591.0,3209583.0,1917560.5,1147358.9071952477,627006.0,4958502.0,1953035.3,1328570.1462181888,627006.0,6313116.0,1845576.7,1114618.9740743781,536842.0,6313116.0,33.857142857142854,34.357142857142854,34.13333333333333,707,499849,-0.4421075469201149,-0.8203733306975509,0.9368149304589105,0.9960920829234372
2025-11-08,733300.0,23.0,2025,11,4,8,5,312,45,1,0,0,-0.5000000000000004,0.8660254037844384,-0.9749279121818236,-0.2225209339563146,-0.7909456567567774,0.6118864012687242,1134004.0,1945403.0,2984946.0,1590171.0,842315.0,1359306.0,1071016.0,1785350.0,2381340.0,33.0,35.0,32.0,34.0,2021451.0,927811.4278068556,1134004.0,2984946.0,1948235.0,875969.5906047957,878591.0,3209583.0,1902917.5714285714,1156581.6513819932,627006.0,4958502.0,1780398.2333333334,1049700.4864359696,627006.0,4958502.0,1819862.05,1112911.4583548894,536842.0,6313116.0,34.285714285714285,33.92857142857143,33.96666666666667,708,501264,-0.5388546263263511,-0.5892682107149858,0.5820673584038887,0.6369383988192754
2025-11-09,1593975.0,37.0,2025,11,4,9,6,313,45,1,0,0,-0.5000000000000004,0.8660254037844384,-0.7818314824680299,0.6234898018587334,-0.780295851070776,0.6254105729852457,733300.0,1134004.0,1945403.0,878591.0,627006.0,1112703.0,697307.0,2533067.0,2702569.0,23.0,35.0,28.0,37.0,1270902.3333333333,617538.8942441874,733300.0,1945403.0,1825824.857142857,987159.5503087682,733300.0,3209583.0,1895130.7857142857,1164610.6343225888,627006.0,4958502.0,1745329.9,1066960.8591804067,627006.0,4958502.0,1792394.7166666666,1119138.8583377977,536842.0,6313116.0,32.57142857142857,33.285714285714285,33.6,709,502681,0.8142400730260155,-0.3707331862915588,0.40162669334423723,0.42014979517625867
2025-11-10,2202149.0,44.0,2025,11,4,10,0,314,46,0,0,0,-0.5000000000000004,0.8660254037844384,0.0,1.0,-0.7694148268839381,0.6387494220515268,1593975.0,733300.0,1134004.0,1894947.0,1830883.0,2361793.0,4403804.0,1071016.0,979661.0,37.0,35.0,37.0,30.0,1153759.6666666667,430677.46479277767,733300.0,1593975.0,1928022.5714285714,906485.4873905148,733300.0,3209583.0,1964200.0,1111059.772350499,733300.0,4958502.0,1714026.8333333333,1056780.094620907,627006.0,4958502.0,1773918.15,1112991.8864372184,536842.0,6313116.0,32.857142857142854,33.92857142857143,33.6,710,504100,0.16211640747735953,1.0561308141054848,0.8267408398745777,0.9299591867532996
2025-11-11,1765350.0,38.0,2025,11,4,11,1,315,46,0,0,0,-0.5000000000000004,0.8660254037844384,0.7818314824680298,0.6234898018587336,-0.7583058084785625,0.6518989958787125,2202149.0,1593975.0,733300.0,3209583.0,1531535.0,1220662.0,1012780.0,697307.0,933494.0,44.0,36.0,32.0,35.0,1509808.0,738032.7967759963,733300.0,2202149.0,1971908.5714285714,912036.6468826527,733300.0,3209583.0,1990719.0,1112063.2360139643,733300.0,4958502.0,1751731.2666666666,1053219.8983190404,627006.0,4958502.0,1794292.95,1109389.316736784,536842.0,6313116.0,34.142857142857146,34.42857142857143,34.06666666666667,711,505521,-0.4499752771621734,1.5316682608951293,1.116760194619281,1.2571271872028773
2025-11-12,1121269.0,24.0,2025,11,4,12,2,316,46,0,0,0,-0.5000000000000004,0.8660254037844384,0.9749279121818236,-0.22252093395631434,-0.7469720876965551,0.6648553979642866,1765350.0,2202149.0,1593975.0,2984946.0,4958502.0,3021171.0,929533.0,4403804.0,879085.0,38.0,33.0,42.0,39.0,1853824.6666666667,313591.658929779,1593975.0,2202149.0,1765589.5714285714,730721.1980303789,733300.0,2984946.0,2007420.0714285714,1106377.8952026283,733300.0,4958502.0,1787332.7,1034228.7405621833,627006.0,4958502.0,1808157.2166666666,1103632.4039350664,536842.0,6313116.0,34.42857142857143,34.857142857142854,34.166666666666664,712,506944,-0.6243586986163234,-0.7453862615139093,0.9998643108044768,0.9877008348809374
2025-11-13,559713.0,23.0,2025,11,4,13,3,317,46,0,0,0,-0.5000000000000004,0.8660254037844384,0.43388373911755823,-0.900968867902419,-0.7354170229639858,0.6776147890466887,1121269.0,1765350.0,2202149.0,1945403.0,1180303.0,1631056.0,945517.0,1012780.0,665849.0,24.0,33.0,34.0,25.0,1696256.0,543742.4750991947,1121269.0,2202149.0,1499350.0,522151.8215698057,733300.0,2202149.0,1733332.0,730520.1513868818,733300.0,3209583.0,1677914.8666666667,914590.439100617,627006.0,4958502.0,1812193.6166666667,1100615.5995841455,536842.0,6313116.0,33.142857142857146,33.57142857142857,33.666666666666664,713,508369,-0.7122894330891851,-0.44734986867829146,0.7478367292493414,0.6682514245955188
2025-11-14,964628.0,31.0,2025,11,4,14,4,318,46,0,0,0,-0.5000000000000004,0.8660254037844384,-0.433883739117558,-0.9009688679024191,-0.7236440382959124,0.690173388242972,559713.0,1121269.0,1765350.0,1134004.0,2032657.0,1339005.0,1347031.0,929533.0,2112983.0,23.0,33.0,30.0,20.0,1148777.3333333333,603289.0478405308,559713.0,1765350.0,1301394.2857142857,583881.310405266,559713.0,2202149.0,1689004.142857143,783562.2329624242,559713.0,3209583.0,1662812.6333333333,929570.2226769957,559713.0,4958502.0,1810424.6833333333,1102572.8090204764,536842.0,6313116.0,31.714285714285715,32.785714285714285,33.6,714,509796,-0.14936102518156902,0.03775551809349426,0.4300871812210201,0.3366061748508486
2025-11-15,2169957.0,32.0,2025,11,4,15,5,319,46,1,0,0,-0.5000000000000004,0.8660254037844384,-0.9749279121818236,-0.2225209339563146,-0.711656622281775,0.7025274741691566,964628.0,559713.0,1121269.0,733300.0,1590171.0,842315.0,1359306.0,945517.0,1625278.0,31.0,23.0,35.0,26.0,881870.0,289780.86584003805,559713.0,1121269.0,1277197.7142857143,595370.7546287752,559713.0,2202149.0,1612716.357142857,799362.8708422577,559713.0,3209583.0,1663982.4666666666,928637.2082901266,559713.0,4958502.0,1791285.4333333333,1107189.0885726567,536842.0,6313116.0,31.428571428571427,32.857142857142854,33.96666666666667,715,511225,1.9591667803081958,1.2949952248346672,0.7552691249055968,0.5797104352501792
2025-11-16,1708105.0,35.0,2025,11,4,16,6,320,46,1,0,0,-0.5000000000000004,0.8660254037844384,-0.7818314824680299,0.6234898018587334,-0.6994583270516471,0.7146733860429608,2169957.0,964628.0,559713.0,1593975.0,878591.0,627006.0,1112703.0,1347031.0,1978677.0,32.0,37.0,35.0,19.0,1231432.6666666667,837621.6225124169,559713.0,2169957.0,1482434.4285714286,623583.4171934165,559713.0,2202149.0,1654129.642857143,813007.284871671,559713.0,3209583.0,1704797.1333333333,922860.7577030938,559713.0,4958502.0,1800363.4166666667,1108037.5237940438,536842.0,6313116.0,32.714285714285715,32.642857142857146,34.166666666666664,716,512656,0.0716008720337521,0.26805173748785294,1.4637794145749254,1.2728535012005535
2025-11-17,1193168.0,41.0,2025,11,4,17,0,321,47,0,0,0,-0.5000000000000004,0.8660254037844384,0.0,1.0,-0.6870527672236675,0.7266075247685652,1708105.0,2169957.0,964628.0,2202149.0,1894947.0,1830883.0,2361793.0,1359306.0,1574524.0,35.0,44.0,35.0,33.0,1614230.0,608123.2492505107,964628.0,2169957.0,1498738.7142857143,628458.7985431006,559713.0,2202149.0,1713380.642857143,781765.9794882197,559713.0,3209583.0,1716832.9333333333,920385.1496373102,559713.0,4958502.0,1795853.8833333333,1107850.0925176772,536842.0,6313116.0,32.42857142857143,32.642857142857146,34.7,717,514089,-0.45818016855353566,-0.12222266362393751,1.1396949873374478,0.9949162593727815
2025-11-18,822869.0,34.0,2025,11,4,18,1,322,47,0,0,0,-0.5000000000000004,0.8660254037844384,0.7818314824680298,0.6234898018587336,-0.6744436188329457,0.7383263540031063,1193168.0,1708105.0,2169957.0,1765350.0,3209583.0,1531535.0,1220662.0,1112703.0,1921894.0,41.0,38.0,36.0,33.0,1690410.0,488634.85589855176,1193168.0,2169957.0,1354598.5714285714,551198.0186674764,559713.0,2169957.0,1663253.5714285714,791664.8150764068,559713.0,3209583.0,1711295.0,923106.3614080832,559713.0,4958502.0,1789497.95,1110232.814990292,536842.0,6313116.0,32.0,33.07142857142857,34.96666666666667,718,515524,-0.5338777013056901,-0.26047741400894936,0.8808277412707403,0.6972310443260805
2025-11-19,1082120.0,38.0,2025,11,4,19,2,323,47,0,0,0,-0.5000000000000004,0.8660254037844384,0.9749279121818236,-0.22252093395631434,-0.661634618242279,0.749826401204568,822869.0,1193168.0,1708105.0,1121269.0,2984946.0,4958502.0,3021171.0,2361793.0,912630.0,34.0,24.0,33.0,39.0,1241380.6666666667,444582.9954511687,822869.0,1708105.0,1219958.4285714286,549247.8735015288,559713.0,2169957.0,1492774.0,682515.5325916981,559713.0,2984946.0,1701633.8666666667,931069.5283083102,559713.0,4958502.0,1771180.8666666667,1117056.5831366514,536842.0,6313116.0,31.428571428571427,32.92857142857143,35.0,719,516961,-0.03491490445200929,-0.5418226745527657,0.6745057706298891,0.48357582445859487
2025-11-20,1338874.0,41.0,2025,11,4,20,3,324,47,0,0,0,-0.5000000000000004,0.8660254037844384,0.43388373911755823,-0.900968867902419,-0.6486295610349818,0.7611042586607742,1082120.0,822869.0,1193168.0,559713.0,1945403.0,1180303.0,1631056.0,1220662.0,1275601.0,38.0,23.0,33.0,51.0,1032719.0,190028.107002626,822869.0,1193168.0,1214365.7142857143,550617.8709993926,559713.0,2169957.0,1356857.857142857,536311.5870074469,559713.0,2202149.0,1658978.1,929093.4670800637,559713.0,4958502.0,1774005.7,1115061.1877421152,536842.0,6313116.0,33.42857142857143,33.285714285714285,34.96666666666667,720,518400,1.3920723656588287,0.0968425329861993,0.8910989393639949,0.6522810638669673
2025-11-21,1491600.0,30.0,2025,11,4,21,4,325,47,0,0,0,-0.5000000000000004,0.8660254037844384,-0.433883739117558,-0.9009688679024191,-0.6354323008901775,0.7721565844991641,1338874.0,1082120.0,822869.0,964628.0,1134004.0,2032657.0,1339005.0,3021171.0,1083398.0,41.0,31.0,33.0,38.0,1081287.6666666667,258003.5069341783,822869.0,1338874.0,1325674.4285714286,468914.5208069571,822869.0,2169957.0,1313534.357142857,508909.2871762651,559713.0,2202149.0,1662918.5,927419.5805884632,559713.0,4958502.0,1775060.25,1114611.669998723,536842.0,6313116.0,36.0,33.857142857142854,34.63333333333333,721,519841,0.5462955667884407,-0.5062841527341551,1.0099568726258041,0.8051350682549987
2025-11-22,736629.0,28.0,2025,11,4,22,5,326,47,1,0,0,-0.5000000000000004,0.8660254037844384,-0.9749279121818236,-0.2225209339563146,-0.622046748440868,0.7829801036770624,1491600.0,1338874.0,1082120.0,2169957.0,733300.0,1590171.0,842315.0,1631056.0,1514452.0,30.0,32.0,23.0,46.0,1304198.0,206930.63169091285,1082120.0,1491600.0,1400956.142857143,442867.6218824411,822869.0,2169957.0,1339076.9285714286,508178.86888249667,559713.0,2202149.0,1611932.8,891523.6705979891,559713.0,4958502.0,1781863.6166666667,1111559.960613592,536842.0,6313116.0,35.857142857142854,33.642857142857146,34.36666666666667,722,521284,-0.6605329045690768,-0.5483729559254863,1.064701423813308,0.9253487490297362
2025-11-23,370116.0,16.0,2025,11,4,23,6,327,47,1,0,0,-0.5000000000000004,0.8660254037844384,-0.7818314824680299,0.6234898018587334,-0.6084768701151264,0.7935716089521472,736629.0,1491600.0,1338874.0,1708105.0,1593975.0,878591.0,627006.0,1339005.0,853152.0,28.0,35.0,37.0,39.0,1189034.3333333333,399166.9412543254,736629.0,1491600.0,1196195.0,349587.55177875765,736629.0,1708105.0,1339314.7142857143,507874.2988018369,559713.0,2202149.0,1582118.5666666667,905704.9757927648,559713.0,4958502.0,1768899.9,1119240.7396972089,536842.0,6313116.0,35.285714285714285,34.0,33.766666666666666,723,522729,-0.7833177702775883,-0.7235887842091703,0.6158101312913028,0.46559658392227116
2025-11-24,482482.0,15.0,2025,11,4,24,0,328,48,0,0,0,-0.5000000000000004,0.8660254037844384,0.0,1.0,-0.594726686960764,0.8039279618328208,370116.0,736629.0,1491600.0,1193168.0,2202149.0,1894947.0,1830883.0,842315.0,2671399.0,16.0,41.0,44.0,32.0,866115.0,571844.8729428307,370116.0,1491600.0,1005053.7142857143,386841.58397665824,370116.0,1491600.0,1251896.2142857143,563005.5548739799,370116.0,2202149.0,1549822.2666666666,931578.1581513633,370116.0,4958502.0,1760849.3,1127644.940688806,370116.0,6313116.0,32.57142857142857,32.5,33.0,724,524176,-0.5956294503372535,-0.4271952891732903,0.36825494472505804,0.2388118998935534
2025-11-25,211765.0,9.0,2025,11,4,25,1,329,48,0,0,0,-0.5000000000000004,0.8660254037844384,0.7818314824680298,0.6234898018587336,-0.5808002734538013,0.8140460935082175,482482.0,370116.0,736629.0,822869.0,1765350.0,3209583.0,1531535.0,627006.0,3682465.0,15.0,34.0,38.0,28.0,529742.3333333334,187771.40123654908,370116.0,736629.0,903527.1428571428,420994.688347499,370116.0,1491600.0,1129062.857142857,526122.5155838644,370116.0,2169957.0,1537827.8333333333,943245.1467129445,370116.0,4958502.0,1724367.35,1133082.415513388,370116.0,6313116.0,28.857142857142858,30.428571428571427,32.43333333333333,725,525625,-0.7426504097249987,-0.6622600102710341,0.5339983461640018,0.31374253316393136
2025-11-26,0.0,0.0,2025,11,4,26,2,330,48,0,0,0,-0.5000000000000004,0.8660254037844384,0.9749279121818236,-0.22252093395631434,-0.5667017562911184,0.8239230057575536,211765.0,482482.0,370116.0,1082120.0,1121269.0,2984946.0,4958502.0,1830883.0,1421565.0,9.0,38.0,24.0,37.0,354787.6666666667,136007.87431004838,211765.0,482482.0,816226.5714285715,497007.4720396906,211765.0,1491600.0,1018092.5,545092.5021362896,211765.0,2169957.0,1523986.4666666666,959969.9980955494,211765.0,4958502.0,1666522.35,1119940.4242719188,211765.0,6313116.0,25.285714285714285,28.357142857142858,31.8,726,527076,-1.0,-1.0,0.25944389390480865,0.1389546460101986
2025-11-27,101700.0,1.0,2025,11,4,27,3,331,48,0,0,0,-0.5000000000000004,0.8660254037844384,0.43388373911755823,-0.900968867902419,-0.5524353131676203,0.8335557718385695,0.0,211765.0,482482.0,1338874.0,559713.0,1945403.0,1180303.0,1531535.0,612004.0,0.0,41.0,23.0,32.0,231415.66666666666,241840.50861329763,0.0,482482.0,661638.0,564260.8260981776,0.0,1491600.0,938001.8571428572,607561.3080736304,0.0,2169957.0,1462957.0333333334,997260.7488807044,0.0,4958502.0,1642829.6,1140066.445705274,0.0,6313116.0,19.857142857142858,26.642857142857142,30.566666666666666,727,528529,-0.9240406490827366,-0.9335960327383964,0.0,0.0
